split,clean_class,clean_filename,clean_relative_path,size_bytes,sha256,source_relative_path,source_match_count
train,0 hr Beef,0_hr_Beef_0000.jpg,train/0 hr Beef/0_hr_Beef_0000.jpg,792796,8aeb751a8bbcc28378b79b2415fc2cb3a14b34438696044e4170f5e1db38a1cf,Beef/0 hr Beef images/1222.jpg|Beef/0 hr Beef images/1223.jpg,2
train,0 hr Beef,0_hr_Beef_0001.jpg,train/0 hr Beef/0_hr_Beef_0001.jpg,836289,befde1deb987e282bc946777574e2a58ce389f0601980156a41310c90aa176ce,Beef/0 hr Beef images/1176.jpg|Beef/0 hr Beef images/1177.jpg,2
train,0 hr Beef,0_hr_Beef_0002.jpg,train/0 hr Beef/0_hr_Beef_0002.jpg,782805,ed2808f239743ac8f4f17f7918506fe9af45a0d3f43ea0cb3d076086e9c0b64b,Beef/0 hr Beef images/1082.jpg|Beef/0 hr Beef images/1083.jpg,2
train,0 hr Beef,0_hr_Beef_0003.jpg,train/0 hr Beef/0_hr_Beef_0003.jpg,768388,8418dfa23ff6c823bf4c99a42bc98051c7a6631e27dad9eed3fdbf571657cf8a,Beef/0 hr Beef images/1362.jpg|Beef/0 hr Beef images/1363.jpg,2
train,0 hr Beef,0_hr_Beef_0004.jpg,train/0 hr Beef/0_hr_Beef_0004.jpg,765130,f3d60636b6901dc281f46b2a3953e326796c5a7ba821b3230ec5ef6bf1461803,Beef/0 hr Beef images/1136.jpg|Beef/0 hr Beef images/1137.jpg,2
train,0 hr Beef,0_hr_Beef_0005.jpg,train/0 hr Beef/0_hr_Beef_0005.jpg,785328,7f6fdb2c5e2f6b72ece65273c28ee4cdc89aaa81e0bc0f1f02c690af52e89fb5,Beef/0 hr Beef images/1310.jpg|Beef/0 hr Beef images/1311.jpg,2
train,0 hr Beef,0_hr_Beef_0006.jpg,train/0 hr Beef/0_hr_Beef_0006.jpg,787201,b72473831d43799e84eb86d4fbca4cd1cba47bba358f94f38651a88f8b584f45,Beef/0 hr Beef images/1030.jpg|Beef/0 hr Beef images/1031.jpg,2
train,0 hr Beef,0_hr_Beef_0007.jpg,train/0 hr Beef/0_hr_Beef_0007.jpg,813530,6c6885853ca2ca6ee939717694b2f972d4f428bc9ec80a4aff184c759a4827f5,Beef/0 hr Beef images/1380.jpg|Beef/0 hr Beef images/1381.jpg|Beef/0 hr Beef images/1435.jpg,3
train,0 hr Beef,0_hr_Beef_0008.jpg,train/0 hr Beef/0_hr_Beef_0008.jpg,787477,2ee7e76568bc1054d9ce2861a991497b57c85fe66a88928ffa850ee57570aa01,Beef/0 hr Beef images/1034.jpg|Beef/0 hr Beef images/1035.jpg,2
train,0 hr Beef,0_hr_Beef_0009.jpg,train/0 hr Beef/0_hr_Beef_0009.jpg,788780,91309ae301bfa13877e4fb8063bb7d89efc562ce6ee3c9db25bbd5521093d2b2,Beef/0 hr Beef images/1156.jpg|Beef/0 hr Beef images/1157.jpg|Beef/0 hr Beef images/1418.jpg,3
train,0 hr Beef,0_hr_Beef_0010.jpg,train/0 hr Beef/0_hr_Beef_0010.jpg,802108,a65630cfe0306b9bebd11bf9effd95cdf72f79d43c2202723c6652961062e1a4,Beef/0 hr Beef images/1064.jpg|Beef/0 hr Beef images/1065.jpg,2
train,0 hr Beef,0_hr_Beef_0011.jpg,train/0 hr Beef/0_hr_Beef_0011.jpg,793336,571242b165e75e97336f24c72eee87a3b6fc2d2818f82960a5ac69b23ae0c8d0,Beef/0 hr Beef images/1010.jpg|Beef/0 hr Beef images/1011.jpg,2
train,0 hr Beef,0_hr_Beef_0012.jpg,train/0 hr Beef/0_hr_Beef_0012.jpg,806809,e28e14c4cbee62f2b4b20eb33df7670895dd29c14285393f3e6c2e0426a10edb,Beef/0 hr Beef images/1264.jpg|Beef/0 hr Beef images/1265.jpg|Beef/0 hr Beef images/1410.jpg,3
train,0 hr Beef,0_hr_Beef_0013.jpg,train/0 hr Beef/0_hr_Beef_0013.jpg,778698,8888c7cff8d556cc895846ca6669645387a49722e6f5e8927e807c8abdbc9fb1,Beef/0 hr Beef images/1278.jpg|Beef/0 hr Beef images/1279.jpg|Beef/0 hr Beef images/1443.jpg,3
train,0 hr Beef,0_hr_Beef_0014.jpg,train/0 hr Beef/0_hr_Beef_0014.jpg,816708,dad7fa2dbeba60126d7cd7ae3f7f1df80de64353067372a95b6613b5db1d03f5,Beef/0 hr Beef images/1088.jpg|Beef/0 hr Beef images/1089.jpg,2
train,0 hr Beef,0_hr_Beef_0015.jpg,train/0 hr Beef/0_hr_Beef_0015.jpg,809957,278bbd8c80bbb7a2b346c1b6376a60dafba24e9ea9b2692b2f507a98b732be92,Beef/0 hr Beef images/1170.jpg|Beef/0 hr Beef images/1171.jpg,2
train,0 hr Beef,0_hr_Beef_0016.jpg,train/0 hr Beef/0_hr_Beef_0016.jpg,806500,46c7a4185e2ffde49f8e2e162fa31d05bdcd851eef46e9437fdd4a3ef8945e4b,Beef/0 hr Beef images/1180.jpg|Beef/0 hr Beef images/1181.jpg,2
train,0 hr Beef,0_hr_Beef_0017.jpg,train/0 hr Beef/0_hr_Beef_0017.jpg,800471,c016c813c63cc064bde1a88475d72f6410dfeb4cca6013d60850c08f3a1c07c1,Beef/0 hr Beef images/1014.jpg|Beef/0 hr Beef images/1015.jpg|Beef/0 hr Beef images/1448.jpg,3
train,0 hr Beef,0_hr_Beef_0018.jpg,train/0 hr Beef/0_hr_Beef_0018.jpg,801721,1fe711819f7fd1bb3bc0c122dfd86ea17d3b281b9996f0f05716a45e9ad056e9,Beef/0 hr Beef images/1032.jpg|Beef/0 hr Beef images/1033.jpg,2
train,0 hr Beef,0_hr_Beef_0019.jpg,train/0 hr Beef/0_hr_Beef_0019.jpg,813746,a5c01bb09d44cbafc529df8f0e594ee379ff625b8eace58eee85bc93455b39ff,Beef/0 hr Beef images/1306.jpg|Beef/0 hr Beef images/1307.jpg|Beef/0 hr Beef images/1421.jpg,3
train,0 hr Beef,0_hr_Beef_0020.jpg,train/0 hr Beef/0_hr_Beef_0020.jpg,763340,d2384a9d9d16c5a039581fc6d477ab78749289e9f6914c77224b365a39cc3359,Beef/0 hr Beef images/1260.jpg|Beef/0 hr Beef images/1261.jpg,2
train,0 hr Beef,0_hr_Beef_0021.jpg,train/0 hr Beef/0_hr_Beef_0021.jpg,774290,0bb754c9f6e73ff43fb9e88ec12ca0c24de4361293a5b64581011c91c3a19f74,Beef/0 hr Beef images/1232.jpg|Beef/0 hr Beef images/1233.jpg,2
train,0 hr Beef,0_hr_Beef_0022.jpg,train/0 hr Beef/0_hr_Beef_0022.jpg,794066,aeb45a4c4e0eb29ac6769f7c498140f7a2afb6f3f02cb9656cb429a683814527,Beef/0 hr Beef images/1396.jpg|Beef/0 hr Beef images/1397.jpg,2
train,0 hr Beef,0_hr_Beef_0023.jpg,train/0 hr Beef/0_hr_Beef_0023.jpg,807526,a5f8b522e8e003a1c57bea2ce33761295cec1fe8d7d76b68d25c29eb005185eb,Beef/0 hr Beef images/1098.jpg|Beef/0 hr Beef images/1099.jpg,2
train,0 hr Beef,0_hr_Beef_0024.jpg,train/0 hr Beef/0_hr_Beef_0024.jpg,771170,9f0ad888d50c4e2be42531cc78192a36723956353c76570baad12aeffb2c1077,Beef/0 hr Beef images/1162.jpg|Beef/0 hr Beef images/1163.jpg,2
train,0 hr Beef,0_hr_Beef_0025.jpg,train/0 hr Beef/0_hr_Beef_0025.jpg,807848,7faa0aa7caff97a32560f5bebe350f1b3e791afa8a7137c52088129e5294d8a4,Beef/0 hr Beef images/1372.jpg|Beef/0 hr Beef images/1373.jpg,2
train,0 hr Beef,0_hr_Beef_0026.jpg,train/0 hr Beef/0_hr_Beef_0026.jpg,780346,1399e27ba96c4d2021b0f4adfb4857e9b9050534d4e7c9a63800d8b0ace5778a,Beef/0 hr Beef images/1036.jpg|Beef/0 hr Beef images/1037.jpg,2
train,0 hr Beef,0_hr_Beef_0027.jpg,train/0 hr Beef/0_hr_Beef_0027.jpg,765516,ee26f4a221c30cd4b9451fe85c0aaaadefd00e3cb6895dd02ee3b910a8062889,Beef/0 hr Beef images/1308.jpg|Beef/0 hr Beef images/1309.jpg,2
train,0 hr Beef,0_hr_Beef_0028.jpg,train/0 hr Beef/0_hr_Beef_0028.jpg,784923,8d8023ce8a5a5a2b40632d11749438e46476eb9cb91090237da5d31339117afb,Beef/0 hr Beef images/1390.jpg|Beef/0 hr Beef images/1391.jpg|Beef/0 hr Beef images/1437.jpg,3
train,0 hr Beef,0_hr_Beef_0029.jpg,train/0 hr Beef/0_hr_Beef_0029.jpg,786120,e56dd6219bdf00cb8af3cf41ef7064352c09c0dc45965b33dcb97cb15c9f4eb3,Beef/0 hr Beef images/1388.jpg|Beef/0 hr Beef images/1389.jpg,2
train,0 hr Beef,0_hr_Beef_0030.jpg,train/0 hr Beef/0_hr_Beef_0030.jpg,776612,3331965c33c25da837f18d07e8b0a5c4dae17188ff0af0fe741b1c5846bea315,Beef/0 hr Beef images/1340.jpg|Beef/0 hr Beef images/1341.jpg,2
train,0 hr Beef,0_hr_Beef_0031.jpg,train/0 hr Beef/0_hr_Beef_0031.jpg,795126,17117a272222142cc6c0ddf9eec525430939a84985780ee20b809d9e7042f08e,Beef/0 hr Beef images/1304.jpg|Beef/0 hr Beef images/1305.jpg|Beef/0 hr Beef images/1416.jpg,3
train,0 hr Beef,0_hr_Beef_0032.jpg,train/0 hr Beef/0_hr_Beef_0032.jpg,806509,3b8a3570b1dbe4a520b7285045d9f5e7b78c8aea07d621351bdccc5111775fb6,Beef/0 hr Beef images/1024.jpg|Beef/0 hr Beef images/1025.jpg,2
train,0 hr Beef,0_hr_Beef_0033.jpg,train/0 hr Beef/0_hr_Beef_0033.jpg,805590,b5dc8b58d7072f3f94766a00d4368c4826f253d0a6c488f3aade36d551948e25,Beef/0 hr Beef images/1094.jpg|Beef/0 hr Beef images/1095.jpg|Beef/0 hr Beef images/1427.jpg,3
train,0 hr Beef,0_hr_Beef_0034.jpg,train/0 hr Beef/0_hr_Beef_0034.jpg,796319,bd1d9bed7a55885ca81b2ff60414be9508bdff6ca08f83d44036573bb7da2949,Beef/0 hr Beef images/1328.jpg|Beef/0 hr Beef images/1329.jpg|Beef/0 hr Beef images/1412.jpg,3
train,0 hr Beef,0_hr_Beef_0035.jpg,train/0 hr Beef/0_hr_Beef_0035.jpg,790554,f5ce81dc18e7a3b943fc0b97e54d83219fd2b8540e6bd86e68ca46e6ddd08d6c,Beef/0 hr Beef images/1318.jpg|Beef/0 hr Beef images/1319.jpg,2
train,0 hr Beef,0_hr_Beef_0036.jpg,train/0 hr Beef/0_hr_Beef_0036.jpg,762661,614e634a59c3e435b346841c34a9dc70d82ac56a714ce48821599704f48d509a,Beef/0 hr Beef images/1196.jpg|Beef/0 hr Beef images/1197.jpg,2
train,0 hr Beef,0_hr_Beef_0037.jpg,train/0 hr Beef/0_hr_Beef_0037.jpg,834582,94e4228c3633c83bca4991cd02fb23e13b331807e6b0a44ee932e6171abd19b6,Beef/0 hr Beef images/1174.jpg|Beef/0 hr Beef images/1175.jpg,2
train,0 hr Beef,0_hr_Beef_0038.jpg,train/0 hr Beef/0_hr_Beef_0038.jpg,788994,aa7f2e65091ab4208a7e8b3e29e40ddeffee6ec8e3ad1419242e27f4ea95982f,Beef/0 hr Beef images/1218.jpg|Beef/0 hr Beef images/1219.jpg,2
train,0 hr Beef,0_hr_Beef_0039.jpg,train/0 hr Beef/0_hr_Beef_0039.jpg,809773,83a6fe8d9fd31bf7c11915ecefacd37f064416df3c5b87ec3f457ccf5917dab9,Beef/0 hr Beef images/1016.jpg|Beef/0 hr Beef images/1017.jpg|Beef/0 hr Beef images/1415.jpg,3
train,0 hr Beef,0_hr_Beef_0040.jpg,train/0 hr Beef/0_hr_Beef_0040.jpg,796155,9473336b95d3c103ea930a203404dbee7f0eba271df8f7eaa71c2e3a6d2382ca,Beef/0 hr Beef images/1212.jpg|Beef/0 hr Beef images/1213.jpg,2
train,0 hr Beef,0_hr_Beef_0041.jpg,train/0 hr Beef/0_hr_Beef_0041.jpg,783333,0cb8f54aa6ac8016e1e1bfa70307bde2b48e49131755e4b1bf98a74e8747b9ea,Beef/0 hr Beef images/1168.jpg|Beef/0 hr Beef images/1169.jpg,2
train,0 hr Beef,0_hr_Beef_0042.jpg,train/0 hr Beef/0_hr_Beef_0042.jpg,809780,a2270ee64f057dd449f01a19d4b0000763b7e8dbfbf91cc55b6607e31c54d4e8,Beef/0 hr Beef images/1186.jpg|Beef/0 hr Beef images/1187.jpg,2
train,0 hr Beef,0_hr_Beef_0043.jpg,train/0 hr Beef/0_hr_Beef_0043.jpg,732226,d79fb4c5967a000c1112e18295b9812f5a08d696c07e6e141d7a098c82765ae6,Beef/0 hr Beef images/1114.jpg|Beef/0 hr Beef images/1115.jpg,2
train,0 hr Beef,0_hr_Beef_0044.jpg,train/0 hr Beef/0_hr_Beef_0044.jpg,769322,c4ea680cddb59f7ea337612267c9fc279445a18128896d9158aa944d53f61851,Beef/0 hr Beef images/1274.jpg|Beef/0 hr Beef images/1275.jpg,2
train,0 hr Beef,0_hr_Beef_0045.jpg,train/0 hr Beef/0_hr_Beef_0045.jpg,748133,32b499223d02897039512daaaa76a2629361ff305bae38ada5b39410430d756b,Beef/0 hr Beef images/1206.jpg|Beef/0 hr Beef images/1207.jpg|Beef/0 hr Beef images/1432.jpg,3
train,0 hr Beef,0_hr_Beef_0046.jpg,train/0 hr Beef/0_hr_Beef_0046.jpg,806886,d30705c7f11e8259ab7e2dbad508f989d3d2af0c10c5f589ba34f61f6bc75bff,Beef/0 hr Beef images/1066.jpg|Beef/0 hr Beef images/1067.jpg,2
train,0 hr Beef,0_hr_Beef_0047.jpg,train/0 hr Beef/0_hr_Beef_0047.jpg,724454,f8dc20fbd5c09e6833fb74a4218e6390b6635219f7cb11a84db028302d0a7299,Beef/0 hr Beef images/1004.jpg|Beef/0 hr Beef images/1005.jpg|Beef/0 hr Beef images/1445.jpg,3
train,0 hr Beef,0_hr_Beef_0048.jpg,train/0 hr Beef/0_hr_Beef_0048.jpg,757637,9c98828959ce02ebc28daa1af955a19b74373291626b4b7c764a30467396f0ef,Beef/0 hr Beef images/1126.jpg|Beef/0 hr Beef images/1127.jpg,2
train,0 hr Beef,0_hr_Beef_0049.jpg,train/0 hr Beef/0_hr_Beef_0049.jpg,829487,f7c7ca6a9524a553e9e9b9aaf440bbf8f0320e70f07b2c0d17fb90a45fa825b8,Beef/0 hr Beef images/1042.jpg|Beef/0 hr Beef images/1043.jpg,2
train,0 hr Beef,0_hr_Beef_0050.jpg,train/0 hr Beef/0_hr_Beef_0050.jpg,830586,04e12bfad27730907e9659c962098a3922d47196f420b47ea4e1b8f4369077ac,Beef/0 hr Beef images/1280.jpg|Beef/0 hr Beef images/1281.jpg,2
train,0 hr Beef,0_hr_Beef_0051.jpg,train/0 hr Beef/0_hr_Beef_0051.jpg,795987,e008b1dde526e37055f1208f2b2bab22fa7d1914d7f84d01b6d9baef0c901f84,Beef/0 hr Beef images/1134.jpg|Beef/0 hr Beef images/1135.jpg,2
train,0 hr Beef,0_hr_Beef_0052.jpg,train/0 hr Beef/0_hr_Beef_0052.jpg,786172,8e60c0be5da5737e8b9a6490c21016b528898e8208dbf36e7bffdc36445b12b0,Beef/0 hr Beef images/1242.jpg|Beef/0 hr Beef images/1243.jpg|Beef/0 hr Beef images/1406.jpg,3
train,0 hr Beef,0_hr_Beef_0053.jpg,train/0 hr Beef/0_hr_Beef_0053.jpg,750654,9ca8ae2c002bc3673bca99a1beeb89e7b25957b746e15c9e3db8fb4cd9e8f3c5,Beef/0 hr Beef images/1128.jpg|Beef/0 hr Beef images/1129.jpg,2
train,0 hr Beef,0_hr_Beef_0054.jpg,train/0 hr Beef/0_hr_Beef_0054.jpg,806415,4e33978e824bf743a44f2d7891e596afba4aa1940cc37583d9353e11c849d8d2,Beef/0 hr Beef images/1142.jpg|Beef/0 hr Beef images/1143.jpg,2
train,0 hr Beef,0_hr_Beef_0055.jpg,train/0 hr Beef/0_hr_Beef_0055.jpg,759360,b511be659f1f6f91d9fd9eb5089968a412d7b677736a9040702a837c7fa47c42,Beef/0 hr Beef images/1144.jpg|Beef/0 hr Beef images/1145.jpg|Beef/0 hr Beef images/1409.jpg,3
train,0 hr Beef,0_hr_Beef_0056.jpg,train/0 hr Beef/0_hr_Beef_0056.jpg,700523,68f831346c4fbf3fcbd273fc7a6d73ccde1be649e80a24a5b4740b2a2ce159d4,Beef/0 hr Beef images/1248.jpg|Beef/0 hr Beef images/1249.jpg,2
train,0 hr Beef,0_hr_Beef_0057.jpg,train/0 hr Beef/0_hr_Beef_0057.jpg,796675,ad3e4f3c15a41685a834d7b7911278265fe196244d956be5b9e219fd63751231,Beef/0 hr Beef images/1376.jpg|Beef/0 hr Beef images/1377.jpg,2
train,0 hr Beef,0_hr_Beef_0058.jpg,train/0 hr Beef/0_hr_Beef_0058.jpg,807778,a608089c7645ef81c4a7756e963f947cd15e68331533970672b2bae7994aa53d,Beef/0 hr Beef images/1050.jpg|Beef/0 hr Beef images/1051.jpg|Beef/0 hr Beef images/1420.jpg,3
train,0 hr Beef,0_hr_Beef_0059.jpg,train/0 hr Beef/0_hr_Beef_0059.jpg,777004,e5ba61b1483679cce3fc65d2f6411e87311f458b2fddf547459f560e1e3e69ee,Beef/0 hr Beef images/1326.jpg|Beef/0 hr Beef images/1327.jpg,2
train,0 hr Beef,0_hr_Beef_0060.jpg,train/0 hr Beef/0_hr_Beef_0060.jpg,769183,0070ebd417b65643e2e948275c55611334b70086716b88601b682b969568d7a7,Beef/0 hr Beef images/1256.jpg|Beef/0 hr Beef images/1257.jpg|Beef/0 hr Beef images/1439.jpg,3
train,0 hr Beef,0_hr_Beef_0061.jpg,train/0 hr Beef/0_hr_Beef_0061.jpg,780010,99650fd2723cf8df64468ebca004a0b7ac95fdc2f3aa9c95f846d1ae7e5a53a7,Beef/0 hr Beef images/1354.jpg|Beef/0 hr Beef images/1355.jpg,2
train,0 hr Beef,0_hr_Beef_0062.jpg,train/0 hr Beef/0_hr_Beef_0062.jpg,792876,41590cd54c984de143c4e86dc3cd995886942aab561d5b68fa056600295924a2,Beef/0 hr Beef images/1062.jpg|Beef/0 hr Beef images/1063.jpg,2
train,0 hr Beef,0_hr_Beef_0063.jpg,train/0 hr Beef/0_hr_Beef_0063.jpg,798322,33116ea53d1febf8e534260d12eb7dc24629c740b8200d01235cc15daefeff9a,Beef/0 hr Beef images/1370.jpg|Beef/0 hr Beef images/1371.jpg,2
train,0 hr Beef,0_hr_Beef_0064.jpg,train/0 hr Beef/0_hr_Beef_0064.jpg,779336,9c3ad41da06c749c496372ae79d23c9174266642ec5a6153b9bbe226a4f26ad0,Beef/0 hr Beef images/1070.jpg|Beef/0 hr Beef images/1071.jpg,2
train,0 hr Beef,0_hr_Beef_0065.jpg,train/0 hr Beef/0_hr_Beef_0065.jpg,711885,b1b62604a8df4890ab4812475780ce720cbe47bb6459d797b4e01d1081cb3555,Beef/0 hr Beef images/1250.jpg|Beef/0 hr Beef images/1251.jpg,2
train,0 hr Beef,0_hr_Beef_0066.jpg,train/0 hr Beef/0_hr_Beef_0066.jpg,760458,3e3340689c8bf81d8fa88ac966955e58b4871dfbc1109118efbd25206d33de81,Beef/0 hr Beef images/1080.jpg|Beef/0 hr Beef images/1081.jpg,2
train,0 hr Beef,0_hr_Beef_0067.jpg,train/0 hr Beef/0_hr_Beef_0067.jpg,790626,9810a3f1804e0652d6308d7f6c1a18afc9c17552c14143bf2d14e0811c5ceab1,Beef/0 hr Beef images/1378.jpg|Beef/0 hr Beef images/1379.jpg,2
train,0 hr Beef,0_hr_Beef_0068.jpg,train/0 hr Beef/0_hr_Beef_0068.jpg,750971,e73aae2f5129c6cc7e745660066bba88b511da847935d94106cf2879e9f426ef,Beef/0 hr Beef images/1226.jpg|Beef/0 hr Beef images/1227.jpg,2
train,0 hr Beef,0_hr_Beef_0069.jpg,train/0 hr Beef/0_hr_Beef_0069.jpg,802775,99e296f9db8c2eff8186167c1514ab1fcb50202d8c835974cfd3511efe4fd3a0,Beef/0 hr Beef images/1166.jpg|Beef/0 hr Beef images/1167.jpg,2
train,0 hr Beef,0_hr_Beef_0070.jpg,train/0 hr Beef/0_hr_Beef_0070.jpg,762095,af5bc0b720c1b848393af050a035aa7bbf2a87b62b2e2fb1c76a140d36e6bb99,Beef/0 hr Beef images/1074.jpg|Beef/0 hr Beef images/1075.jpg,2
train,0 hr Beef,0_hr_Beef_0071.jpg,train/0 hr Beef/0_hr_Beef_0071.jpg,829187,b7292a204e2672c30d809cae20313297ae5c66a473331c30ccb08612f48d28e0,Beef/0 hr Beef images/1198.jpg|Beef/0 hr Beef images/1199.jpg,2
train,0 hr Beef,0_hr_Beef_0072.jpg,train/0 hr Beef/0_hr_Beef_0072.jpg,804903,45e24a094ca504ff254df875292f7c43b416a932ae4c10b55ec03a728d83f3ef,Beef/0 hr Beef images/1008.jpg|Beef/0 hr Beef images/1009.jpg|Beef/0 hr Beef images/1440.jpg,3
train,0 hr Beef,0_hr_Beef_0073.jpg,train/0 hr Beef/0_hr_Beef_0073.jpg,769683,70bd931492c82da83425c9d4e6082495aa2f0efc12750e53658d107e3f82acfa,Beef/0 hr Beef images/1130.jpg|Beef/0 hr Beef images/1131.jpg,2
train,0 hr Beef,0_hr_Beef_0074.jpg,train/0 hr Beef/0_hr_Beef_0074.jpg,773032,cef42010aef908ce674677daaa788a78bdfec7cef98e56fed17ede5930a51f16,Beef/0 hr Beef images/1398.jpg|Beef/0 hr Beef images/1399.jpg,2
train,0 hr Beef,0_hr_Beef_0075.jpg,train/0 hr Beef/0_hr_Beef_0075.jpg,800585,e1737c6550559a6a808089dbe38b85f23847722fece3276ffd7c9aa295a726bc,Beef/0 hr Beef images/1194.jpg|Beef/0 hr Beef images/1195.jpg|Beef/0 hr Beef images/1417.jpg,3
train,0 hr Beef,0_hr_Beef_0076.jpg,train/0 hr Beef/0_hr_Beef_0076.jpg,793230,dedd25a55c3bcceb12d7fb3ee8ff59aea7c5792c3ef04076923fadb1553d910b,Beef/0 hr Beef images/1294.jpg|Beef/0 hr Beef images/1295.jpg|Beef/0 hr Beef images/1403.jpg,3
train,0 hr Beef,0_hr_Beef_0077.jpg,train/0 hr Beef/0_hr_Beef_0077.jpg,793543,f65b667a4f1dc3be3385e190da00878dd81b0f31c61b9f42d666ff7bb8eacfd8,Beef/0 hr Beef images/1292.jpg|Beef/0 hr Beef images/1293.jpg,2
train,0 hr Beef,0_hr_Beef_0078.jpg,train/0 hr Beef/0_hr_Beef_0078.jpg,799575,9cefb5f63937a220b40e8ad67cb14f236d849bc83bbe65071103747adaff11ef,Beef/0 hr Beef images/1072.jpg|Beef/0 hr Beef images/1073.jpg|Beef/0 hr Beef images/1430.jpg,3
train,0 hr Beef,0_hr_Beef_0079.jpg,train/0 hr Beef/0_hr_Beef_0079.jpg,831503,39102757d8b06985a7e1e2fd483bee5136ee6326cf546a2fd299a5923b7e6b5c,Beef/0 hr Beef images/1200.jpg|Beef/0 hr Beef images/1201.jpg,2
train,0 hr Beef,0_hr_Beef_0080.jpg,train/0 hr Beef/0_hr_Beef_0080.jpg,766945,3b26c801f40c6ca8e4534d49cff62edd105e559d26ba887a2ddb9124d188ffd1,Beef/0 hr Beef images/1078.jpg|Beef/0 hr Beef images/1079.jpg,2
train,0 hr Beef,0_hr_Beef_0081.jpg,train/0 hr Beef/0_hr_Beef_0081.jpg,759611,93c0c7800ed3dabb8cae35cade636c7d12bd4ac2e619617c2791c0c99645d4ec,Beef/0 hr Beef images/1282.jpg|Beef/0 hr Beef images/1283.jpg,2
train,0 hr Beef,0_hr_Beef_0082.jpg,train/0 hr Beef/0_hr_Beef_0082.jpg,783507,88af532a57b57f2c4cba3f9aa07081c17f1dd18c5bea22777e7a991b41498ec8,Beef/0 hr Beef images/1320.jpg|Beef/0 hr Beef images/1321.jpg,2
train,0 hr Beef,0_hr_Beef_0083.jpg,train/0 hr Beef/0_hr_Beef_0083.jpg,805279,e788c5f08d946aa18769642e8cc106a964c67d9371c2bc170586927d95827a91,Beef/0 hr Beef images/1104.jpg|Beef/0 hr Beef images/1105.jpg,2
train,0 hr Beef,0_hr_Beef_0084.jpg,train/0 hr Beef/0_hr_Beef_0084.jpg,794399,5fb21d3cc91ca918f2f83c430842246afe9f7766d26cd85df99b7b8036d6c4b6,Beef/0 hr Beef images/1316.jpg|Beef/0 hr Beef images/1317.jpg,2
train,0 hr Beef,0_hr_Beef_0085.jpg,train/0 hr Beef/0_hr_Beef_0085.jpg,771211,3a0069e2ac2f8e4660f7103cdeebd45169b36420bb765478a1add6d465b0599d,Beef/0 hr Beef images/1230.jpg|Beef/0 hr Beef images/1231.jpg,2
train,0 hr Beef,0_hr_Beef_0086.jpg,train/0 hr Beef/0_hr_Beef_0086.jpg,763153,2ce543c7fdf04c68de553e2b1d4697533f51d6161cb82372cbdefdd4e8e0a393,Beef/0 hr Beef images/1324.jpg|Beef/0 hr Beef images/1325.jpg|Beef/0 hr Beef images/1408.jpg,3
train,0 hr Beef,0_hr_Beef_0087.jpg,train/0 hr Beef/0_hr_Beef_0087.jpg,777277,fb0b2f78dbcbf21de869b899d5a040792868cde349a1d16a6dc7621aadd030e4,Beef/0 hr Beef images/1188.jpg|Beef/0 hr Beef images/1189.jpg|Beef/0 hr Beef images/1449.jpg,3
train,0 hr Beef,0_hr_Beef_0088.jpg,train/0 hr Beef/0_hr_Beef_0088.jpg,764828,d784736e5bcbb62fa97db446cd147a675c44c88e466fa3e1ad12407dff024960,Beef/0 hr Beef images/1112.jpg|Beef/0 hr Beef images/1113.jpg|Beef/0 hr Beef images/1404.jpg,3
train,0 hr Beef,0_hr_Beef_0089.jpg,train/0 hr Beef/0_hr_Beef_0089.jpg,789489,f89e13d4a42bef5be073c801b6461c6fd66bc6b7deb7265947b38131a2e5854d,Beef/0 hr Beef images/1364.jpg|Beef/0 hr Beef images/1365.jpg,2
train,0 hr Beef,0_hr_Beef_0090.jpg,train/0 hr Beef/0_hr_Beef_0090.jpg,720880,8d57a562d020a199e66d829b103c4ad3975593e37f177a428bdc262824612d5d,Beef/0 hr Beef images/1020.jpg|Beef/0 hr Beef images/1021.jpg,2
train,0 hr Beef,0_hr_Beef_0091.jpg,train/0 hr Beef/0_hr_Beef_0091.jpg,726455,a9266c5ca0ead40886d3010702011de7e815cc64dd1957fe4e5aadcac8fb87ec,Beef/0 hr Beef images/1124.jpg|Beef/0 hr Beef images/1125.jpg,2
train,0 hr Beef,0_hr_Beef_0092.jpg,train/0 hr Beef/0_hr_Beef_0092.jpg,781695,2cbc26d36eb10efe0215473b8ee0671fa58f886d9d1447d54abcdc357bd8cbe4,Beef/0 hr Beef images/1276.jpg|Beef/0 hr Beef images/1277.jpg,2
train,0 hr Beef,0_hr_Beef_0093.jpg,train/0 hr Beef/0_hr_Beef_0093.jpg,805079,1b055f0a21e24ea9a84ef8e87384002177253a0af34051cfc49fce75a9fa8181,Beef/0 hr Beef images/1096.jpg|Beef/0 hr Beef images/1097.jpg,2
train,0 hr Beef,0_hr_Beef_0094.jpg,train/0 hr Beef/0_hr_Beef_0094.jpg,807153,ec0f464287afe73cbcf08c0ebb950da469f809dbc8a6711256dca5dba7bc26aa,Beef/0 hr Beef images/1102.jpg|Beef/0 hr Beef images/1103.jpg,2
train,0 hr Beef,0_hr_Beef_0095.jpg,train/0 hr Beef/0_hr_Beef_0095.jpg,754397,b1f8c4445ce867f0737a30ce5b7409f09ccbd87881542e8e7975ea7216558ac7,Beef/0 hr Beef images/1132.jpg|Beef/0 hr Beef images/1133.jpg,2
train,0 hr Beef,0_hr_Beef_0096.jpg,train/0 hr Beef/0_hr_Beef_0096.jpg,805639,2c46d6a8e1a165981b3f587a278aec3ac9a6d94a40cc710a2530fc2bddbf4e70,Beef/0 hr Beef images/1152.jpg|Beef/0 hr Beef images/1153.jpg,2
train,0 hr Beef,0_hr_Beef_0097.jpg,train/0 hr Beef/0_hr_Beef_0097.jpg,750988,22522c49fbd6145b3a37a9ef8cf0fbdf28169d41ce96df026ec9efcdf7025fda,Beef/0 hr Beef images/1204.jpg|Beef/0 hr Beef images/1205.jpg,2
train,0 hr Beef,0_hr_Beef_0098.jpg,train/0 hr Beef/0_hr_Beef_0098.jpg,741945,4495940f0e91791d4f5cf85f999b2017518592ab87c523ea1edecedcb9ffedfb,Beef/0 hr Beef images/1122.jpg|Beef/0 hr Beef images/1123.jpg,2
train,0 hr Beef,0_hr_Beef_0099.jpg,train/0 hr Beef/0_hr_Beef_0099.jpg,752413,5dbaa86668f19d4d64b51ff3b7623fad02c3082e66b8746c465a86ad6b4247db,Beef/0 hr Beef images/1208.jpg|Beef/0 hr Beef images/1209.jpg,2
train,0 hr Beef,0_hr_Beef_0100.jpg,train/0 hr Beef/0_hr_Beef_0100.jpg,815164,3d844b751e3fca12aeee848f8934bdb42ba8c5c5c1dacdd44bd81ddd74e98dec,Beef/0 hr Beef images/1358.jpg|Beef/0 hr Beef images/1359.jpg,2
train,0 hr Beef,0_hr_Beef_0101.jpg,train/0 hr Beef/0_hr_Beef_0101.jpg,775251,4cad079fb3bade35f85d1094510b6fcfac0133afd9ef7ba105dc3ba2b502ca5d,Beef/0 hr Beef images/1346.jpg|Beef/0 hr Beef images/1347.jpg,2
train,0 hr Beef,0_hr_Beef_0102.jpg,train/0 hr Beef/0_hr_Beef_0102.jpg,777570,e00e428511e0bd19a8d02e786a804cd2e9d158082a26ee0134b14823b76a289d,Beef/0 hr Beef images/1190.jpg|Beef/0 hr Beef images/1191.jpg,2
train,0 hr Beef,0_hr_Beef_0103.jpg,train/0 hr Beef/0_hr_Beef_0103.jpg,789612,13826240440a390aab3c95ddd29ac51b7f72ccd07c18e8b78f26d36a311788ac,Beef/0 hr Beef images/1210.jpg|Beef/0 hr Beef images/1211.jpg,2
train,0 hr Beef,0_hr_Beef_0104.jpg,train/0 hr Beef/0_hr_Beef_0104.jpg,791285,1fdb74485988c795943493ca006dc4b5d57f57812e0952f1141905fe40936f24,Beef/0 hr Beef images/1068.jpg|Beef/0 hr Beef images/1069.jpg,2
train,0 hr Beef,0_hr_Beef_0105.jpg,train/0 hr Beef/0_hr_Beef_0105.jpg,774839,085c02e1b1d5033040e93d63cc9d5ee9517f9d880b8f41a113fe25ae65429002,Beef/0 hr Beef images/1040.jpg|Beef/0 hr Beef images/1041.jpg,2
train,0 hr Beef,0_hr_Beef_0106.jpg,train/0 hr Beef/0_hr_Beef_0106.jpg,747951,2557e36fe832714525c33acd397a485c731a06760ad894fa970269d9c4bdbc98,Beef/0 hr Beef images/1312.jpg|Beef/0 hr Beef images/1313.jpg,2
train,0 hr Beef,0_hr_Beef_0107.jpg,train/0 hr Beef/0_hr_Beef_0107.jpg,802513,c7279488e7453256d7d32faabd62877d5f0a73934302652aa0c62d3e63662b41,Beef/0 hr Beef images/1106.jpg|Beef/0 hr Beef images/1107.jpg,2
train,0 hr Beef,0_hr_Beef_0108.jpg,train/0 hr Beef/0_hr_Beef_0108.jpg,798269,e72859feb48c62828881460b896ffa92409fcd23ba9d6bf5402045a7e754f8f8,Beef/0 hr Beef images/1000.jpg|Beef/0 hr Beef images/1001.jpg,2
train,0 hr Beef,0_hr_Beef_0109.jpg,train/0 hr Beef/0_hr_Beef_0109.jpg,796486,bd257389930775bb2d2862ddf3db8d33e227e7b5ecb1c45c0e3c05051c741b82,Beef/0 hr Beef images/1058.jpg|Beef/0 hr Beef images/1059.jpg,2
train,0 hr Beef,0_hr_Beef_0110.jpg,train/0 hr Beef/0_hr_Beef_0110.jpg,801906,e337d8a6d294b673fb8661d23d03531a59746752021ba83f1e24e4abd70f3266,Beef/0 hr Beef images/1172.jpg|Beef/0 hr Beef images/1173.jpg,2
train,0 hr Beef,0_hr_Beef_0111.jpg,train/0 hr Beef/0_hr_Beef_0111.jpg,744452,ee31825b93630a41f2ba213e6f7817a4a17cebf4b1acab1b52a689bc4a33269e,Beef/0 hr Beef images/1338.jpg|Beef/0 hr Beef images/1339.jpg,2
train,0 hr Beef,0_hr_Beef_0112.jpg,train/0 hr Beef/0_hr_Beef_0112.jpg,783648,42665b97d8df708187040eb29116d885715db56f17671ad9ac68d6188928e85b,Beef/0 hr Beef images/1224.jpg|Beef/0 hr Beef images/1225.jpg|Beef/0 hr Beef images/1441.jpg,3
train,0 hr Beef,0_hr_Beef_0113.jpg,train/0 hr Beef/0_hr_Beef_0113.jpg,800494,433a34f88c26cafe0089380d137012a10eb4e9cd16464995fb543493558608d4,Beef/0 hr Beef images/1022.jpg|Beef/0 hr Beef images/1023.jpg,2
train,0 hr Beef,0_hr_Beef_0114.jpg,train/0 hr Beef/0_hr_Beef_0114.jpg,787729,cedddfcaaeb6735ae4926962be140093585617eeb4d8cf6ea454a04d54fb3757,Beef/0 hr Beef images/1038.jpg|Beef/0 hr Beef images/1039.jpg|Beef/0 hr Beef images/1407.jpg,3
train,0 hr Beef,0_hr_Beef_0115.jpg,train/0 hr Beef/0_hr_Beef_0115.jpg,808670,3a0e8c9b5737b96964c843c9c95dc9b6c175be7a861edab892863e2f97b320e6,Beef/0 hr Beef images/1266.jpg|Beef/0 hr Beef images/1267.jpg,2
train,0 hr Beef,0_hr_Beef_0116.jpg,train/0 hr Beef/0_hr_Beef_0116.jpg,761431,b4369db5835b07bc0365b03b3baaa9b4e6446e99a4dd378d8c6327053e3c3add,Beef/0 hr Beef images/1262.jpg|Beef/0 hr Beef images/1263.jpg,2
train,0 hr Beef,0_hr_Beef_0117.jpg,train/0 hr Beef/0_hr_Beef_0117.jpg,777342,e4501aa46521d35051991db9db29c889c19620a461c3b3c2db8a6a0671c9d6c9,Beef/0 hr Beef images/1138.jpg|Beef/0 hr Beef images/1139.jpg|Beef/0 hr Beef images/1414.jpg,3
train,0 hr Beef,0_hr_Beef_0118.jpg,train/0 hr Beef/0_hr_Beef_0118.jpg,783332,f2c9c94c9755dae56c45e1cc4099c159dcd350ea4d59899421f3151051d0b6d9,Beef/0 hr Beef images/1258.jpg|Beef/0 hr Beef images/1259.jpg|Beef/0 hr Beef images/1405.jpg,3
train,0 hr Beef,0_hr_Beef_0119.jpg,train/0 hr Beef/0_hr_Beef_0119.jpg,755873,f71fef0edef8341f96dd9fcee3f78d002d5604c18695170c138e6f98651913e4,Beef/0 hr Beef images/1240.jpg|Beef/0 hr Beef images/1241.jpg|Beef/0 hr Beef images/1422.jpg,3
train,0 hr Beef,0_hr_Beef_0120.jpg,train/0 hr Beef/0_hr_Beef_0120.jpg,792052,c3dc933631f706e03791b86eb3559cd0c58015389250e80d9fe8e03d1e4d5315,Beef/0 hr Beef images/1332.jpg|Beef/0 hr Beef images/1333.jpg,2
train,0 hr Beef,0_hr_Beef_0121.jpg,train/0 hr Beef/0_hr_Beef_0121.jpg,754957,c01ac6797cdb040b4f85f71cc7ccaa488b76ee8cd391de812b2a088ae077a954,Beef/0 hr Beef images/1244.jpg|Beef/0 hr Beef images/1245.jpg,2
train,0 hr Beef,0_hr_Beef_0122.jpg,train/0 hr Beef/0_hr_Beef_0122.jpg,774269,1a48eae99e567cadb51a08279e22fa65a2bbc10776adcffae640e7406e6f4cc8,Beef/0 hr Beef images/1192.jpg|Beef/0 hr Beef images/1193.jpg,2
train,0 hr Beef,0_hr_Beef_0123.jpg,train/0 hr Beef/0_hr_Beef_0123.jpg,748419,8365d1bd9cec369509d38899eaf76aa15193b1efb720c6ebad6f43645ed97198,Beef/0 hr Beef images/1118.jpg|Beef/0 hr Beef images/1119.jpg,2
train,0 hr Beef,0_hr_Beef_0124.jpg,train/0 hr Beef/0_hr_Beef_0124.jpg,750611,5be4ddb07463dcdc26322f5cff4244758182280926e4baaabe922c29045134f3,Beef/0 hr Beef images/1366.jpg|Beef/0 hr Beef images/1367.jpg,2
train,0 hr Beef,0_hr_Beef_0125.jpg,train/0 hr Beef/0_hr_Beef_0125.jpg,816864,58d659608be331d6bac9d2d0061e3c68cfd2c18ea9e893a468e5e030f8e732e9,Beef/0 hr Beef images/1110.jpg|Beef/0 hr Beef images/1111.jpg|Beef/0 hr Beef images/1446.jpg,3
train,0 hr Beef,0_hr_Beef_0126.jpg,train/0 hr Beef/0_hr_Beef_0126.jpg,762412,7ce0005ad9577f64d7bceea89987e0ef06122298bd5c655ad6745040f478ef03,Beef/0 hr Beef images/1252.jpg|Beef/0 hr Beef images/1253.jpg,2
train,0 hr Beef,0_hr_Beef_0127.jpg,train/0 hr Beef/0_hr_Beef_0127.jpg,781122,16488215bc43c765887fa02ccf62ce6115c6740ae669bfbb9e4f41e611281da8,Beef/0 hr Beef images/1202.jpg|Beef/0 hr Beef images/1203.jpg|Beef/0 hr Beef images/1431.jpg,3
train,0 hr Beef,0_hr_Beef_0128.jpg,train/0 hr Beef/0_hr_Beef_0128.jpg,769925,ad67487063e1a23028fb0b6f3e06b53893a8b556a69c63f5777543b8e04caa1a,Beef/0 hr Beef images/1286.jpg|Beef/0 hr Beef images/1287.jpg|Beef/0 hr Beef images/1426.jpg,3
train,0 hr Beef,0_hr_Beef_0129.jpg,train/0 hr Beef/0_hr_Beef_0129.jpg,775597,8a17616c8f6dc7936fbad71ea3581246296c5762d5aef6c9676f3d64e2949398,Beef/0 hr Beef images/1246.jpg|Beef/0 hr Beef images/1247.jpg,2
train,0 hr Beef,0_hr_Beef_0130.jpg,train/0 hr Beef/0_hr_Beef_0130.jpg,692769,403910ae8c28f5fc6f5b0013d0cf155d861f963b3732e1349d2ad32fb0c0ffcf,Beef/0 hr Beef images/1120.jpg|Beef/0 hr Beef images/1121.jpg,2
train,0 hr Beef,0_hr_Beef_0131.jpg,train/0 hr Beef/0_hr_Beef_0131.jpg,775797,68aa197de5e407ec31895355210c10af46c1c8561636ceebd6f9ee2bd4a88d89,Beef/0 hr Beef images/1382.jpg|Beef/0 hr Beef images/1383.jpg,2
train,0 hr Beef,0_hr_Beef_0132.jpg,train/0 hr Beef/0_hr_Beef_0132.jpg,768748,faf2a275a6c7de53edbcd6d38ad76aa879c159ce0c8ccc19136350958753dce5,Beef/0 hr Beef images/1336.jpg|Beef/0 hr Beef images/1337.jpg,2
train,0 hr Beef,0_hr_Beef_0133.jpg,train/0 hr Beef/0_hr_Beef_0133.jpg,797415,5ee3ae8a4202a441389c6ffd6c9ac0c66c0b0a044b63986ec0a924fad1e2c037,Beef/0 hr Beef images/1254.jpg|Beef/0 hr Beef images/1255.jpg,2
train,0 hr Beef,0_hr_Beef_0134.jpg,train/0 hr Beef/0_hr_Beef_0134.jpg,790264,a0d39aed42d71be1886e5c71dfd90e66b8163323597a230798623e7ce6797334,Beef/0 hr Beef images/1216.jpg|Beef/0 hr Beef images/1217.jpg|Beef/0 hr Beef images/1438.jpg,3
train,0 hr Beef,0_hr_Beef_0135.jpg,train/0 hr Beef/0_hr_Beef_0135.jpg,774588,ad5fcc54d0a7d3cd87a3786290a2b9be2358fba45a451e65663c1241daf4c4eb,Beef/0 hr Beef images/1076.jpg|Beef/0 hr Beef images/1077.jpg,2
train,0 hr Beef,0_hr_Beef_0136.jpg,train/0 hr Beef/0_hr_Beef_0136.jpg,828615,af1909a6fbb0591eb095628c077c566ec0ce7fbdd1efbdd8e481394d024cd5bd,Beef/0 hr Beef images/1392.jpg|Beef/0 hr Beef images/1393.jpg,2
train,0 hr Beef,0_hr_Beef_0137.jpg,train/0 hr Beef/0_hr_Beef_0137.jpg,787629,d24fd8411f23a2898d39758dfab830bf707378b997909a2e411a7226d3010beb,Beef/0 hr Beef images/1012.jpg|Beef/0 hr Beef images/1013.jpg,2
train,0 hr Beef,0_hr_Beef_0138.jpg,train/0 hr Beef/0_hr_Beef_0138.jpg,800570,afc144bb29eb6a07effad7bd30351a78262e106190c406e60eee154bd3c1ff2a,Beef/0 hr Beef images/1060.jpg|Beef/0 hr Beef images/1061.jpg,2
train,0 hr Beef,0_hr_Beef_0139.jpg,train/0 hr Beef/0_hr_Beef_0139.jpg,806555,08190722285d529748e0209b27ede90fe09b9c9501d9790d16de6fa0ae2ab836,Beef/0 hr Beef images/1046.jpg|Beef/0 hr Beef images/1047.jpg,2
train,0 hr Mutton,0_hr_Mutton_0000.jpg,train/0 hr Mutton/0_hr_Mutton_0000.jpg,511573,5899e954276adbd3f42527dba12ba58bef62b1e9569e11629c48684252ef2eca,Mutton/0 hr Mutton images/3886.jpg|Mutton/0 hr Mutton images/3887.jpg,2
train,0 hr Mutton,0_hr_Mutton_0001.jpg,train/0 hr Mutton/0_hr_Mutton_0001.jpg,568849,6c605069cb93a6828b61bc12eab2085de04b7aa6e337c3b0477f8fd6b9a11253,Mutton/0 hr Mutton images/3800.jpg|Mutton/0 hr Mutton images/3801.jpg,2
train,0 hr Mutton,0_hr_Mutton_0002.jpg,train/0 hr Mutton/0_hr_Mutton_0002.jpg,513547,f66ae3989c91e855ef44a07ad50c8135af7ae42b387c824c5ba04deabfe47638,Mutton/0 hr Mutton images/3728.jpg|Mutton/0 hr Mutton images/3729.jpg,2
train,0 hr Mutton,0_hr_Mutton_0003.jpg,train/0 hr Mutton/0_hr_Mutton_0003.jpg,557350,b34b4b5877a48becd72bda268b5e7fbdfd5411464712418dd52a7c43a080702d,Mutton/0 hr Mutton images/3778.jpg|Mutton/0 hr Mutton images/3779.jpg,2
train,0 hr Mutton,0_hr_Mutton_0004.jpg,train/0 hr Mutton/0_hr_Mutton_0004.jpg,507629,db8f6c13709f807a6954d494d9f318a614c038e533ac585b5c0545d0f37b1781,Mutton/0 hr Mutton images/3560.jpg|Mutton/0 hr Mutton images/3561.jpg,2
train,0 hr Mutton,0_hr_Mutton_0005.jpg,train/0 hr Mutton/0_hr_Mutton_0005.jpg,548787,92f946080d49fbe3dd42f64433bf06a505802eb13cebaf18ee07825c5a4d67c3,Mutton/0 hr Mutton images/3548.jpg|Mutton/0 hr Mutton images/3549.jpg|Mutton/0 hr Mutton images/3920.jpg,3
train,0 hr Mutton,0_hr_Mutton_0006.jpg,train/0 hr Mutton/0_hr_Mutton_0006.jpg,523348,387c77c09ad419f9fd5c056ad888f33ee69e16b987659bc58b64fb8c89aae149,Mutton/0 hr Mutton images/3828.jpg|Mutton/0 hr Mutton images/3829.jpg,2
train,0 hr Mutton,0_hr_Mutton_0007.jpg,train/0 hr Mutton/0_hr_Mutton_0007.jpg,531922,f2dc4d081224cbbc994bdc8265bfcc0d0e330747335cc223dd3d7bfc199373db,Mutton/0 hr Mutton images/3712.jpg|Mutton/0 hr Mutton images/3713.jpg,2
train,0 hr Mutton,0_hr_Mutton_0008.jpg,train/0 hr Mutton/0_hr_Mutton_0008.jpg,596286,cfc150ebf1e4c920c1cb0cfb8615b56ddbf334c28ab6e915d9729c3d2380dc51,Mutton/0 hr Mutton images/3710.jpg|Mutton/0 hr Mutton images/3711.jpg,2
train,0 hr Mutton,0_hr_Mutton_0009.jpg,train/0 hr Mutton/0_hr_Mutton_0009.jpg,548546,7d0ee6b9c3e5aaafb43834961275149d5341775d681c9b8e9f3dd42dc42bb1d7,Mutton/0 hr Mutton images/3550.jpg|Mutton/0 hr Mutton images/3551.jpg,2
train,0 hr Mutton,0_hr_Mutton_0010.jpg,train/0 hr Mutton/0_hr_Mutton_0010.jpg,560160,444820b479d2cd7d3fc6aa912a15e9be89f7718bb0ec9821a182107fb3961e2a,Mutton/0 hr Mutton images/3524.jpg|Mutton/0 hr Mutton images/3525.jpg,2
train,0 hr Mutton,0_hr_Mutton_0011.jpg,train/0 hr Mutton/0_hr_Mutton_0011.jpg,509667,3a0d3921a802c433228102eb172876980ae83068b575323aa4017dccdc547ec5,Mutton/0 hr Mutton images/3772.jpg|Mutton/0 hr Mutton images/3773.jpg,2
train,0 hr Mutton,0_hr_Mutton_0012.jpg,train/0 hr Mutton/0_hr_Mutton_0012.jpg,611815,edbe6f4840b706ba0ccc8e02b3edbe160eab23a623f0d8d057fbe332a4233fd6,Mutton/0 hr Mutton images/3506.jpg|Mutton/0 hr Mutton images/3507.jpg,2
train,0 hr Mutton,0_hr_Mutton_0013.jpg,train/0 hr Mutton/0_hr_Mutton_0013.jpg,497623,d1f036897d42ff3dec4d5caf0ebea18a442756f7caade5a7a391bda9bb87de22,Mutton/0 hr Mutton images/3756.jpg|Mutton/0 hr Mutton images/3757.jpg|Mutton/0 hr Mutton images/3944.jpg,3
train,0 hr Mutton,0_hr_Mutton_0014.jpg,train/0 hr Mutton/0_hr_Mutton_0014.jpg,576060,1588670082260ae3a6001e3435c75b778b5555a54d47757d97cb2a61102fa4b0,Mutton/0 hr Mutton images/3518.jpg|Mutton/0 hr Mutton images/3519.jpg,2
train,0 hr Mutton,0_hr_Mutton_0015.jpg,train/0 hr Mutton/0_hr_Mutton_0015.jpg,515132,eba51770c9bfc976d42db1e824b4ff981c0d450987e1c2804c2f0887f38d9f14,Mutton/0 hr Mutton images/3642.jpg|Mutton/0 hr Mutton images/3643.jpg,2
train,0 hr Mutton,0_hr_Mutton_0016.jpg,train/0 hr Mutton/0_hr_Mutton_0016.jpg,535518,fc95bcebf543059aab91c56444f121f78abb109ea6f1e38b5606413fc4f7b392,Mutton/0 hr Mutton images/3844.jpg|Mutton/0 hr Mutton images/3845.jpg|Mutton/0 hr Mutton images/3929.jpg,3
train,0 hr Mutton,0_hr_Mutton_0017.jpg,train/0 hr Mutton/0_hr_Mutton_0017.jpg,542589,5dcf5cf8cc1c1594ae4d05b384fbabde3f21ae9bfc6e55fe108fa7df82498ca8,Mutton/0 hr Mutton images/3910.jpg|Mutton/0 hr Mutton images/3911.jpg,2
train,0 hr Mutton,0_hr_Mutton_0018.jpg,train/0 hr Mutton/0_hr_Mutton_0018.jpg,473540,6d8136c49482dc3cef0e65fa2c0ff00af06487f9bc465a44f5535b51b25d2636,Mutton/0 hr Mutton images/3736.jpg|Mutton/0 hr Mutton images/3737.jpg|Mutton/0 hr Mutton images/3941.jpg,3
train,0 hr Mutton,0_hr_Mutton_0019.jpg,train/0 hr Mutton/0_hr_Mutton_0019.jpg,413519,f1bb21917d41afaeab4fcd23b4a7567531bfba2385a2f755bf3814c767ea5e94,Mutton/0 hr Mutton images/3658.jpg|Mutton/0 hr Mutton images/3659.jpg,2
train,0 hr Mutton,0_hr_Mutton_0020.jpg,train/0 hr Mutton/0_hr_Mutton_0020.jpg,539992,3c63141680e2bfb96862abc7866b6e092795b77edee8a875c7aa95bec5e0162b,Mutton/0 hr Mutton images/3768.jpg|Mutton/0 hr Mutton images/3769.jpg,2
train,0 hr Mutton,0_hr_Mutton_0021.jpg,train/0 hr Mutton/0_hr_Mutton_0021.jpg,495195,99eb3e491a1fd471ff6acf07569c6ff6b9caf992d4e4bd1cc31ae9a5de4d1c12,Mutton/0 hr Mutton images/3554.jpg|Mutton/0 hr Mutton images/3555.jpg,2
train,0 hr Mutton,0_hr_Mutton_0022.jpg,train/0 hr Mutton/0_hr_Mutton_0022.jpg,564355,c1b4af8cd9080ea4287c31479c66af2a4f98b6dd25ea5a5116928a1878d46599,Mutton/0 hr Mutton images/3544.jpg|Mutton/0 hr Mutton images/3545.jpg,2
train,0 hr Mutton,0_hr_Mutton_0023.jpg,train/0 hr Mutton/0_hr_Mutton_0023.jpg,510121,4afab981e07d1b1d378c11dbe6c3da027045763489315a110377cebccbae5a15,Mutton/0 hr Mutton images/3562.jpg|Mutton/0 hr Mutton images/3563.jpg,2
train,0 hr Mutton,0_hr_Mutton_0024.jpg,train/0 hr Mutton/0_hr_Mutton_0024.jpg,506855,7b0fca4ebef5676c665195824eb80190decd6a92519be28d8aefb8714948d4d3,Mutton/0 hr Mutton images/3726.jpg|Mutton/0 hr Mutton images/3727.jpg,2
train,0 hr Mutton,0_hr_Mutton_0025.jpg,train/0 hr Mutton/0_hr_Mutton_0025.jpg,499598,7d131fdf9249fc8a9b7200a39c1e40fb42846e39b544eab432d9a23170a7c002,Mutton/0 hr Mutton images/3582.jpg|Mutton/0 hr Mutton images/3583.jpg|Mutton/0 hr Mutton images/3919.jpg,3
train,0 hr Mutton,0_hr_Mutton_0026.jpg,train/0 hr Mutton/0_hr_Mutton_0026.jpg,491674,afdf2d28a087063a8b458868e0df5071951208ce67b1961404917cf9c8d65d84,Mutton/0 hr Mutton images/3840.jpg|Mutton/0 hr Mutton images/3841.jpg,2
train,0 hr Mutton,0_hr_Mutton_0027.jpg,train/0 hr Mutton/0_hr_Mutton_0027.jpg,596329,40ec916daaddb259fc4c418c0794d35e49594a1f5fbe0aaeb786f7dd10680068,Mutton/0 hr Mutton images/3600.jpg|Mutton/0 hr Mutton images/3601.jpg,2
train,0 hr Mutton,0_hr_Mutton_0028.jpg,train/0 hr Mutton/0_hr_Mutton_0028.jpg,616352,ec48b93729930a52d30e5e71fb6f6dd53547f95700b7f81aebdd82d0ed9d8802,Mutton/0 hr Mutton images/3766.jpg|Mutton/0 hr Mutton images/3767.jpg,2
train,0 hr Mutton,0_hr_Mutton_0029.jpg,train/0 hr Mutton/0_hr_Mutton_0029.jpg,518122,0e3e00113e7b1da6a13369dbd3db68f12ffee936db8bfde6fae70545b75f31e5,Mutton/0 hr Mutton images/3630.jpg|Mutton/0 hr Mutton images/3631.jpg|Mutton/0 hr Mutton images/3916.jpg,3
train,0 hr Mutton,0_hr_Mutton_0030.jpg,train/0 hr Mutton/0_hr_Mutton_0030.jpg,541349,30ef06d103582846af4956170dd741432ddaed49e8867f27784d752b9090aa15,Mutton/0 hr Mutton images/3656.jpg|Mutton/0 hr Mutton images/3657.jpg,2
train,0 hr Mutton,0_hr_Mutton_0031.jpg,train/0 hr Mutton/0_hr_Mutton_0031.jpg,540692,41509cae9d0b013f85723c8f13b5d76b26935def31596fbde7f840eb0ee51911,Mutton/0 hr Mutton images/3882.jpg|Mutton/0 hr Mutton images/3883.jpg,2
train,0 hr Mutton,0_hr_Mutton_0032.jpg,train/0 hr Mutton/0_hr_Mutton_0032.jpg,503542,360b4d451e3783a6bb28462b14e459b0725f757b6f33a2fd8f9f8f559be6d83b,Mutton/0 hr Mutton images/3622.jpg|Mutton/0 hr Mutton images/3623.jpg,2
train,0 hr Mutton,0_hr_Mutton_0033.jpg,train/0 hr Mutton/0_hr_Mutton_0033.jpg,533956,c1fbd8433fb8fc85eadae5526705cb10f98d7e1be45e2bce5d7a5f129ae765a6,Mutton/0 hr Mutton images/3646.jpg|Mutton/0 hr Mutton images/3647.jpg,2
train,0 hr Mutton,0_hr_Mutton_0034.jpg,train/0 hr Mutton/0_hr_Mutton_0034.jpg,520113,ad1f71ce8070dfd4140e782cd9034b589692d5e1dd52a09716396bebb21c6068,Mutton/0 hr Mutton images/3502.jpg|Mutton/0 hr Mutton images/3503.jpg,2
train,0 hr Mutton,0_hr_Mutton_0035.jpg,train/0 hr Mutton/0_hr_Mutton_0035.jpg,539336,02208fda590e7fa729fb18ae44d30dbd719ea12e1bef94aceeb60d6a02a41023,Mutton/0 hr Mutton images/3576.jpg|Mutton/0 hr Mutton images/3577.jpg|Mutton/0 hr Mutton images/3948.jpg,3
train,0 hr Mutton,0_hr_Mutton_0036.jpg,train/0 hr Mutton/0_hr_Mutton_0036.jpg,524154,5a8808eb63e08130b8e75ba7ea6e16f2bc474b4722195e6db0953201abcfac6d,Mutton/0 hr Mutton images/3752.jpg|Mutton/0 hr Mutton images/3753.jpg,2
train,0 hr Mutton,0_hr_Mutton_0037.jpg,train/0 hr Mutton/0_hr_Mutton_0037.jpg,468718,97e3bd22fb95ddac5d35e3e78ac3b509aaa3c531ec3d3799eeb63f1210835254,Mutton/0 hr Mutton images/3644.jpg|Mutton/0 hr Mutton images/3645.jpg,2
train,0 hr Mutton,0_hr_Mutton_0038.jpg,train/0 hr Mutton/0_hr_Mutton_0038.jpg,584685,7c1ac46d0a8866778ce88567e721083a5ca56beea45f222b7cdaf7afae59b016,Mutton/0 hr Mutton images/3618.jpg|Mutton/0 hr Mutton images/3619.jpg|Mutton/0 hr Mutton images/3928.jpg,3
train,0 hr Mutton,0_hr_Mutton_0039.jpg,train/0 hr Mutton/0_hr_Mutton_0039.jpg,538419,a98debb4485f7d122b3e3ed74b52b541361c572bb1c5da1dcbc79db7ef3746b3,Mutton/0 hr Mutton images/3606.jpg|Mutton/0 hr Mutton images/3607.jpg,2
train,0 hr Mutton,0_hr_Mutton_0040.jpg,train/0 hr Mutton/0_hr_Mutton_0040.jpg,484390,49d704a22fdf008386637954055a1fb1f052f8f738280513f06f7301c82ecffe,Mutton/0 hr Mutton images/3864.jpg|Mutton/0 hr Mutton images/3865.jpg,2
train,0 hr Mutton,0_hr_Mutton_0041.jpg,train/0 hr Mutton/0_hr_Mutton_0041.jpg,507427,1906688296bf81e72618c7c1bfd102437f45dab03f58e5dbbf29205f24391ad7,Mutton/0 hr Mutton images/3838.jpg|Mutton/0 hr Mutton images/3839.jpg,2
train,0 hr Mutton,0_hr_Mutton_0042.jpg,train/0 hr Mutton/0_hr_Mutton_0042.jpg,544104,7fba2d1569a430180192fb8fe3807c62c10d4fc8cc9ed3fc3a5ef5caa8ccadcf,Mutton/0 hr Mutton images/3532.jpg|Mutton/0 hr Mutton images/3533.jpg,2
train,0 hr Mutton,0_hr_Mutton_0043.jpg,train/0 hr Mutton/0_hr_Mutton_0043.jpg,536730,be42cc4997c217c1968d26fe8a5741ed8e1c5d08676e207b4715a13e2eb1b695,Mutton/0 hr Mutton images/3802.jpg|Mutton/0 hr Mutton images/3803.jpg,2
train,0 hr Mutton,0_hr_Mutton_0044.jpg,train/0 hr Mutton/0_hr_Mutton_0044.jpg,620846,5b0997d8d4a2acc402a06eb3ba59da12d88f46651db3e9ba143f8c757ff70669,Mutton/0 hr Mutton images/3662.jpg|Mutton/0 hr Mutton images/3663.jpg,2
train,0 hr Mutton,0_hr_Mutton_0045.jpg,train/0 hr Mutton/0_hr_Mutton_0045.jpg,541679,ad391b6c5cb89bde57b02ce9a1f1c353a89ff354807cf64531f62983856940d9,Mutton/0 hr Mutton images/3700.jpg|Mutton/0 hr Mutton images/3701.jpg,2
train,0 hr Mutton,0_hr_Mutton_0046.jpg,train/0 hr Mutton/0_hr_Mutton_0046.jpg,522486,ce6dbc6bda98db9f9a29f0de151020f20edf21c5366b84b49e2626f42fbee679,Mutton/0 hr Mutton images/3834.jpg|Mutton/0 hr Mutton images/3835.jpg|Mutton/0 hr Mutton images/3942.jpg,3
train,0 hr Mutton,0_hr_Mutton_0047.jpg,train/0 hr Mutton/0_hr_Mutton_0047.jpg,528039,8311081072362be93ca437da10876db936722b0a09f0b49be8a1406ec69241b1,Mutton/0 hr Mutton images/3872.jpg|Mutton/0 hr Mutton images/3873.jpg|Mutton/0 hr Mutton images/3939.jpg,3
train,0 hr Mutton,0_hr_Mutton_0048.jpg,train/0 hr Mutton/0_hr_Mutton_0048.jpg,665045,bed41bad88cf5b239603111e5281f8987fda5a65c1ceee60293ca61992c7b979,Mutton/0 hr Mutton images/3816.jpg|Mutton/0 hr Mutton images/3817.jpg,2
train,0 hr Mutton,0_hr_Mutton_0049.jpg,train/0 hr Mutton/0_hr_Mutton_0049.jpg,529125,bf051ca9d4ad7542ea17261da4df904350e068753cc780df3548a94402c4d129,Mutton/0 hr Mutton images/3588.jpg|Mutton/0 hr Mutton images/3589.jpg,2
train,0 hr Mutton,0_hr_Mutton_0050.jpg,train/0 hr Mutton/0_hr_Mutton_0050.jpg,543010,59399d81060ededd6f2d3c6010bcbf99c98a813079397b782f2a112be7a4d42b,Mutton/0 hr Mutton images/3760.jpg|Mutton/0 hr Mutton images/3761.jpg|Mutton/0 hr Mutton images/3913.jpg,3
train,0 hr Mutton,0_hr_Mutton_0051.jpg,train/0 hr Mutton/0_hr_Mutton_0051.jpg,520302,a8ef3431cb644bbb20a72aefe51300bec4f2e3674bff046ec2cc9c44c6c2af98,Mutton/0 hr Mutton images/3612.jpg|Mutton/0 hr Mutton images/3613.jpg,2
train,0 hr Mutton,0_hr_Mutton_0052.jpg,train/0 hr Mutton/0_hr_Mutton_0052.jpg,539543,1861307db6b907a2a6616db098f02096b2573449da137564f27753f5cd892b1c,Mutton/0 hr Mutton images/3826.jpg|Mutton/0 hr Mutton images/3827.jpg|Mutton/0 hr Mutton images/3947.jpg,3
train,0 hr Mutton,0_hr_Mutton_0053.jpg,train/0 hr Mutton/0_hr_Mutton_0053.jpg,526545,3ad13a7bdb12549f502d9af18287d47a8f6837b93dce4a45046cee8349add35f,Mutton/0 hr Mutton images/3650.jpg|Mutton/0 hr Mutton images/3651.jpg,2
train,0 hr Mutton,0_hr_Mutton_0054.jpg,train/0 hr Mutton/0_hr_Mutton_0054.jpg,498314,e91e4b6310142a809c80cb2a9f6a484cc4a6186047c653e0fe1eebca83add909,Mutton/0 hr Mutton images/3660.jpg|Mutton/0 hr Mutton images/3661.jpg,2
train,0 hr Mutton,0_hr_Mutton_0055.jpg,train/0 hr Mutton/0_hr_Mutton_0055.jpg,491678,28aec3136a90145f18bb5e78c156c59db8aaeae2d4e379081d9e239f5025517e,Mutton/0 hr Mutton images/3794.jpg|Mutton/0 hr Mutton images/3795.jpg|Mutton/0 hr Mutton images/3940.jpg,3
train,0 hr Mutton,0_hr_Mutton_0056.jpg,train/0 hr Mutton/0_hr_Mutton_0056.jpg,530698,a1b56bdd5749b2a5c2a839f8c5ddecebc35bfdef6e2790ce975f154babc0e26e,Mutton/0 hr Mutton images/3852.jpg|Mutton/0 hr Mutton images/3853.jpg,2
train,0 hr Mutton,0_hr_Mutton_0057.jpg,train/0 hr Mutton/0_hr_Mutton_0057.jpg,533609,2a317fddee4f6fa36f0173734fb0dea5d704b32fbc634aa14e09295f30c79075,Mutton/0 hr Mutton images/3666.jpg|Mutton/0 hr Mutton images/3667.jpg,2
train,0 hr Mutton,0_hr_Mutton_0058.jpg,train/0 hr Mutton/0_hr_Mutton_0058.jpg,528820,910618f9bab033e027f2fc1ea3bf398ba935cc36932b8d011b97931aa88a9202,Mutton/0 hr Mutton images/3854.jpg|Mutton/0 hr Mutton images/3855.jpg,2
train,0 hr Mutton,0_hr_Mutton_0059.jpg,train/0 hr Mutton/0_hr_Mutton_0059.jpg,578359,ccef1f037a032fcc9ecde8c77400d140cac77014ee960bc9dcfc08c2793f99de,Mutton/0 hr Mutton images/3522.jpg|Mutton/0 hr Mutton images/3523.jpg,2
train,0 hr Mutton,0_hr_Mutton_0060.jpg,train/0 hr Mutton/0_hr_Mutton_0060.jpg,498564,8834ac0957016edddfcf80bfc58c81d138216bcfef671381157eb45e9b8d7f1f,Mutton/0 hr Mutton images/3552.jpg|Mutton/0 hr Mutton images/3553.jpg,2
train,0 hr Mutton,0_hr_Mutton_0061.jpg,train/0 hr Mutton/0_hr_Mutton_0061.jpg,520585,644c5f48fc435098b77aa563e88d46cb891eac1e7dd8de6b461e210c4aee3847,Mutton/0 hr Mutton images/3570.jpg|Mutton/0 hr Mutton images/3571.jpg,2
train,0 hr Mutton,0_hr_Mutton_0062.jpg,train/0 hr Mutton/0_hr_Mutton_0062.jpg,576020,ec77fd7e113543a8a0892c0b870b3469a3d33de883624624158fe60349131c8d,Mutton/0 hr Mutton images/3888.jpg|Mutton/0 hr Mutton images/3889.jpg,2
train,0 hr Mutton,0_hr_Mutton_0063.jpg,train/0 hr Mutton/0_hr_Mutton_0063.jpg,557906,71fb3049371c85f8dce37b69fb38a95264bcf8db9af21e1e12e267ab3e430460,Mutton/0 hr Mutton images/3904.jpg|Mutton/0 hr Mutton images/3905.jpg,2
train,0 hr Mutton,0_hr_Mutton_0064.jpg,train/0 hr Mutton/0_hr_Mutton_0064.jpg,496080,1a37896ad127559d91d1b8e35b25a74c81dfc6a4b03651a04c903682da3d1a5f,Mutton/0 hr Mutton images/3614.jpg|Mutton/0 hr Mutton images/3615.jpg,2
train,0 hr Mutton,0_hr_Mutton_0065.jpg,train/0 hr Mutton/0_hr_Mutton_0065.jpg,612577,b9cfb05a1ac57bf505671908e8da165a6ebe1291878a9a9356c0b360a901af4c,Mutton/0 hr Mutton images/3678.jpg|Mutton/0 hr Mutton images/3679.jpg,2
train,0 hr Mutton,0_hr_Mutton_0066.jpg,train/0 hr Mutton/0_hr_Mutton_0066.jpg,559148,3f1608ffc74a8dcf1735ab71d2daad9dd7db91dc2008b8c715c1b49f744a237a,Mutton/0 hr Mutton images/3536.jpg|Mutton/0 hr Mutton images/3537.jpg,2
train,0 hr Mutton,0_hr_Mutton_0067.jpg,train/0 hr Mutton/0_hr_Mutton_0067.jpg,558687,456a6c69be1fa2f0291e9fb6db294909e08af12f86c8d4a1ec862bf95cbc66ef,Mutton/0 hr Mutton images/3906.jpg|Mutton/0 hr Mutton images/3907.jpg,2
train,0 hr Mutton,0_hr_Mutton_0068.jpg,train/0 hr Mutton/0_hr_Mutton_0068.jpg,559186,4cfc6671736d58b891c47e51cf98a9091b3e9693217986c8db469a8010e6b408,Mutton/0 hr Mutton images/3682.jpg|Mutton/0 hr Mutton images/3683.jpg,2
train,0 hr Mutton,0_hr_Mutton_0069.jpg,train/0 hr Mutton/0_hr_Mutton_0069.jpg,561769,472e843dfa2b2310816035cdd7af7fc18843eb898846c462a943ffd65931e8f1,Mutton/0 hr Mutton images/3744.jpg|Mutton/0 hr Mutton images/3745.jpg|Mutton/0 hr Mutton images/3922.jpg,3
train,0 hr Mutton,0_hr_Mutton_0070.jpg,train/0 hr Mutton/0_hr_Mutton_0070.jpg,507664,96ecec7136af4f592fc4ef7f2758f478b8d77cfb60195faefe3bb420b9f79499,Mutton/0 hr Mutton images/3640.jpg|Mutton/0 hr Mutton images/3641.jpg|Mutton/0 hr Mutton images/3936.jpg,3
train,0 hr Mutton,0_hr_Mutton_0071.jpg,train/0 hr Mutton/0_hr_Mutton_0071.jpg,542941,755824486867dbbaae8a46f1156e53608c3d9ff8a6bd7695c08161d8a49aa1e4,Mutton/0 hr Mutton images/3574.jpg|Mutton/0 hr Mutton images/3575.jpg,2
train,0 hr Mutton,0_hr_Mutton_0072.jpg,train/0 hr Mutton/0_hr_Mutton_0072.jpg,546069,36a4aeeb640a875c925a355503ab1bb21b579c8e5904796bfbd02734db77a62a,Mutton/0 hr Mutton images/3884.jpg|Mutton/0 hr Mutton images/3885.jpg|Mutton/0 hr Mutton images/3945.jpg,3
train,0 hr Mutton,0_hr_Mutton_0073.jpg,train/0 hr Mutton/0_hr_Mutton_0073.jpg,523199,2b90f4b45ebc8290d12785059c0e1c50064e48ab4b5c27c9b080556a6d68ed36,Mutton/0 hr Mutton images/3636.jpg|Mutton/0 hr Mutton images/3637.jpg|Mutton/0 hr Mutton images/3915.jpg,3
train,0 hr Mutton,0_hr_Mutton_0074.jpg,train/0 hr Mutton/0_hr_Mutton_0074.jpg,526742,0dc811cec0fb326cca2e5e5140843534e8e15e61f7aa3e4f7ba67f80a9df46e2,Mutton/0 hr Mutton images/3876.jpg|Mutton/0 hr Mutton images/3877.jpg|Mutton/0 hr Mutton images/3925.jpg,3
train,0 hr Mutton,0_hr_Mutton_0075.jpg,train/0 hr Mutton/0_hr_Mutton_0075.jpg,565353,daa19eeefd493b21f7e5c7ff0eb341d231bd537cf1050e1806f2c7c632bec4af,Mutton/0 hr Mutton images/3594.jpg|Mutton/0 hr Mutton images/3595.jpg|Mutton/0 hr Mutton images/3930.jpg,3
train,0 hr Mutton,0_hr_Mutton_0076.jpg,train/0 hr Mutton/0_hr_Mutton_0076.jpg,532821,c92c712a3670141d24f07ac436f185c32e63f1f36034fd9bfebf2b31bfb9647c,Mutton/0 hr Mutton images/3590.jpg|Mutton/0 hr Mutton images/3591.jpg,2
train,0 hr Mutton,0_hr_Mutton_0077.jpg,train/0 hr Mutton/0_hr_Mutton_0077.jpg,459249,21e40b9da5d42d7890c72931b1b8926868d71ab4859c1fb5c5faaefd748b7e6d,Mutton/0 hr Mutton images/3748.jpg|Mutton/0 hr Mutton images/3749.jpg,2
train,0 hr Mutton,0_hr_Mutton_0078.jpg,train/0 hr Mutton/0_hr_Mutton_0078.jpg,554150,c57fb3b2eb721769f6a9797fb9fd2ae9b6c9b695a39de0b9fa5c8059a60cee77,Mutton/0 hr Mutton images/3596.jpg|Mutton/0 hr Mutton images/3597.jpg,2
train,0 hr Mutton,0_hr_Mutton_0079.jpg,train/0 hr Mutton/0_hr_Mutton_0079.jpg,518719,c78c01a2bf890dada58a3042bd3374469c0a053a306bff257dffc8e6acc6276d,Mutton/0 hr Mutton images/3568.jpg|Mutton/0 hr Mutton images/3569.jpg,2
train,0 hr Mutton,0_hr_Mutton_0080.jpg,train/0 hr Mutton/0_hr_Mutton_0080.jpg,543616,8126f3c102c7834e9b404d9fe5ee7f2100a6de4f2da2b514f08ff77febddd539,Mutton/0 hr Mutton images/3572.jpg|Mutton/0 hr Mutton images/3573.jpg,2
train,0 hr Mutton,0_hr_Mutton_0081.jpg,train/0 hr Mutton/0_hr_Mutton_0081.jpg,567204,752c80bfb1355aa8b6dfdcb63304cefbd030a7cdb6213952f29f80d9f526a44b,Mutton/0 hr Mutton images/3784.jpg|Mutton/0 hr Mutton images/3785.jpg,2
train,0 hr Mutton,0_hr_Mutton_0082.jpg,train/0 hr Mutton/0_hr_Mutton_0082.jpg,623462,036070194a71a1f3615579737e3fb8c367476d5da5fce6fe5d400e18941676c9,Mutton/0 hr Mutton images/3806.jpg|Mutton/0 hr Mutton images/3807.jpg,2
train,0 hr Mutton,0_hr_Mutton_0083.jpg,train/0 hr Mutton/0_hr_Mutton_0083.jpg,548192,93bc4d7b8a954f10595cf8a3bffa21c5b2eee39da5a1fb108e39cb606391997b,Mutton/0 hr Mutton images/3746.jpg|Mutton/0 hr Mutton images/3747.jpg|Mutton/0 hr Mutton images/3931.jpg,3
train,0 hr Mutton,0_hr_Mutton_0084.jpg,train/0 hr Mutton/0_hr_Mutton_0084.jpg,507583,ccd83d96c54c936abf7de58bf6dc816c633350fb1d21409e629a4f0a96915a42,Mutton/0 hr Mutton images/3558.jpg|Mutton/0 hr Mutton images/3559.jpg,2
train,0 hr Mutton,0_hr_Mutton_0085.jpg,train/0 hr Mutton/0_hr_Mutton_0085.jpg,521526,6c7a89f56cbd5415c0acdca3a661ba97dae7172d06881a149c1e6e4fefdcd615,Mutton/0 hr Mutton images/3850.jpg|Mutton/0 hr Mutton images/3851.jpg,2
train,0 hr Mutton,0_hr_Mutton_0086.jpg,train/0 hr Mutton/0_hr_Mutton_0086.jpg,530500,fe5591c37e13c6275d85a7a043215559896cc3c17afd93a163678df932073d95,Mutton/0 hr Mutton images/3750.jpg|Mutton/0 hr Mutton images/3751.jpg,2
train,0 hr Mutton,0_hr_Mutton_0087.jpg,train/0 hr Mutton/0_hr_Mutton_0087.jpg,590755,587c9accca63124d01c87e1960879f0f4bb7ed1a0f30cd10ea5076e9e79f50b3,Mutton/0 hr Mutton images/3804.jpg|Mutton/0 hr Mutton images/3805.jpg,2
train,0 hr Mutton,0_hr_Mutton_0088.jpg,train/0 hr Mutton/0_hr_Mutton_0088.jpg,505746,5f36cf8e5a7a1d1de1400dbd668fc8e92b704d62c4ce2c3c394c6f302d168471,Mutton/0 hr Mutton images/3722.jpg|Mutton/0 hr Mutton images/3723.jpg,2
train,0 hr Mutton,0_hr_Mutton_0089.jpg,train/0 hr Mutton/0_hr_Mutton_0089.jpg,541780,e73fe96fb0a69bbe20d0ab09f7dd6dcebdc649d133d56e2c3cfa2d1c8916b365,Mutton/0 hr Mutton images/3868.jpg|Mutton/0 hr Mutton images/3869.jpg,2
train,0 hr Mutton,0_hr_Mutton_0090.jpg,train/0 hr Mutton/0_hr_Mutton_0090.jpg,609640,118aed0d39d4ca1ad0727fc8ff8e709e1a7065b03c4a8bb52ff44eeaa0ac8385,Mutton/0 hr Mutton images/3814.jpg|Mutton/0 hr Mutton images/3815.jpg,2
train,0 hr Mutton,0_hr_Mutton_0091.jpg,train/0 hr Mutton/0_hr_Mutton_0091.jpg,566437,7a72e18a31209414b35d8346dae28fcf650baf6ded987b6df9ddbd99d1def873,Mutton/0 hr Mutton images/3810.jpg|Mutton/0 hr Mutton images/3811.jpg,2
train,0 hr Mutton,0_hr_Mutton_0092.jpg,train/0 hr Mutton/0_hr_Mutton_0092.jpg,546880,bdbb3ec78f99f988636811f4ee245ec2d8f3a18b4a1c109fe25d8f1b6966935f,Mutton/0 hr Mutton images/3798.jpg|Mutton/0 hr Mutton images/3799.jpg|Mutton/0 hr Mutton images/3935.jpg,3
train,0 hr Mutton,0_hr_Mutton_0093.jpg,train/0 hr Mutton/0_hr_Mutton_0093.jpg,577709,177e240ff6914379cbe987317d6088e047e216bbaff1a8ea2d44322f68bd9f99,Mutton/0 hr Mutton images/3832.jpg|Mutton/0 hr Mutton images/3833.jpg,2
train,0 hr Mutton,0_hr_Mutton_0094.jpg,train/0 hr Mutton/0_hr_Mutton_0094.jpg,543173,c622d9f61c8239c6e7e9de383ca2386ca787dc16db6f619670152bc358d111e7,Mutton/0 hr Mutton images/3908.jpg|Mutton/0 hr Mutton images/3909.jpg|Mutton/0 hr Mutton images/3927.jpg,3
train,0 hr Mutton,0_hr_Mutton_0095.jpg,train/0 hr Mutton/0_hr_Mutton_0095.jpg,510306,540c690d2b9e86aeaebdcabef33fcdb9aef314aa8ff9ba19faae8ec1c188182a,Mutton/0 hr Mutton images/3564.jpg|Mutton/0 hr Mutton images/3565.jpg,2
train,0 hr Mutton,0_hr_Mutton_0096.jpg,train/0 hr Mutton/0_hr_Mutton_0096.jpg,523773,3999af8b7525190f74a165d4702c8705c5d97f2ffe3e6b1bb3125f55691e7188,Mutton/0 hr Mutton images/3514.jpg|Mutton/0 hr Mutton images/3515.jpg,2
train,0 hr Mutton,0_hr_Mutton_0097.jpg,train/0 hr Mutton/0_hr_Mutton_0097.jpg,512876,fe7539d1ee2431997ae089f7725f846fb32b7f1bdfff0f7ddebab685e0be75ee,Mutton/0 hr Mutton images/3628.jpg|Mutton/0 hr Mutton images/3629.jpg,2
train,0 hr Mutton,0_hr_Mutton_0098.jpg,train/0 hr Mutton/0_hr_Mutton_0098.jpg,525431,de924913757b2847d49239a2b40ff0fc37d1a14123da75e89823ff1a9a9990a2,Mutton/0 hr Mutton images/3790.jpg|Mutton/0 hr Mutton images/3791.jpg,2
train,0 hr Mutton,0_hr_Mutton_0099.jpg,train/0 hr Mutton/0_hr_Mutton_0099.jpg,456448,8c76f04ca57a6a43d9dd0d6c13bafd6ae7f878b08a27951a94646fc23dd24c2e,Mutton/0 hr Mutton images/3738.jpg|Mutton/0 hr Mutton images/3739.jpg,2
train,0 hr Mutton,0_hr_Mutton_0100.jpg,train/0 hr Mutton/0_hr_Mutton_0100.jpg,486679,18039bcde026662fe790b1183f7ceb7c61c06680b5c5c9f605f19ffc4e282c4e,Mutton/0 hr Mutton images/3592.jpg|Mutton/0 hr Mutton images/3593.jpg,2
train,0 hr Mutton,0_hr_Mutton_0101.jpg,train/0 hr Mutton/0_hr_Mutton_0101.jpg,525838,0f7d08b227798dd3178308d4da598162a44bbd7f239fe4796ec0ae18b0fb7731,Mutton/0 hr Mutton images/3610.jpg|Mutton/0 hr Mutton images/3611.jpg,2
train,0 hr Mutton,0_hr_Mutton_0102.jpg,train/0 hr Mutton/0_hr_Mutton_0102.jpg,535268,bfc6a1f6634bdeadfc14d337c9cae86a8f9b75fca69f61d8ad8fb17f6f63c12c,Mutton/0 hr Mutton images/3770.jpg|Mutton/0 hr Mutton images/3771.jpg,2
train,0 hr Mutton,0_hr_Mutton_0103.jpg,train/0 hr Mutton/0_hr_Mutton_0103.jpg,615788,0df17389da4ded11399ac9de5d1c8f28c026e8169210793aa2cffeddd5cc3b7e,Mutton/0 hr Mutton images/3688.jpg|Mutton/0 hr Mutton images/3689.jpg,2
train,0 hr Mutton,0_hr_Mutton_0104.jpg,train/0 hr Mutton/0_hr_Mutton_0104.jpg,519268,318a010aeca1c27caa6ff26cb2e3e4777d9fa0b0f1fc5fcb5281f26439ee600c,Mutton/0 hr Mutton images/3528.jpg|Mutton/0 hr Mutton images/3529.jpg|Mutton/0 hr Mutton images/3938.jpg,3
train,0 hr Mutton,0_hr_Mutton_0105.jpg,train/0 hr Mutton/0_hr_Mutton_0105.jpg,514945,1db1e1522d4375ecf47736a8598db53b5aa614af6d920f8163280c7316ef892d,Mutton/0 hr Mutton images/3860.jpg|Mutton/0 hr Mutton images/3861.jpg|Mutton/0 hr Mutton images/3932.jpg,3
train,0 hr Mutton,0_hr_Mutton_0106.jpg,train/0 hr Mutton/0_hr_Mutton_0106.jpg,609028,a23ea1fc20bc29004a85ac19eb7a28169698a78501a3c7bf554158faca9ccab3,Mutton/0 hr Mutton images/3818.jpg|Mutton/0 hr Mutton images/3819.jpg,2
train,0 hr Mutton,0_hr_Mutton_0107.jpg,train/0 hr Mutton/0_hr_Mutton_0107.jpg,500740,6635c2e166dc00c4d862ae8c41505002b2cc5ef121d34a39f981ece5d815081d,Mutton/0 hr Mutton images/3648.jpg|Mutton/0 hr Mutton images/3649.jpg,2
train,0 hr Mutton,0_hr_Mutton_0108.jpg,train/0 hr Mutton/0_hr_Mutton_0108.jpg,548550,d4e33d79a04403b51daddceb7f8f2f8cd9a31cf1136331fc837d70ef3aef5b67,Mutton/0 hr Mutton images/3846.jpg|Mutton/0 hr Mutton images/3847.jpg,2
train,0 hr Mutton,0_hr_Mutton_0109.jpg,train/0 hr Mutton/0_hr_Mutton_0109.jpg,554935,d5aae630cd2c53eeeb5fb2374e64b95fa772ff48eeb7ecbb9d6c56f65eeab8e5,Mutton/0 hr Mutton images/3534.jpg|Mutton/0 hr Mutton images/3535.jpg,2
train,0 hr Mutton,0_hr_Mutton_0110.jpg,train/0 hr Mutton/0_hr_Mutton_0110.jpg,586422,ac6787bb4d4ce8563caac2dc2a06e96d3faec93bc2008afcf33feea2c9a9a6fd,Mutton/0 hr Mutton images/3706.jpg|Mutton/0 hr Mutton images/3707.jpg,2
train,0 hr Mutton,0_hr_Mutton_0111.jpg,train/0 hr Mutton/0_hr_Mutton_0111.jpg,617694,fa602085f92ab7b853b1b68025b7c2289931f4aa49d868fa2cdadeaffd2b0972,Mutton/0 hr Mutton images/3812.jpg|Mutton/0 hr Mutton images/3813.jpg,2
train,0 hr Mutton,0_hr_Mutton_0112.jpg,train/0 hr Mutton/0_hr_Mutton_0112.jpg,546610,a38748ad238f7e133903454db4b4fd1566d66212ab5fba80748b74803db616b7,Mutton/0 hr Mutton images/3654.jpg|Mutton/0 hr Mutton images/3655.jpg,2
train,0 hr Mutton,0_hr_Mutton_0113.jpg,train/0 hr Mutton/0_hr_Mutton_0113.jpg,485839,50402d2627e6ec2ea40368b71d11655cf922785b0e02aff7b67f8e7583582a04,Mutton/0 hr Mutton images/3632.jpg|Mutton/0 hr Mutton images/3633.jpg,2
train,0 hr Mutton,0_hr_Mutton_0114.jpg,train/0 hr Mutton/0_hr_Mutton_0114.jpg,591879,00c5729a015274c85c9f34e0ceb227bb6f513607f1d175e9d95489a527d9cccc,Mutton/0 hr Mutton images/3674.jpg|Mutton/0 hr Mutton images/3675.jpg,2
train,0 hr Mutton,0_hr_Mutton_0115.jpg,train/0 hr Mutton/0_hr_Mutton_0115.jpg,547312,1fe1361dbdbd76156f28613e1bc952fa006715be85c9b847c944507f5deba699,Mutton/0 hr Mutton images/3780.jpg|Mutton/0 hr Mutton images/3781.jpg,2
train,0 hr Mutton,0_hr_Mutton_0116.jpg,train/0 hr Mutton/0_hr_Mutton_0116.jpg,578199,13118be826bf10f6cf7250ec7ff4550ef0c28bae50cd908fe9b520bf6dc9b213,Mutton/0 hr Mutton images/3516.jpg|Mutton/0 hr Mutton images/3517.jpg|Mutton/0 hr Mutton images/3933.jpg,3
train,0 hr Mutton,0_hr_Mutton_0117.jpg,train/0 hr Mutton/0_hr_Mutton_0117.jpg,519671,d80e10d60bcae08405d140bf4d08e56b72281d48c12f0388c6d245c69a22c458,Mutton/0 hr Mutton images/3602.jpg|Mutton/0 hr Mutton images/3603.jpg,2
train,0 hr Mutton,0_hr_Mutton_0118.jpg,train/0 hr Mutton/0_hr_Mutton_0118.jpg,535170,7edc45f06801e3817303af23dbfb8df69dd3238859d83cfbcefa005f20c3c397,Mutton/0 hr Mutton images/3540.jpg|Mutton/0 hr Mutton images/3541.jpg,2
train,0 hr Mutton,0_hr_Mutton_0119.jpg,train/0 hr Mutton/0_hr_Mutton_0119.jpg,513020,658e873477d6f190a252e99ff3134aa868f47a4d5abf2a16a6d34a0cd8e51402,Mutton/0 hr Mutton images/3754.jpg|Mutton/0 hr Mutton images/3755.jpg,2
train,0 hr Mutton,0_hr_Mutton_0120.jpg,train/0 hr Mutton/0_hr_Mutton_0120.jpg,521366,93c0a7c58f118fd7225aa6d7c06921d37eca029732f2b8f42e2e6af009ed597d,Mutton/0 hr Mutton images/3870.jpg|Mutton/0 hr Mutton images/3871.jpg|Mutton/0 hr Mutton images/3924.jpg,3
train,0 hr Mutton,0_hr_Mutton_0121.jpg,train/0 hr Mutton/0_hr_Mutton_0121.jpg,531091,932d818b8d575542dddf2bb5e5a2b704d5df34c2d81bcff197f8006bc95cb043,Mutton/0 hr Mutton images/3724.jpg|Mutton/0 hr Mutton images/3725.jpg,2
train,0 hr Mutton,0_hr_Mutton_0122.jpg,train/0 hr Mutton/0_hr_Mutton_0122.jpg,565259,b250b42addf4652feb684eaed5e8fd9669ba9761d7aaf493ba05fcee27206f92,Mutton/0 hr Mutton images/3714.jpg|Mutton/0 hr Mutton images/3715.jpg,2
train,0 hr Mutton,0_hr_Mutton_0123.jpg,train/0 hr Mutton/0_hr_Mutton_0123.jpg,575583,7da8cf3c45cee35e217e0df78b13b29a2c05df45a2c59b1ca38d24d1c4fc12e5,Mutton/0 hr Mutton images/3584.jpg|Mutton/0 hr Mutton images/3585.jpg,2
train,0 hr Mutton,0_hr_Mutton_0124.jpg,train/0 hr Mutton/0_hr_Mutton_0124.jpg,499472,6c299cb5085b3e4e11e2c14add3c6088aba9327873dbc296e82b96c9a1ac2a87,Mutton/0 hr Mutton images/3670.jpg|Mutton/0 hr Mutton images/3671.jpg,2
train,0 hr Mutton,0_hr_Mutton_0125.jpg,train/0 hr Mutton/0_hr_Mutton_0125.jpg,550099,3cd4435c0f5022b791410a242b653d516322bf1e27c46b4b84c126d6c6f118b9,Mutton/0 hr Mutton images/3848.jpg|Mutton/0 hr Mutton images/3849.jpg|Mutton/0 hr Mutton images/3921.jpg,3
train,0 hr Mutton,0_hr_Mutton_0126.jpg,train/0 hr Mutton/0_hr_Mutton_0126.jpg,460921,b73e1827409d223e666161c9cfdeacad3fe1c84dabad4b76608d51975f696456,Mutton/0 hr Mutton images/3898.jpg|Mutton/0 hr Mutton images/3899.jpg,2
train,0 hr Mutton,0_hr_Mutton_0127.jpg,train/0 hr Mutton/0_hr_Mutton_0127.jpg,528619,ad24c13853d69d74f6e30acd639928c5fbe5ea937184ba1bbec5060feabea8b9,Mutton/0 hr Mutton images/3762.jpg|Mutton/0 hr Mutton images/3763.jpg,2
train,0 hr Mutton,0_hr_Mutton_0128.jpg,train/0 hr Mutton/0_hr_Mutton_0128.jpg,563477,37184ba33a8e741e581a16208afbd73e07ea5609e7524b1b43acc08a39d01892,Mutton/0 hr Mutton images/3796.jpg|Mutton/0 hr Mutton images/3797.jpg,2
train,0 hr Mutton,0_hr_Mutton_0129.jpg,train/0 hr Mutton/0_hr_Mutton_0129.jpg,508125,f2fc39910502269c01d2252bf0db3312259dce82d73a0b58330bf4fb7d2f68e2,Mutton/0 hr Mutton images/3788.jpg|Mutton/0 hr Mutton images/3789.jpg,2
train,0 hr Mutton,0_hr_Mutton_0130.jpg,train/0 hr Mutton/0_hr_Mutton_0130.jpg,533882,fcae2a485260d3df71877ccd0d44d5683019cbf84dbb9033133b33acb2e8d1bb,Mutton/0 hr Mutton images/3892.jpg|Mutton/0 hr Mutton images/3893.jpg,2
train,0 hr Mutton,0_hr_Mutton_0131.jpg,train/0 hr Mutton/0_hr_Mutton_0131.jpg,494249,05fdd5f1f0a75dd52af971c066b770bfce2931b20e87e5eb02c260b8dce1a553,Mutton/0 hr Mutton images/3774.jpg|Mutton/0 hr Mutton images/3775.jpg|Mutton/0 hr Mutton images/3934.jpg,3
train,0 hr Mutton,0_hr_Mutton_0132.jpg,train/0 hr Mutton/0_hr_Mutton_0132.jpg,627427,b8b93a7dbc450929d3f7ef22d2dbc6edb7232b748b44db93cd22de7ceb689ec3,Mutton/0 hr Mutton images/3696.jpg|Mutton/0 hr Mutton images/3697.jpg|Mutton/0 hr Mutton images/3937.jpg,3
train,0 hr Mutton,0_hr_Mutton_0133.jpg,train/0 hr Mutton/0_hr_Mutton_0133.jpg,536438,c2a34659ba2e5635d8057985710f01d201753eb77315a671b18c850253aad677,Mutton/0 hr Mutton images/3624.jpg|Mutton/0 hr Mutton images/3625.jpg,2
train,0 hr Mutton,0_hr_Mutton_0134.jpg,train/0 hr Mutton/0_hr_Mutton_0134.jpg,638457,6e782e98b8716d089c41de9e22d8d000027c7006c2e02c575e6a1a4b86953ba6,Mutton/0 hr Mutton images/3690.jpg|Mutton/0 hr Mutton images/3691.jpg,2
train,0 hr Mutton,0_hr_Mutton_0135.jpg,train/0 hr Mutton/0_hr_Mutton_0135.jpg,606001,e9a08b91f8436bca91312fdce6b309c44d225193b685bceacd7e986a748ed08b,Mutton/0 hr Mutton images/3538.jpg|Mutton/0 hr Mutton images/3539.jpg,2
train,0 hr Mutton,0_hr_Mutton_0136.jpg,train/0 hr Mutton/0_hr_Mutton_0136.jpg,521367,36ba6ec921d2c9eb2168ffc7c66d14faf31adf362ad9572d5242ba190a74b08f,Mutton/0 hr Mutton images/3580.jpg|Mutton/0 hr Mutton images/3581.jpg,2
train,0 hr Mutton,0_hr_Mutton_0137.jpg,train/0 hr Mutton/0_hr_Mutton_0137.jpg,533174,0b5a5c9846f45ad1f21c2cc19aa912eedeffd53bba53cf21d167d85c8c751d75,Mutton/0 hr Mutton images/3786.jpg|Mutton/0 hr Mutton images/3787.jpg|Mutton/0 hr Mutton images/3949.jpg,3
train,0 hr Mutton,0_hr_Mutton_0138.jpg,train/0 hr Mutton/0_hr_Mutton_0138.jpg,505665,9defa85ca425094ca5719f258ac6f25946d691285e9e2d770ed4b43b826137dd,Mutton/0 hr Mutton images/3856.jpg|Mutton/0 hr Mutton images/3857.jpg,2
train,0 hr Mutton,0_hr_Mutton_0139.jpg,train/0 hr Mutton/0_hr_Mutton_0139.jpg,564979,a9df9c46f33e8e6ef80980d3fe27c20814803baf5316b3faf097c692d636d60f,Mutton/0 hr Mutton images/3824.jpg|Mutton/0 hr Mutton images/3825.jpg|Mutton/0 hr Mutton images/3926.jpg,3
train,0 hr Mutton,0_hr_Mutton_0140.jpg,train/0 hr Mutton/0_hr_Mutton_0140.jpg,500339,6a5c1694a2f7085102594944eae841a4aae089366cfdd950027f60cb48be53bc,Mutton/0 hr Mutton images/3716.jpg|Mutton/0 hr Mutton images/3717.jpg,2
train,0 hr Mutton,0_hr_Mutton_0141.jpg,train/0 hr Mutton/0_hr_Mutton_0141.jpg,579477,48be39a6a165f50ed9861737c8e11ec2599238445082704e4bb952ab94ab0020,Mutton/0 hr Mutton images/3680.jpg|Mutton/0 hr Mutton images/3681.jpg,2
train,0 hr Mutton,0_hr_Mutton_0142.jpg,train/0 hr Mutton/0_hr_Mutton_0142.jpg,523086,fc6b8614593ef68ababe6bd48b9f1125a9bca096ff076ecb608925445ee9cdc6,Mutton/0 hr Mutton images/3894.jpg|Mutton/0 hr Mutton images/3895.jpg,2
train,0 hr Mutton,0_hr_Mutton_0143.jpg,train/0 hr Mutton/0_hr_Mutton_0143.jpg,470781,1a667646ace870d22bc90be275c4f794cc440e49c868325b693911c58fb4c3a5,Mutton/0 hr Mutton images/3874.jpg|Mutton/0 hr Mutton images/3875.jpg,2
train,12 hr Beef,12_hr_Beef_0000.jpg,train/12 hr Beef/12_hr_Beef_0000.jpg,489098,0060f812517c0aa8ed8c790cf52aebc0e59da37992db55a1c7501417f97dfbff,Beef/12 hr Beef images/1594.jpg|Beef/12 hr Beef images/1595.jpg,2
train,12 hr Beef,12_hr_Beef_0001.jpg,train/12 hr Beef/12_hr_Beef_0001.jpg,471268,d8252963ca76dd5512aba902419c7f92cf32faac53abeaa748da2be78f904ec7,Beef/12 hr Beef images/1814.jpg|Beef/12 hr Beef images/1815.jpg|Beef/12 hr Beef images/1941.jpg,3
train,12 hr Beef,12_hr_Beef_0002.jpg,train/12 hr Beef/12_hr_Beef_0002.jpg,476360,79ac23f56e85f5540a7fc9103fe2a73567db62382ac6974e69cbca0e76e7cbdd,Beef/12 hr Beef images/1680.jpg|Beef/12 hr Beef images/1681.jpg|Beef/12 hr Beef images/1945.jpg,3
train,12 hr Beef,12_hr_Beef_0003.jpg,train/12 hr Beef/12_hr_Beef_0003.jpg,483998,3a7772ce9c0302d66ef3d02ad499cb8b4b5ab93a0dbce1b0a9c23a27218e9384,Beef/12 hr Beef images/1760.jpg|Beef/12 hr Beef images/1761.jpg,2
train,12 hr Beef,12_hr_Beef_0004.jpg,train/12 hr Beef/12_hr_Beef_0004.jpg,478329,eb252a168fb4eb41e36b2006fc7a34642278fed31b0128a005ccf15f6bfe0921,Beef/12 hr Beef images/1618.jpg|Beef/12 hr Beef images/1619.jpg,2
train,12 hr Beef,12_hr_Beef_0005.jpg,train/12 hr Beef/12_hr_Beef_0005.jpg,491068,b9f927b76a18ba806ba8fd26fdeab0ee0c1033090aa28179038c5f1a5b0ddfb3,Beef/12 hr Beef images/1900.jpg|Beef/12 hr Beef images/1901.jpg,2
train,12 hr Beef,12_hr_Beef_0006.jpg,train/12 hr Beef/12_hr_Beef_0006.jpg,473945,7dc6f17bfb45255aa2b3a4fbb0f76671be3be5117045a88c8e4a75798ed084e7,Beef/12 hr Beef images/1688.jpg|Beef/12 hr Beef images/1689.jpg,2
train,12 hr Beef,12_hr_Beef_0007.jpg,train/12 hr Beef/12_hr_Beef_0007.jpg,461514,01279bbfeb7c8a76687845cfc86d990791fc6aef2432f361c9dd4b19b1b17fd5,Beef/12 hr Beef images/1694.jpg|Beef/12 hr Beef images/1695.jpg|Beef/12 hr Beef images/1927.jpg,3
train,12 hr Beef,12_hr_Beef_0008.jpg,train/12 hr Beef/12_hr_Beef_0008.jpg,476081,9ac4dbc79cadbba8da74c7a36f36eb672d08e5ac924760e3ae1a96161bf418e6,Beef/12 hr Beef images/1598.jpg|Beef/12 hr Beef images/1599.jpg,2
train,12 hr Beef,12_hr_Beef_0009.jpg,train/12 hr Beef/12_hr_Beef_0009.jpg,457853,1b064af0b9d1119622bfa59fe43a165d8571e57684f1dcca566a9216c13776c1,Beef/12 hr Beef images/1722.jpg|Beef/12 hr Beef images/1723.jpg,2
train,12 hr Beef,12_hr_Beef_0010.jpg,train/12 hr Beef/12_hr_Beef_0010.jpg,527804,a3e58db0720d4cda6f6f4a1df83bcd3a95e80f2189a3f93a0a3d5991cb233bb6,Beef/12 hr Beef images/1528.jpg|Beef/12 hr Beef images/1529.jpg,2
train,12 hr Beef,12_hr_Beef_0011.jpg,train/12 hr Beef/12_hr_Beef_0011.jpg,500166,e7d242a5fbf5c9e005b62e83c68ba9da791ca9bf7ee6ea961bf9b8bb54ccdd7b,Beef/12 hr Beef images/1812.jpg|Beef/12 hr Beef images/1813.jpg,2
train,12 hr Beef,12_hr_Beef_0012.jpg,train/12 hr Beef/12_hr_Beef_0012.jpg,473150,8f10eb895bde3f1161cc7bde99623cc0d106dfa7d1c41763c9f9953c727a01e5,Beef/12 hr Beef images/1896.jpg|Beef/12 hr Beef images/1897.jpg|Beef/12 hr Beef images/1932.jpg,3
train,12 hr Beef,12_hr_Beef_0013.jpg,train/12 hr Beef/12_hr_Beef_0013.jpg,520669,24c171d1e8456c92def61466aace0f67ed7702a14754426acad5b3291ea9590e,Beef/12 hr Beef images/1784.jpg|Beef/12 hr Beef images/1785.jpg|Beef/12 hr Beef images/1935.jpg,3
train,12 hr Beef,12_hr_Beef_0014.jpg,train/12 hr Beef/12_hr_Beef_0014.jpg,465991,e67c2b6b79046551436ab8b8c58c495153a7f226428ba4024b098994ac422b5a,Beef/12 hr Beef images/1824.jpg|Beef/12 hr Beef images/1825.jpg,2
train,12 hr Beef,12_hr_Beef_0015.jpg,train/12 hr Beef/12_hr_Beef_0015.jpg,485820,dadfd767de49e1b425bce96c95d30da768e6be4adaeb1c4c930fdae025452365,Beef/12 hr Beef images/1902.jpg|Beef/12 hr Beef images/1903.jpg,2
train,12 hr Beef,12_hr_Beef_0016.jpg,train/12 hr Beef/12_hr_Beef_0016.jpg,430121,403f2fe22484ebf5e7438cafa0c288765e5615feb8cd48fc8676f70c12ffc2a0,Beef/12 hr Beef images/1676.jpg|Beef/12 hr Beef images/1677.jpg,2
train,12 hr Beef,12_hr_Beef_0017.jpg,train/12 hr Beef/12_hr_Beef_0017.jpg,468772,ea4865f4e4b0f353e0f1f54d79df8a804a7776dbc0a1f8978a2b64a9d7b71683,Beef/12 hr Beef images/1732.jpg|Beef/12 hr Beef images/1733.jpg,2
train,12 hr Beef,12_hr_Beef_0018.jpg,train/12 hr Beef/12_hr_Beef_0018.jpg,505976,350a6e52aa4c65aa33817bbd8b0696ce36d907231dde272c250103b5cf0bd893,Beef/12 hr Beef images/1730.jpg|Beef/12 hr Beef images/1731.jpg,2
train,12 hr Beef,12_hr_Beef_0019.jpg,train/12 hr Beef/12_hr_Beef_0019.jpg,493580,ddaa2b540ec8d684e040c87a5d42f311856ac38afbe6a3fb042a87d06f73a7f6,Beef/12 hr Beef images/1682.jpg|Beef/12 hr Beef images/1683.jpg,2
train,12 hr Beef,12_hr_Beef_0020.jpg,train/12 hr Beef/12_hr_Beef_0020.jpg,471143,9d54db1aff8099438e4618f7b90d0559291a23de3d48fa3661f3519a612f95e0,Beef/12 hr Beef images/1590.jpg|Beef/12 hr Beef images/1591.jpg|Beef/12 hr Beef images/1933.jpg,3
train,12 hr Beef,12_hr_Beef_0021.jpg,train/12 hr Beef/12_hr_Beef_0021.jpg,490831,6736f774bfdb945f47ba7c72dd00c1902f8c6e2d1673cba3b816c3014d5683e0,Beef/12 hr Beef images/1904.jpg|Beef/12 hr Beef images/1905.jpg,2
train,12 hr Beef,12_hr_Beef_0022.jpg,train/12 hr Beef/12_hr_Beef_0022.jpg,436977,e6e1006a142db460d55dc4757c912937381f43f02692309415cad5f36a6c6dcf,Beef/12 hr Beef images/1650.jpg|Beef/12 hr Beef images/1651.jpg,2
train,12 hr Beef,12_hr_Beef_0023.jpg,train/12 hr Beef/12_hr_Beef_0023.jpg,540829,4b9ccc355c98780a6159f2d7042bc002ef5acb90a26fedfe257fa896bca4af18,Beef/12 hr Beef images/1538.jpg|Beef/12 hr Beef images/1539.jpg,2
train,12 hr Beef,12_hr_Beef_0024.jpg,train/12 hr Beef/12_hr_Beef_0024.jpg,491531,8979331cf24898222201a4a7173672bb0c66cfd8d48b523ac2ce4c4d2c12fbcb,Beef/12 hr Beef images/1890.jpg|Beef/12 hr Beef images/1891.jpg,2
train,12 hr Beef,12_hr_Beef_0025.jpg,train/12 hr Beef/12_hr_Beef_0025.jpg,476459,e4a539661084c5e9e8a97a85ecc4e708b509b60c629c39e291d34b3403bcd4de,Beef/12 hr Beef images/1844.jpg|Beef/12 hr Beef images/1845.jpg,2
train,12 hr Beef,12_hr_Beef_0026.jpg,train/12 hr Beef/12_hr_Beef_0026.jpg,504201,5adfd628ce8ca601f4d5bf7475924d88c68278de3dfe769fdf9bf620bc86baed,Beef/12 hr Beef images/1782.jpg|Beef/12 hr Beef images/1783.jpg,2
train,12 hr Beef,12_hr_Beef_0027.jpg,train/12 hr Beef/12_hr_Beef_0027.jpg,476663,49cc5f0650b5395fe2beb8245c643fa3d966dfe73de73334824ee043f56d96a2,Beef/12 hr Beef images/1850.jpg|Beef/12 hr Beef images/1851.jpg,2
train,12 hr Beef,12_hr_Beef_0028.jpg,train/12 hr Beef/12_hr_Beef_0028.jpg,506834,37391852b29e5aaf6e89ac5c97a8a6b9d7934ddf59bdb89bde77d61247054a57,Beef/12 hr Beef images/1810.jpg|Beef/12 hr Beef images/1811.jpg,2
train,12 hr Beef,12_hr_Beef_0029.jpg,train/12 hr Beef/12_hr_Beef_0029.jpg,477680,00cfbaf7876bfbdcbb011909e379bb8219b6554cefd608d33238b2f034004ed0,Beef/12 hr Beef images/1658.jpg|Beef/12 hr Beef images/1659.jpg,2
train,12 hr Beef,12_hr_Beef_0030.jpg,train/12 hr Beef/12_hr_Beef_0030.jpg,516467,1dc8324c3dae13a8131d8a5faf6805ccc652f1527b79e964154b028937c597a6,Beef/12 hr Beef images/1778.jpg|Beef/12 hr Beef images/1779.jpg,2
train,12 hr Beef,12_hr_Beef_0031.jpg,train/12 hr Beef/12_hr_Beef_0031.jpg,536392,d01df10c6495c0408ef0ed88111ec5e00d39cdaf5388129a68f5c0ffe63dbec8,Beef/12 hr Beef images/1636.jpg|Beef/12 hr Beef images/1637.jpg,2
train,12 hr Beef,12_hr_Beef_0032.jpg,train/12 hr Beef/12_hr_Beef_0032.jpg,459060,b5d800fe2aaadf2521eb505b17d3040b62e7b0274f7fedd499b5c3c25872adbf,Beef/12 hr Beef images/1750.jpg|Beef/12 hr Beef images/1751.jpg,2
train,12 hr Beef,12_hr_Beef_0033.jpg,train/12 hr Beef/12_hr_Beef_0033.jpg,495355,99a6aaa314867ebd6041e9961336fbc6417aeeff23262c6137ba4bc07d17c3a5,Beef/12 hr Beef images/1526.jpg|Beef/12 hr Beef images/1527.jpg,2
train,12 hr Beef,12_hr_Beef_0034.jpg,train/12 hr Beef/12_hr_Beef_0034.jpg,500704,9cddd64cafbaaeae6733647182faf962f09347546e5ba471618ccc4932ec47a2,Beef/12 hr Beef images/1842.jpg|Beef/12 hr Beef images/1843.jpg,2
train,12 hr Beef,12_hr_Beef_0035.jpg,train/12 hr Beef/12_hr_Beef_0035.jpg,540674,398da1d0fcd0a9e1f9b6d093b63c9a11a5a9faa4bfe21bdfeeb8ca861ac2f60d,Beef/12 hr Beef images/1634.jpg|Beef/12 hr Beef images/1635.jpg,2
train,12 hr Beef,12_hr_Beef_0036.jpg,train/12 hr Beef/12_hr_Beef_0036.jpg,481069,03814f38f8b36566f203b0552977bb116fe3d3405ef7dc4b6376329e82e3b08a,Beef/12 hr Beef images/1616.jpg|Beef/12 hr Beef images/1617.jpg|Beef/12 hr Beef images/1908.jpg,3
train,12 hr Beef,12_hr_Beef_0037.jpg,train/12 hr Beef/12_hr_Beef_0037.jpg,502123,5b99aa982a5d75ed1bfb64ffa8e0007bbee367c84254557287681d631dbe6eb0,Beef/12 hr Beef images/1564.jpg|Beef/12 hr Beef images/1565.jpg,2
train,12 hr Beef,12_hr_Beef_0038.jpg,train/12 hr Beef/12_hr_Beef_0038.jpg,498631,903adb2e047454ee868362da6adf10d20c283bafc371f6a17bb9c514e7244e5d,Beef/12 hr Beef images/1584.jpg|Beef/12 hr Beef images/1585.jpg|Beef/12 hr Beef images/1910.jpg,3
train,12 hr Beef,12_hr_Beef_0039.jpg,train/12 hr Beef/12_hr_Beef_0039.jpg,474723,5e1509f8e59a343919f4d2217c8f78dafac84012d9971959f9bf0447eaed0dda,Beef/12 hr Beef images/1554.jpg|Beef/12 hr Beef images/1555.jpg,2
train,12 hr Beef,12_hr_Beef_0040.jpg,train/12 hr Beef/12_hr_Beef_0040.jpg,492611,ea7c2b3b67925f8fa02682ff0ba39e2f1c14e81aa33ce90327da9a770b288eee,Beef/12 hr Beef images/1506.jpg|Beef/12 hr Beef images/1507.jpg,2
train,12 hr Beef,12_hr_Beef_0041.jpg,train/12 hr Beef/12_hr_Beef_0041.jpg,481263,243bfe91d8a9ef00f1ff79df3a202d6b1ab773ae0521b08034ca69be30a79775,Beef/12 hr Beef images/1882.jpg|Beef/12 hr Beef images/1883.jpg,2
train,12 hr Beef,12_hr_Beef_0042.jpg,train/12 hr Beef/12_hr_Beef_0042.jpg,457642,c5c17aae8bac52e1e1b0a41baddd4e4ea41e7a099c8fefa4189b537a3803787d,Beef/12 hr Beef images/1726.jpg|Beef/12 hr Beef images/1727.jpg,2
train,12 hr Beef,12_hr_Beef_0043.jpg,train/12 hr Beef/12_hr_Beef_0043.jpg,478927,c2fc4bdd0090a7465f69489c0b68c88f33e4eef303fcbef96621d0ca9caa52a3,Beef/12 hr Beef images/1894.jpg|Beef/12 hr Beef images/1895.jpg|Beef/12 hr Beef images/1917.jpg,3
train,12 hr Beef,12_hr_Beef_0044.jpg,train/12 hr Beef/12_hr_Beef_0044.jpg,539970,857b8ea81e7b3d2eb3cc7892a8e60abff64fd12cdda4b2347c38b869656ff527,Beef/12 hr Beef images/1556.jpg|Beef/12 hr Beef images/1557.jpg,2
train,12 hr Beef,12_hr_Beef_0045.jpg,train/12 hr Beef/12_hr_Beef_0045.jpg,472524,e3b95b95c80deed53b262fdf641ea410d8fa6785151a9b56bb261d52ce076d74,Beef/12 hr Beef images/1830.jpg|Beef/12 hr Beef images/1831.jpg,2
train,12 hr Beef,12_hr_Beef_0046.jpg,train/12 hr Beef/12_hr_Beef_0046.jpg,490839,fcef9c26c7c68d93ab954a6ab2eb107af1877c416f268d26db874d13a0921f47,Beef/12 hr Beef images/1888.jpg|Beef/12 hr Beef images/1889.jpg,2
train,12 hr Beef,12_hr_Beef_0047.jpg,train/12 hr Beef/12_hr_Beef_0047.jpg,450337,4e6a4eb1914c9c18c92ddb53aa5881deae995edb964d4d7bc34cf128a3ec5256,Beef/12 hr Beef images/1792.jpg|Beef/12 hr Beef images/1793.jpg|Beef/12 hr Beef images/1919.jpg,3
train,12 hr Beef,12_hr_Beef_0048.jpg,train/12 hr Beef/12_hr_Beef_0048.jpg,510029,75b19f8df95688501f25b5aceec3837876775d0055b28ca831bb3c1f28d6b99f,Beef/12 hr Beef images/1630.jpg|Beef/12 hr Beef images/1631.jpg,2
train,12 hr Beef,12_hr_Beef_0049.jpg,train/12 hr Beef/12_hr_Beef_0049.jpg,479096,588e529372eed729d318b4f4778eada54f3902197123e0006323d8c8afe27027,Beef/12 hr Beef images/1670.jpg|Beef/12 hr Beef images/1671.jpg,2
train,12 hr Beef,12_hr_Beef_0050.jpg,train/12 hr Beef/12_hr_Beef_0050.jpg,463848,137b155f28e1d8ff32bafcb6168cda4bd030d90f1eb5a090280599e774358e83,Beef/12 hr Beef images/1720.jpg|Beef/12 hr Beef images/1721.jpg,2
train,12 hr Beef,12_hr_Beef_0051.jpg,train/12 hr Beef/12_hr_Beef_0051.jpg,520036,8a21fef3cecd8d940999f80ccf1c466f74bf30ab6a733f907db943fc9c245458,Beef/12 hr Beef images/1624.jpg|Beef/12 hr Beef images/1625.jpg|Beef/12 hr Beef images/1944.jpg,3
train,12 hr Beef,12_hr_Beef_0052.jpg,train/12 hr Beef/12_hr_Beef_0052.jpg,487134,ed7bb9bdc0c1a84fa8444d6532751368fecada2810018ce632c1f10ee178ad2d,Beef/12 hr Beef images/1614.jpg|Beef/12 hr Beef images/1615.jpg,2
train,12 hr Beef,12_hr_Beef_0053.jpg,train/12 hr Beef/12_hr_Beef_0053.jpg,495957,82805c62cd5308c595e3c0b497f665d67468490e82df9aaf8fedd8f07d15a94f,Beef/12 hr Beef images/1840.jpg|Beef/12 hr Beef images/1841.jpg,2
train,12 hr Beef,12_hr_Beef_0054.jpg,train/12 hr Beef/12_hr_Beef_0054.jpg,446615,48d6e8d2f2ca7b56f7cb09fcc025094e5c69d3a19dd031b6684ccea59ead841a,Beef/12 hr Beef images/1862.jpg|Beef/12 hr Beef images/1863.jpg,2
train,12 hr Beef,12_hr_Beef_0055.jpg,train/12 hr Beef/12_hr_Beef_0055.jpg,460184,a4bfc158c034f660588a6fdd87a4ed8fc2fcb5917a3b2b49f27f953232e4a529,Beef/12 hr Beef images/1822.jpg|Beef/12 hr Beef images/1823.jpg|Beef/12 hr Beef images/1926.jpg,3
train,12 hr Beef,12_hr_Beef_0056.jpg,train/12 hr Beef/12_hr_Beef_0056.jpg,535277,dd6f94699fe171f84b5abe9f5607dbf4a77c4e47603a9d8ec069c3928ce7410b,Beef/12 hr Beef images/1874.jpg|Beef/12 hr Beef images/1875.jpg,2
train,12 hr Beef,12_hr_Beef_0057.jpg,train/12 hr Beef/12_hr_Beef_0057.jpg,500267,2a69488605e8a642fbe0850cec3b379f237a0fc75bd98024cbaf6fb9fc8e520a,Beef/12 hr Beef images/1880.jpg|Beef/12 hr Beef images/1881.jpg,2
train,12 hr Beef,12_hr_Beef_0058.jpg,train/12 hr Beef/12_hr_Beef_0058.jpg,517078,376f2ddeb9da30a64704b7740f04e2b0e5adc8cf3c5f562279c33fd3fffe9a17,Beef/12 hr Beef images/1878.jpg|Beef/12 hr Beef images/1879.jpg,2
train,12 hr Beef,12_hr_Beef_0059.jpg,train/12 hr Beef/12_hr_Beef_0059.jpg,487706,63695a596725de63cfec47f812d25737d3427aa0419964e7b679b157e658998d,Beef/12 hr Beef images/1786.jpg|Beef/12 hr Beef images/1787.jpg,2
train,12 hr Beef,12_hr_Beef_0060.jpg,train/12 hr Beef/12_hr_Beef_0060.jpg,482177,9464328a5a694bb5fdee731cdd8889512e8970550125646628739d5cad10f4c8,Beef/12 hr Beef images/1522.jpg|Beef/12 hr Beef images/1523.jpg,2
train,12 hr Beef,12_hr_Beef_0061.jpg,train/12 hr Beef/12_hr_Beef_0061.jpg,480391,f9f861d0223811e7b31940ff95452e49dae47d797dfafa2c2b31b2ada0c3a2b3,Beef/12 hr Beef images/1834.jpg|Beef/12 hr Beef images/1835.jpg,2
train,12 hr Beef,12_hr_Beef_0062.jpg,train/12 hr Beef/12_hr_Beef_0062.jpg,433210,b6e4a80cc5493178989d79e05a330faa5001fdbea5a1262d541118c00884b5fc,Beef/12 hr Beef images/1764.jpg|Beef/12 hr Beef images/1765.jpg,2
train,12 hr Beef,12_hr_Beef_0063.jpg,train/12 hr Beef/12_hr_Beef_0063.jpg,457660,aa417ab97a08f17e37d8163bf73a9790c5cb8fc4a3df42475633678116e372e4,Beef/12 hr Beef images/1514.jpg|Beef/12 hr Beef images/1515.jpg,2
train,12 hr Beef,12_hr_Beef_0064.jpg,train/12 hr Beef/12_hr_Beef_0064.jpg,502399,6ea2cb76ecf52b2a6ba526ca90dabf2d4ef9c7ed0036b5d5ac58b582d0945a26,Beef/12 hr Beef images/1886.jpg|Beef/12 hr Beef images/1887.jpg,2
train,12 hr Beef,12_hr_Beef_0065.jpg,train/12 hr Beef/12_hr_Beef_0065.jpg,513680,af8c863ac69eba13d7ab3c1fbc450d6b371ee0d3aac3949e4f3b85bc3e7f3e29,Beef/12 hr Beef images/1570.jpg|Beef/12 hr Beef images/1571.jpg|Beef/12 hr Beef images/1921.jpg,3
train,12 hr Beef,12_hr_Beef_0066.jpg,train/12 hr Beef/12_hr_Beef_0066.jpg,457181,e0f1b9d9aa340283236caca97b888d3f3328b6e8cbda4e5783993cdffb2de85e,Beef/12 hr Beef images/1796.jpg|Beef/12 hr Beef images/1797.jpg,2
train,12 hr Beef,12_hr_Beef_0067.jpg,train/12 hr Beef/12_hr_Beef_0067.jpg,439713,2bf7b3b738458b68ca7f82fcda1d31db25ed0643dd2e98efe2dddd462e3e0bc1,Beef/12 hr Beef images/1672.jpg|Beef/12 hr Beef images/1673.jpg,2
train,12 hr Beef,12_hr_Beef_0068.jpg,train/12 hr Beef/12_hr_Beef_0068.jpg,538170,bff63590116577af4235997372cc18ee037bc440e10c7933d1e7562846ce513c,Beef/12 hr Beef images/1768.jpg|Beef/12 hr Beef images/1769.jpg,2
train,12 hr Beef,12_hr_Beef_0069.jpg,train/12 hr Beef/12_hr_Beef_0069.jpg,472905,291ea4c7f543225e7e45c3a26a6ce4fef57b97d09c244139addaabe85c6fa919,Beef/12 hr Beef images/1668.jpg|Beef/12 hr Beef images/1669.jpg,2
train,12 hr Beef,12_hr_Beef_0070.jpg,train/12 hr Beef/12_hr_Beef_0070.jpg,512304,4d255e726b50a6bd9cb6186dd00665255a62a87f976a6be10d4a970739b81845,Beef/12 hr Beef images/1504.jpg|Beef/12 hr Beef images/1505.jpg,2
train,12 hr Beef,12_hr_Beef_0071.jpg,train/12 hr Beef/12_hr_Beef_0071.jpg,472847,68be8b5ac3acb3334c67eac9720df647d1d3ecb04edf3145529b0d44dbfae391,Beef/12 hr Beef images/1586.jpg|Beef/12 hr Beef images/1587.jpg,2
train,12 hr Beef,12_hr_Beef_0072.jpg,train/12 hr Beef/12_hr_Beef_0072.jpg,504079,b339eec484fd8f91c82c4d149ff95698de1cf65f104a87e997d6209c00e7b18d,Beef/12 hr Beef images/1638.jpg|Beef/12 hr Beef images/1639.jpg,2
train,12 hr Beef,12_hr_Beef_0073.jpg,train/12 hr Beef/12_hr_Beef_0073.jpg,522945,a8314503512803ba498cfea607d98c378998d498f624e40a6ca9b6b3b8e12d56,Beef/12 hr Beef images/1872.jpg|Beef/12 hr Beef images/1873.jpg,2
train,12 hr Beef,12_hr_Beef_0074.jpg,train/12 hr Beef/12_hr_Beef_0074.jpg,503199,a11961ab97af56ea009c2c9ca6f6190e1a2700340a389029053a3bb02f4f466f,Beef/12 hr Beef images/1550.jpg|Beef/12 hr Beef images/1551.jpg|Beef/12 hr Beef images/1916.jpg,3
train,12 hr Beef,12_hr_Beef_0075.jpg,train/12 hr Beef/12_hr_Beef_0075.jpg,504779,01735568516e177228ca914c52c01a086eb2e61e01ab1eb631f0bcdbcf39b401,Beef/12 hr Beef images/1836.jpg|Beef/12 hr Beef images/1837.jpg,2
train,12 hr Beef,12_hr_Beef_0076.jpg,train/12 hr Beef/12_hr_Beef_0076.jpg,517098,f3823d9fc51cb0ff82a25f27cb6603d87f45efddd7ae169dcc688ec0faa908ef,Beef/12 hr Beef images/1626.jpg|Beef/12 hr Beef images/1627.jpg|Beef/12 hr Beef images/1913.jpg,3
train,12 hr Beef,12_hr_Beef_0077.jpg,train/12 hr Beef/12_hr_Beef_0077.jpg,456200,12729229840ba33a0c3ff23f2598004e00eecd2344f0f6e7592226470b4c341d,Beef/12 hr Beef images/1704.jpg|Beef/12 hr Beef images/1705.jpg|Beef/12 hr Beef images/1930.jpg,3
train,12 hr Beef,12_hr_Beef_0078.jpg,train/12 hr Beef/12_hr_Beef_0078.jpg,466988,d9c47036f29c137096cbb1fc59d55923aff93f80c3d15ee6851ee8e013bd763e,Beef/12 hr Beef images/1794.jpg|Beef/12 hr Beef images/1795.jpg,2
train,12 hr Beef,12_hr_Beef_0079.jpg,train/12 hr Beef/12_hr_Beef_0079.jpg,549366,8bcf51945205d4a1f4c6696c4f3f52b2ff82280f70d346c5d6b021c5a9aebe06,Beef/12 hr Beef images/1612.jpg|Beef/12 hr Beef images/1613.jpg,2
train,12 hr Beef,12_hr_Beef_0080.jpg,train/12 hr Beef/12_hr_Beef_0080.jpg,466082,d7db093a726569870604b4eb4be871fe6d30fcb29dfa0ed432f4691481810c93,Beef/12 hr Beef images/1854.jpg|Beef/12 hr Beef images/1855.jpg,2
train,12 hr Beef,12_hr_Beef_0081.jpg,train/12 hr Beef/12_hr_Beef_0081.jpg,424018,093aecde14e85d78aded2db7348398c96c238f644f5e54f3ebe39bf3dcc879dd,Beef/12 hr Beef images/1734.jpg|Beef/12 hr Beef images/1735.jpg,2
train,12 hr Beef,12_hr_Beef_0082.jpg,train/12 hr Beef/12_hr_Beef_0082.jpg,435583,5985f2d8fe89e696f5d2915b92ee37144ea89faf5c39a324b7043a1695409903,Beef/12 hr Beef images/1828.jpg|Beef/12 hr Beef images/1829.jpg,2
train,12 hr Beef,12_hr_Beef_0083.jpg,train/12 hr Beef/12_hr_Beef_0083.jpg,459289,55d963a93df23716c42921a261c0359b64b07f01ab9c8ebdecd4d2bfe9889836,Beef/12 hr Beef images/1662.jpg|Beef/12 hr Beef images/1663.jpg,2
train,12 hr Beef,12_hr_Beef_0084.jpg,train/12 hr Beef/12_hr_Beef_0084.jpg,440535,de4124bb6f29a937bf3578e14be6ad5fbdb5b3855be0b4d23f18ac62c23e17ce,Beef/12 hr Beef images/1728.jpg|Beef/12 hr Beef images/1729.jpg,2
train,12 hr Beef,12_hr_Beef_0085.jpg,train/12 hr Beef/12_hr_Beef_0085.jpg,470349,a14a8bfc4c0c5f36fd0369c1e85d809f9ff2604c426ca4f0a0774a2f4efc20ae,Beef/12 hr Beef images/1820.jpg|Beef/12 hr Beef images/1821.jpg,2
train,12 hr Beef,12_hr_Beef_0086.jpg,train/12 hr Beef/12_hr_Beef_0086.jpg,533905,c6d91652c7363be9818e2ee3aa02a57e0112ed52546de05c40fab90277a3b04b,Beef/12 hr Beef images/1610.jpg|Beef/12 hr Beef images/1611.jpg,2
train,12 hr Beef,12_hr_Beef_0087.jpg,train/12 hr Beef/12_hr_Beef_0087.jpg,434326,6e5d2e058906fe6c923f263ad64e4ed163967794eb5a3d11dd5747e9cb7699f0,Beef/12 hr Beef images/1652.jpg|Beef/12 hr Beef images/1653.jpg,2
train,12 hr Beef,12_hr_Beef_0088.jpg,train/12 hr Beef/12_hr_Beef_0088.jpg,534967,282bd90cf5079aa17718db8e689d28307646fa61a4dea638cd6f1ea0b7f34756,Beef/12 hr Beef images/1552.jpg|Beef/12 hr Beef images/1553.jpg,2
train,12 hr Beef,12_hr_Beef_0089.jpg,train/12 hr Beef/12_hr_Beef_0089.jpg,426376,fabbb31d80ae550bdfba243ebfe3afd0ffa6d41957a51ac4a08ad1d87632db29,Beef/12 hr Beef images/1602.jpg|Beef/12 hr Beef images/1603.jpg,2
train,12 hr Beef,12_hr_Beef_0090.jpg,train/12 hr Beef/12_hr_Beef_0090.jpg,489837,c8a7ad6f2dc4e4ae462355a38339f1fc63cae8c487843c073ee4914af43d83b9,Beef/12 hr Beef images/1692.jpg|Beef/12 hr Beef images/1693.jpg|Beef/12 hr Beef images/1922.jpg,3
train,12 hr Beef,12_hr_Beef_0091.jpg,train/12 hr Beef/12_hr_Beef_0091.jpg,539525,527c28c1cc519e0627c287fe8b7a8e5580725315208928ac012496e11d38517a,Beef/12 hr Beef images/1802.jpg|Beef/12 hr Beef images/1803.jpg,2
train,12 hr Beef,12_hr_Beef_0092.jpg,train/12 hr Beef/12_hr_Beef_0092.jpg,428515,ce2d31de6e7b9e3a6fba1b441d3df51b5e2df27fed1feb0c3c6bf85804735831,Beef/12 hr Beef images/1736.jpg|Beef/12 hr Beef images/1737.jpg,2
train,12 hr Beef,12_hr_Beef_0093.jpg,train/12 hr Beef/12_hr_Beef_0093.jpg,502036,5da6a75f3a653249c4f465c584cc5d9aeaf031e9af1f8c2db2e308fdb34dc8f0,Beef/12 hr Beef images/1684.jpg|Beef/12 hr Beef images/1685.jpg|Beef/12 hr Beef images/1946.jpg,3
train,12 hr Beef,12_hr_Beef_0094.jpg,train/12 hr Beef/12_hr_Beef_0094.jpg,564667,7deef4d215f392dac6898df7d88650d1c4d02079e7e19bf7283b1a16f8413dce,Beef/12 hr Beef images/1864.jpg|Beef/12 hr Beef images/1865.jpg,2
train,12 hr Beef,12_hr_Beef_0095.jpg,train/12 hr Beef/12_hr_Beef_0095.jpg,512363,f3e2f8a95a178c6fd66d2870d545db8d80139a37f4762a212b23fca07e8b43d0,Beef/12 hr Beef images/1568.jpg|Beef/12 hr Beef images/1569.jpg,2
train,12 hr Beef,12_hr_Beef_0096.jpg,train/12 hr Beef/12_hr_Beef_0096.jpg,522456,85d008ac58729bda1fbedf3dc41e39ba124501c44f7fa963e7fd4d2ee76a8aaf,Beef/12 hr Beef images/1542.jpg|Beef/12 hr Beef images/1543.jpg,2
train,12 hr Beef,12_hr_Beef_0097.jpg,train/12 hr Beef/12_hr_Beef_0097.jpg,447569,d8c90be8d35c6fb05ae08bc36b945eeacff4c9402ecf16693c03b54e1d7d4744,Beef/12 hr Beef images/1600.jpg|Beef/12 hr Beef images/1601.jpg,2
train,12 hr Beef,12_hr_Beef_0098.jpg,train/12 hr Beef/12_hr_Beef_0098.jpg,434374,4fd3a15f9ef540eff4c4a88e5eea370cfec55e9d9c5d2b2f6dc4972e86f0d247,Beef/12 hr Beef images/1790.jpg|Beef/12 hr Beef images/1791.jpg|Beef/12 hr Beef images/1923.jpg,3
train,12 hr Beef,12_hr_Beef_0099.jpg,train/12 hr Beef/12_hr_Beef_0099.jpg,460366,eba7878318dacbaa9e3e44c37d8b75e54565b46f8f7139a316d3c93f1c72989d,Beef/12 hr Beef images/1752.jpg|Beef/12 hr Beef images/1753.jpg,2
train,12 hr Beef,12_hr_Beef_0100.jpg,train/12 hr Beef/12_hr_Beef_0100.jpg,520731,2aa7951346344f7b83a72a700c1841e7333057eeb380589012d5b0f156e71566,Beef/12 hr Beef images/1572.jpg|Beef/12 hr Beef images/1573.jpg,2
train,12 hr Beef,12_hr_Beef_0101.jpg,train/12 hr Beef/12_hr_Beef_0101.jpg,441173,030acd810e893db98ad9804866994f994adcd647f1bfeaf378cc61c70d6997c8,Beef/12 hr Beef images/1642.jpg|Beef/12 hr Beef images/1643.jpg|Beef/12 hr Beef images/1911.jpg,3
train,12 hr Beef,12_hr_Beef_0102.jpg,train/12 hr Beef/12_hr_Beef_0102.jpg,431573,21dd69980e17d780a1f7bd181d171feced8a7d94ad607f9483d0b1f686479e67,Beef/12 hr Beef images/1766.jpg|Beef/12 hr Beef images/1767.jpg,2
train,12 hr Beef,12_hr_Beef_0103.jpg,train/12 hr Beef/12_hr_Beef_0103.jpg,534812,39e43492d6504d334e4e6238deb84bea7cba4ec6a8e6d74105e502fb8e127715,Beef/12 hr Beef images/1804.jpg|Beef/12 hr Beef images/1805.jpg,2
train,12 hr Beef,12_hr_Beef_0104.jpg,train/12 hr Beef/12_hr_Beef_0104.jpg,469472,47d0a28a490331cebdbed14245de58c3f3eeb66d2f40e2dc6395f388a94d039a,Beef/12 hr Beef images/1656.jpg|Beef/12 hr Beef images/1657.jpg|Beef/12 hr Beef images/1920.jpg,3
train,12 hr Beef,12_hr_Beef_0105.jpg,train/12 hr Beef/12_hr_Beef_0105.jpg,468772,89fc1edc85ffb78b3561101ecac1ca8b4fba735b52ec430732309448c68b332e,Beef/12 hr Beef images/1576.jpg|Beef/12 hr Beef images/1577.jpg|Beef/12 hr Beef images/1943.jpg,3
train,12 hr Beef,12_hr_Beef_0106.jpg,train/12 hr Beef/12_hr_Beef_0106.jpg,459986,bafcd549033569883d1699b3eaa071b885c19638d57960188e994758150048ec,Beef/12 hr Beef images/1892.jpg|Beef/12 hr Beef images/1893.jpg,2
train,12 hr Beef,12_hr_Beef_0107.jpg,train/12 hr Beef/12_hr_Beef_0107.jpg,473908,4bdf96848f15293ee2f186ebc522ac51651a9cc439d1af04516bd8241052fd1d,Beef/12 hr Beef images/1762.jpg|Beef/12 hr Beef images/1763.jpg|Beef/12 hr Beef images/1924.jpg,3
train,12 hr Beef,12_hr_Beef_0108.jpg,train/12 hr Beef/12_hr_Beef_0108.jpg,536610,97a041264a836f1066f8f2cf9b2fa3e8b5153bf2bcede8bf9f8cf961e37983a2,Beef/12 hr Beef images/1558.jpg|Beef/12 hr Beef images/1559.jpg,2
train,12 hr Beef,12_hr_Beef_0109.jpg,train/12 hr Beef/12_hr_Beef_0109.jpg,534463,718535b65264fbaff362d355b641b8fa72ffd8c89b5ce745cec05b677dfe9876,Beef/12 hr Beef images/1560.jpg|Beef/12 hr Beef images/1561.jpg,2
train,12 hr Beef,12_hr_Beef_0110.jpg,train/12 hr Beef/12_hr_Beef_0110.jpg,514413,a0b97d9769fca0df5c9c682a92a476eeb9f280729f50ed2f113cf66ae928483a,Beef/12 hr Beef images/1628.jpg|Beef/12 hr Beef images/1629.jpg,2
train,12 hr Beef,12_hr_Beef_0111.jpg,train/12 hr Beef/12_hr_Beef_0111.jpg,420704,9801cd03daef801dcbe93fba6eb7fb3032e79318f7f35ed7bc4822f0089bbb0e,Beef/12 hr Beef images/1860.jpg|Beef/12 hr Beef images/1861.jpg|Beef/12 hr Beef images/1929.jpg,3
train,12 hr Beef,12_hr_Beef_0112.jpg,train/12 hr Beef/12_hr_Beef_0112.jpg,461740,8f94e2c908176647a3268f08b88c9b95be2c41e1eeea916d175050dad9f6b69e,Beef/12 hr Beef images/1518.jpg|Beef/12 hr Beef images/1519.jpg|Beef/12 hr Beef images/1915.jpg,3
train,12 hr Beef,12_hr_Beef_0113.jpg,train/12 hr Beef/12_hr_Beef_0113.jpg,476654,979e6c2c4b0a17ba424f9c8bb7249aea40e48ca6e25a15b3ee16908a9ceb8035,Beef/12 hr Beef images/1532.jpg|Beef/12 hr Beef images/1533.jpg,2
train,12 hr Beef,12_hr_Beef_0114.jpg,train/12 hr Beef/12_hr_Beef_0114.jpg,486743,ed64e1b4a63e8e1d9d66d58eba82205be8901a80e767d8f26f2e9cd778786649,Beef/12 hr Beef images/1858.jpg|Beef/12 hr Beef images/1859.jpg,2
train,12 hr Beef,12_hr_Beef_0115.jpg,train/12 hr Beef/12_hr_Beef_0115.jpg,461784,7cf431818b6e210f5c4fee58f3379114b39e51482922bd5233725344a3dfdd7f,Beef/12 hr Beef images/1512.jpg|Beef/12 hr Beef images/1513.jpg,2
train,12 hr Beef,12_hr_Beef_0116.jpg,train/12 hr Beef/12_hr_Beef_0116.jpg,452541,b9f78cf26885540c1b5b10699e1aebcbab166a9b6487cee5b44853c2243236ab,Beef/12 hr Beef images/1746.jpg|Beef/12 hr Beef images/1747.jpg,2
train,12 hr Beef,12_hr_Beef_0117.jpg,train/12 hr Beef/12_hr_Beef_0117.jpg,494497,fe7474ced0480fe836c7abd679a9cf58f2d3c1481ac91bcd265212a2c4ec2e53,Beef/12 hr Beef images/1524.jpg|Beef/12 hr Beef images/1525.jpg,2
train,12 hr Beef,12_hr_Beef_0118.jpg,train/12 hr Beef/12_hr_Beef_0118.jpg,467094,4129aac129014f527d790603a8cc981a997841e0a2c3f2971ebfc26bb783237e,Beef/12 hr Beef images/1516.jpg|Beef/12 hr Beef images/1517.jpg,2
train,12 hr Beef,12_hr_Beef_0119.jpg,train/12 hr Beef/12_hr_Beef_0119.jpg,457917,04d6bbf69ef7cb424231bfd67e52747ac1b205880a30f9d36533081146209b9b,Beef/12 hr Beef images/1562.jpg|Beef/12 hr Beef images/1563.jpg|Beef/12 hr Beef images/1940.jpg,3
train,12 hr Beef,12_hr_Beef_0120.jpg,train/12 hr Beef/12_hr_Beef_0120.jpg,459777,042ecf8a022f0105b641598af978bcffbec383eb9172566a71df09d4703747db,Beef/12 hr Beef images/1654.jpg|Beef/12 hr Beef images/1655.jpg,2
train,12 hr Beef,12_hr_Beef_0121.jpg,train/12 hr Beef/12_hr_Beef_0121.jpg,459083,166b3ce156bb56c1f140beb7ef37d8c3410f8c418ae00fb5b2fdda6779980589,Beef/12 hr Beef images/1580.jpg|Beef/12 hr Beef images/1581.jpg,2
train,12 hr Beef,12_hr_Beef_0122.jpg,train/12 hr Beef/12_hr_Beef_0122.jpg,434267,4683331aa6a872e9e8a980029357b5827df64b7554c55db5c2a4f261baab8cb6,Beef/12 hr Beef images/1852.jpg|Beef/12 hr Beef images/1853.jpg,2
train,12 hr Beef,12_hr_Beef_0123.jpg,train/12 hr Beef/12_hr_Beef_0123.jpg,494119,fd2c17b29e4c97527aa940bfd78faa6b1baf1082814ce93e22d651615873f590,Beef/12 hr Beef images/1502.jpg|Beef/12 hr Beef images/1503.jpg|Beef/12 hr Beef images/1912.jpg,3
train,12 hr Beef,12_hr_Beef_0124.jpg,train/12 hr Beef/12_hr_Beef_0124.jpg,429531,06968ea41cdd6a53dbfe35787049d8f65dc23a116364ac21913eb876277ad4e4,Beef/12 hr Beef images/1608.jpg|Beef/12 hr Beef images/1609.jpg|Beef/12 hr Beef images/1937.jpg,3
train,12 hr Beef,12_hr_Beef_0125.jpg,train/12 hr Beef/12_hr_Beef_0125.jpg,480806,83293c05a418470a0c5e0235faec3de5d477266c456dffcd6d518939f44e0e40,Beef/12 hr Beef images/1520.jpg|Beef/12 hr Beef images/1521.jpg,2
train,12 hr Beef,12_hr_Beef_0126.jpg,train/12 hr Beef/12_hr_Beef_0126.jpg,454138,31bd7c753f628b50308f1912afdb806dde1f739e9028b12a02b50af6b6b62240,Beef/12 hr Beef images/1640.jpg|Beef/12 hr Beef images/1641.jpg,2
train,12 hr Beef,12_hr_Beef_0127.jpg,train/12 hr Beef/12_hr_Beef_0127.jpg,515278,ba1a302303e83e7bdf9c7b98d0b9530d931b405cc3fb7fb7663217dba508d415,Beef/12 hr Beef images/1770.jpg|Beef/12 hr Beef images/1771.jpg|Beef/12 hr Beef images/1936.jpg,3
train,12 hr Beef,12_hr_Beef_0128.jpg,train/12 hr Beef/12_hr_Beef_0128.jpg,489517,f298cbeef7c75a6f699ee550cbe425e8a854f8df8cbcde9e4a5f99a0cf2754ee,Beef/12 hr Beef images/1898.jpg|Beef/12 hr Beef images/1899.jpg,2
train,12 hr Beef,12_hr_Beef_0129.jpg,train/12 hr Beef/12_hr_Beef_0129.jpg,524061,2e3b56881d4e6c1dc55bd19b4f993ac1bc8a873475d880a69049a29e08d058c2,Beef/12 hr Beef images/1546.jpg|Beef/12 hr Beef images/1547.jpg,2
train,12 hr Beef,12_hr_Beef_0130.jpg,train/12 hr Beef/12_hr_Beef_0130.jpg,499625,1408c4ed7f11af19c87932e0e85d9cfd6b918f4a464e4746b3ab497d685fec02,Beef/12 hr Beef images/1566.jpg|Beef/12 hr Beef images/1567.jpg|Beef/12 hr Beef images/1942.jpg,3
train,12 hr Beef,12_hr_Beef_0131.jpg,train/12 hr Beef/12_hr_Beef_0131.jpg,511869,cc2a5ba4d3f19372acc7a38bde2ba326c0d74a17379929305bb15f2edc885054,Beef/12 hr Beef images/1774.jpg|Beef/12 hr Beef images/1775.jpg|Beef/12 hr Beef images/1949.jpg,3
train,12 hr Beef,12_hr_Beef_0132.jpg,train/12 hr Beef/12_hr_Beef_0132.jpg,497373,995a2b1279f733cdc9147574c4f2264a6a144b0657a7ccbd03be5f8ccc822f5e,Beef/12 hr Beef images/1866.jpg|Beef/12 hr Beef images/1867.jpg,2
train,12 hr Beef,12_hr_Beef_0133.jpg,train/12 hr Beef/12_hr_Beef_0133.jpg,529512,cbbd531c9d4d2c4053f21fb8e9c67a90004c1ed84cd9d269d3d2fd469c633255,Beef/12 hr Beef images/1574.jpg|Beef/12 hr Beef images/1575.jpg,2
train,12 hr Beef,12_hr_Beef_0134.jpg,train/12 hr Beef/12_hr_Beef_0134.jpg,499538,8c4bbe7a6fccd5b420fa07039863792129c52862e91bf4f8be80fd8108610fac,Beef/12 hr Beef images/1540.jpg|Beef/12 hr Beef images/1541.jpg|Beef/12 hr Beef images/1938.jpg,3
train,12 hr Beef,12_hr_Beef_0135.jpg,train/12 hr Beef/12_hr_Beef_0135.jpg,528596,ec98ce6588cebcd4f8411931dd5179778821b33c333a0ee60a511475ceec1fa8,Beef/12 hr Beef images/1806.jpg|Beef/12 hr Beef images/1807.jpg,2
train,12 hr Beef,12_hr_Beef_0136.jpg,train/12 hr Beef/12_hr_Beef_0136.jpg,435001,47f1f91354b6c450d3cbe00271f2e3170bb940ddc9f4f4e23bedd0a052891910,Beef/12 hr Beef images/1710.jpg|Beef/12 hr Beef images/1711.jpg|Beef/12 hr Beef images/1948.jpg,3
train,12 hr Beef,12_hr_Beef_0137.jpg,train/12 hr Beef/12_hr_Beef_0137.jpg,493200,408628f44d4d012bad0e5506c1d435e7e6663e30ee4775fd7077ec06af1ca042,Beef/12 hr Beef images/1848.jpg|Beef/12 hr Beef images/1849.jpg,2
train,12 hr Beef,12_hr_Beef_0138.jpg,train/12 hr Beef/12_hr_Beef_0138.jpg,467097,b145aabfa1212365fd7442c94496e0a884398835535b1de67f78a5eb58891305,Beef/12 hr Beef images/1596.jpg|Beef/12 hr Beef images/1597.jpg,2
train,12 hr Beef,12_hr_Beef_0139.jpg,train/12 hr Beef/12_hr_Beef_0139.jpg,423306,cf92155054eaafca72ba563b6590f8befe321302ea856b075464be3c18647e9c,Beef/12 hr Beef images/1798.jpg|Beef/12 hr Beef images/1799.jpg,2
train,12 hr Beef,12_hr_Beef_0140.jpg,train/12 hr Beef/12_hr_Beef_0140.jpg,507325,5aead11c531100c323c1f74d28033ed96d6c719f7750ed51a40a73321f05ab8d,Beef/12 hr Beef images/1838.jpg|Beef/12 hr Beef images/1839.jpg,2
train,12 hr Beef,12_hr_Beef_0141.jpg,train/12 hr Beef/12_hr_Beef_0141.jpg,456798,0923a823e51da82980ed98d53d53cff1cd4b2f38b869da4d52853883c80d30a0,Beef/12 hr Beef images/1660.jpg|Beef/12 hr Beef images/1661.jpg,2
train,12 hr Mutton,12_hr_Mutton_0000.jpg,train/12 hr Mutton/12_hr_Mutton_0000.jpg,492338,253b0326c448bf710d699042912940146359212e54707cb704dbc56a4fc13c3f,Mutton/12 hr Mutton images/4102.jpg|Mutton/12 hr Mutton images/4103.jpg|Mutton/12 hr Mutton images/4428.jpg,3
train,12 hr Mutton,12_hr_Mutton_0001.jpg,train/12 hr Mutton/12_hr_Mutton_0001.jpg,451364,c88ba2f6140a774aaf464a4c9accbf7ee0e30a7dc803d25142f93ba7ea79387e,Mutton/12 hr Mutton images/4104.jpg|Mutton/12 hr Mutton images/4105.jpg,2
train,12 hr Mutton,12_hr_Mutton_0002.jpg,train/12 hr Mutton/12_hr_Mutton_0002.jpg,497843,2ff0c3a959c2abdcd2e576c4aabe6dbd13f3859c036c0da6b6118791b474bb65,Mutton/12 hr Mutton images/4126.jpg|Mutton/12 hr Mutton images/4127.jpg,2
train,12 hr Mutton,12_hr_Mutton_0003.jpg,train/12 hr Mutton/12_hr_Mutton_0003.jpg,462157,eb9d2d4a8e42c9cb2d8bf0ef1dec388ba1d5686d563c724c0a71431db8d70cc9,Mutton/12 hr Mutton images/4372.jpg|Mutton/12 hr Mutton images/4373.jpg|Mutton/12 hr Mutton images/4430.jpg,3
train,12 hr Mutton,12_hr_Mutton_0004.jpg,train/12 hr Mutton/12_hr_Mutton_0004.jpg,450772,43b70678601171502d3941ac7653d6c4fa5ffa1530abdeae630f52ad6aa2bf0a,Mutton/12 hr Mutton images/4190.jpg|Mutton/12 hr Mutton images/4191.jpg,2
train,12 hr Mutton,12_hr_Mutton_0005.jpg,train/12 hr Mutton/12_hr_Mutton_0005.jpg,496984,0286bd7642343da1edd2e2bcf0e0e88da681ab7bcf0196cc2fbd5d28c35ea53f,Mutton/12 hr Mutton images/4200.jpg|Mutton/12 hr Mutton images/4201.jpg,2
train,12 hr Mutton,12_hr_Mutton_0006.jpg,train/12 hr Mutton/12_hr_Mutton_0006.jpg,528401,6a364ae814e4ad9105efe5e843ef41f471e1eb18d37437804deae86599fa7b8f,Mutton/12 hr Mutton images/4054.jpg|Mutton/12 hr Mutton images/4055.jpg,2
train,12 hr Mutton,12_hr_Mutton_0007.jpg,train/12 hr Mutton/12_hr_Mutton_0007.jpg,514903,e57d56a3a7d4c04c6620dbf36b4bcf922473b3e4035b4c7cf40cfae7b1ea46d8,Mutton/12 hr Mutton images/4024.jpg|Mutton/12 hr Mutton images/4025.jpg,2
train,12 hr Mutton,12_hr_Mutton_0008.jpg,train/12 hr Mutton/12_hr_Mutton_0008.jpg,512998,0a5ec67f14bdc70c59bf8fb8d88d4ba810ecaf8015b9fa265bd12c2e9a20171e,Mutton/12 hr Mutton images/4216.jpg|Mutton/12 hr Mutton images/4217.jpg,2
train,12 hr Mutton,12_hr_Mutton_0009.jpg,train/12 hr Mutton/12_hr_Mutton_0009.jpg,546499,ef80a5e3d36dea738bab1d290b60f5bd2df27aa128937341d96daaa8a0398d33,Mutton/12 hr Mutton images/4210.jpg|Mutton/12 hr Mutton images/4211.jpg,2
train,12 hr Mutton,12_hr_Mutton_0010.jpg,train/12 hr Mutton/12_hr_Mutton_0010.jpg,441079,5cd0ab3e603523fc8c48e23cbbf1dd6d055e776c45f711d828341fa8dc43a98f,Mutton/12 hr Mutton images/4380.jpg|Mutton/12 hr Mutton images/4381.jpg,2
train,12 hr Mutton,12_hr_Mutton_0011.jpg,train/12 hr Mutton/12_hr_Mutton_0011.jpg,516540,841e77dea39a2b9bfabc63360297e5a490f0ca3cd857590e645583402bfeecae,Mutton/12 hr Mutton images/4234.jpg|Mutton/12 hr Mutton images/4235.jpg,2
train,12 hr Mutton,12_hr_Mutton_0012.jpg,train/12 hr Mutton/12_hr_Mutton_0012.jpg,450314,562733f8df962eeed23edbf945ffbe44775a3219dadb59571ed44ad2f4f56148,Mutton/12 hr Mutton images/4192.jpg|Mutton/12 hr Mutton images/4193.jpg,2
train,12 hr Mutton,12_hr_Mutton_0013.jpg,train/12 hr Mutton/12_hr_Mutton_0013.jpg,473051,67be1141e6e0bff52f9c9b874092197f2f3eac97a8288faf954402033d47eadd,Mutton/12 hr Mutton images/4166.jpg|Mutton/12 hr Mutton images/4167.jpg,2
train,12 hr Mutton,12_hr_Mutton_0014.jpg,train/12 hr Mutton/12_hr_Mutton_0014.jpg,512500,a81fdfd1549a225d6e771e2735dd111bea4185ae4fa6ca18e4d4daee91f01842,Mutton/12 hr Mutton images/4322.jpg|Mutton/12 hr Mutton images/4323.jpg|Mutton/12 hr Mutton images/4443.jpg,3
train,12 hr Mutton,12_hr_Mutton_0015.jpg,train/12 hr Mutton/12_hr_Mutton_0015.jpg,479545,57dcca6a34787ffdd6e4de4e2622c86c6804dde4bf16f0866cdf4deb0eb2af52,Mutton/12 hr Mutton images/4274.jpg|Mutton/12 hr Mutton images/4275.jpg,2
train,12 hr Mutton,12_hr_Mutton_0016.jpg,train/12 hr Mutton/12_hr_Mutton_0016.jpg,464945,4899b3a48f6da35a13bc31d054d5e77df4f862f01273b5d68f8a717c9a5398cd,Mutton/12 hr Mutton images/4140.jpg|Mutton/12 hr Mutton images/4141.jpg,2
train,12 hr Mutton,12_hr_Mutton_0017.jpg,train/12 hr Mutton/12_hr_Mutton_0017.jpg,435923,a6f8165285e40bde208889348f92493c2fecf587f9c54b152eb327271c27b6f4,Mutton/12 hr Mutton images/4402.jpg|Mutton/12 hr Mutton images/4403.jpg,2
train,12 hr Mutton,12_hr_Mutton_0018.jpg,train/12 hr Mutton/12_hr_Mutton_0018.jpg,498219,b425b4fc94d93a6c42c335772e1461acc0fa7700d8a7815d30c9f95ffb72e85a,Mutton/12 hr Mutton images/4238.jpg|Mutton/12 hr Mutton images/4239.jpg,2
train,12 hr Mutton,12_hr_Mutton_0019.jpg,train/12 hr Mutton/12_hr_Mutton_0019.jpg,526634,8bfc2b64890d95d26083ab40adecdde1e4a2d5d6358506b877bacb7d99691510,Mutton/12 hr Mutton images/4258.jpg|Mutton/12 hr Mutton images/4259.jpg|Mutton/12 hr Mutton images/4449.jpg,3
train,12 hr Mutton,12_hr_Mutton_0020.jpg,train/12 hr Mutton/12_hr_Mutton_0020.jpg,500476,61963a2aedae0b01d729ce7a6e1ae58ddda1d3d3fceb64c8e5d4e1e98682589b,Mutton/12 hr Mutton images/4352.jpg|Mutton/12 hr Mutton images/4353.jpg|Mutton/12 hr Mutton images/4424.jpg,3
train,12 hr Mutton,12_hr_Mutton_0021.jpg,train/12 hr Mutton/12_hr_Mutton_0021.jpg,433541,553d5288469e15bac91daa62820731edebb7584b91a0e9467b69b2aca2f95163,Mutton/12 hr Mutton images/4154.jpg|Mutton/12 hr Mutton images/4155.jpg,2
train,12 hr Mutton,12_hr_Mutton_0022.jpg,train/12 hr Mutton/12_hr_Mutton_0022.jpg,443261,d8ec57d346cadb77ea867d2f1cd15632bb38b36cd93d0913582aa167e72d8dcd,Mutton/12 hr Mutton images/4292.jpg|Mutton/12 hr Mutton images/4293.jpg,2
train,12 hr Mutton,12_hr_Mutton_0023.jpg,train/12 hr Mutton/12_hr_Mutton_0023.jpg,509350,a92a3429daad4e7dc3fc5dfbf256009363c75b228f7e73c43dd793de78012783,Mutton/12 hr Mutton images/4214.jpg|Mutton/12 hr Mutton images/4215.jpg|Mutton/12 hr Mutton images/4437.jpg,3
train,12 hr Mutton,12_hr_Mutton_0024.jpg,train/12 hr Mutton/12_hr_Mutton_0024.jpg,523084,4add9a7663798cdc12c10f4195183aeddff8a16fa6bb14db6062e82c49a54730,Mutton/12 hr Mutton images/4000.jpg|Mutton/12 hr Mutton images/4001.jpg,2
train,12 hr Mutton,12_hr_Mutton_0025.jpg,train/12 hr Mutton/12_hr_Mutton_0025.jpg,475387,b9b7877aff410c19654a35d96befdfe5f24ffcf1bd1d508e73e9f0ad25d1c152,Mutton/12 hr Mutton images/4076.jpg|Mutton/12 hr Mutton images/4077.jpg,2
train,12 hr Mutton,12_hr_Mutton_0026.jpg,train/12 hr Mutton/12_hr_Mutton_0026.jpg,462963,b10030748b883e343a2d123f4292df64556dd3f92d7c2d6d2a8209917372a7e7,Mutton/12 hr Mutton images/4044.jpg|Mutton/12 hr Mutton images/4045.jpg,2
train,12 hr Mutton,12_hr_Mutton_0027.jpg,train/12 hr Mutton/12_hr_Mutton_0027.jpg,532062,65f2ad9726c7738f2ab9662417fcc113af33b0864a92b8d807867aceb61fc87a,Mutton/12 hr Mutton images/4014.jpg|Mutton/12 hr Mutton images/4015.jpg,2
train,12 hr Mutton,12_hr_Mutton_0028.jpg,train/12 hr Mutton/12_hr_Mutton_0028.jpg,447548,0f52df4f4bd6a7416a57f53a4b578113186c5af24174e0d63ab7ec637a521afd,Mutton/12 hr Mutton images/4220.jpg|Mutton/12 hr Mutton images/4221.jpg,2
train,12 hr Mutton,12_hr_Mutton_0029.jpg,train/12 hr Mutton/12_hr_Mutton_0029.jpg,506967,bd3a85318ace0e0e3064486a1be8b55625d2ee70bff7661e7ef16ef9aa8e7105,Mutton/12 hr Mutton images/4028.jpg|Mutton/12 hr Mutton images/4029.jpg,2
train,12 hr Mutton,12_hr_Mutton_0030.jpg,train/12 hr Mutton/12_hr_Mutton_0030.jpg,459579,da638830237a7a139f338d50dc54af9c853b2d4877cb3e1b72dd25e1be325722,Mutton/12 hr Mutton images/4382.jpg|Mutton/12 hr Mutton images/4383.jpg|Mutton/12 hr Mutton images/4436.jpg,3
train,12 hr Mutton,12_hr_Mutton_0031.jpg,train/12 hr Mutton/12_hr_Mutton_0031.jpg,460484,8a5a3a086e602e2aa38ed71fd633af19e6a73290bbaf42ae6a50c816c32b423c,Mutton/12 hr Mutton images/4226.jpg|Mutton/12 hr Mutton images/4227.jpg|Mutton/12 hr Mutton images/4445.jpg,3
train,12 hr Mutton,12_hr_Mutton_0032.jpg,train/12 hr Mutton/12_hr_Mutton_0032.jpg,466026,89f8b84a94e4169e0f2f51b025b428c5faa137d5a951545e93a559b1134d1c7d,Mutton/12 hr Mutton images/4146.jpg|Mutton/12 hr Mutton images/4147.jpg,2
train,12 hr Mutton,12_hr_Mutton_0033.jpg,train/12 hr Mutton/12_hr_Mutton_0033.jpg,504796,456f92e8c0e9e9c43f05d093234cfc081bcae628d15c7ad62498bfaf557d710b,Mutton/12 hr Mutton images/4100.jpg|Mutton/12 hr Mutton images/4101.jpg,2
train,12 hr Mutton,12_hr_Mutton_0034.jpg,train/12 hr Mutton/12_hr_Mutton_0034.jpg,456826,f1b2f43d1e8f0d92f1be2a4d67e4abd207e705522343eaca40b95ca45390eed1,Mutton/12 hr Mutton images/4268.jpg|Mutton/12 hr Mutton images/4269.jpg,2
train,12 hr Mutton,12_hr_Mutton_0035.jpg,train/12 hr Mutton/12_hr_Mutton_0035.jpg,465297,970c1a2d1ac2d105371c2be5801e7ea1b8604d867e74e0ec76845941e0986fcd,Mutton/12 hr Mutton images/4336.jpg|Mutton/12 hr Mutton images/4337.jpg|Mutton/12 hr Mutton images/4440.jpg,3
train,12 hr Mutton,12_hr_Mutton_0036.jpg,train/12 hr Mutton/12_hr_Mutton_0036.jpg,470493,1508e91172cca722f7a5e251e8abb51f56850e19d200feb07cfe5f5c366bec84,Mutton/12 hr Mutton images/4398.jpg|Mutton/12 hr Mutton images/4399.jpg,2
train,12 hr Mutton,12_hr_Mutton_0037.jpg,train/12 hr Mutton/12_hr_Mutton_0037.jpg,597716,a8e0dcf4d05fe5808b93242d7297062aa6d1f204fa742cf6454032dbc852b803,Mutton/12 hr Mutton images/4314.jpg|Mutton/12 hr Mutton images/4315.jpg,2
train,12 hr Mutton,12_hr_Mutton_0038.jpg,train/12 hr Mutton/12_hr_Mutton_0038.jpg,526664,18b598d7ab18b4b241eca2de34f5b9f565aa114d6a1cc89b41c55e1cda555778,Mutton/12 hr Mutton images/4202.jpg|Mutton/12 hr Mutton images/4203.jpg,2
train,12 hr Mutton,12_hr_Mutton_0039.jpg,train/12 hr Mutton/12_hr_Mutton_0039.jpg,471805,fe0ea80137d3997fe8baa1a91beca2d43bcdf3ba239bdc8b24a7b473253bc4af,Mutton/12 hr Mutton images/4374.jpg|Mutton/12 hr Mutton images/4375.jpg,2
train,12 hr Mutton,12_hr_Mutton_0040.jpg,train/12 hr Mutton/12_hr_Mutton_0040.jpg,498229,3ad26a342e6404711926ad03378dbce1edbaf5a7264050dd0f48ba9ff7d57480,Mutton/12 hr Mutton images/4074.jpg|Mutton/12 hr Mutton images/4075.jpg,2
train,12 hr Mutton,12_hr_Mutton_0041.jpg,train/12 hr Mutton/12_hr_Mutton_0041.jpg,507165,2640751479b03f750f6e086f0eed34c44928813ff3f8b963cb55fb3f52bad159,Mutton/12 hr Mutton images/4026.jpg|Mutton/12 hr Mutton images/4027.jpg,2
train,12 hr Mutton,12_hr_Mutton_0042.jpg,train/12 hr Mutton/12_hr_Mutton_0042.jpg,515238,41e09a16f038a4ee989974cc9da3916c10432f77c9f990187e4ea4c1c7ca85a0,Mutton/12 hr Mutton images/4008.jpg|Mutton/12 hr Mutton images/4009.jpg,2
train,12 hr Mutton,12_hr_Mutton_0043.jpg,train/12 hr Mutton/12_hr_Mutton_0043.jpg,547187,4dc89f846ab2c322a66d8a2139fd840ba918440c6756e6bf87d88debd6428206,Mutton/12 hr Mutton images/4056.jpg|Mutton/12 hr Mutton images/4057.jpg|Mutton/12 hr Mutton images/4429.jpg,3
train,12 hr Mutton,12_hr_Mutton_0044.jpg,train/12 hr Mutton/12_hr_Mutton_0044.jpg,464468,0a4107c5daaf71b6f2562f1b587501d53716333313fd78205322854279ab67bb,Mutton/12 hr Mutton images/4172.jpg|Mutton/12 hr Mutton images/4173.jpg,2
train,12 hr Mutton,12_hr_Mutton_0045.jpg,train/12 hr Mutton/12_hr_Mutton_0045.jpg,427046,bc58274e9e43e2931aecee01c8e5744390bfc2ed56033148b76a0baaa7d65eb8,Mutton/12 hr Mutton images/4396.jpg|Mutton/12 hr Mutton images/4397.jpg|Mutton/12 hr Mutton images/4421.jpg,3
train,12 hr Mutton,12_hr_Mutton_0046.jpg,train/12 hr Mutton/12_hr_Mutton_0046.jpg,507155,dc07c3009f1b238741fb0fa236df718b22576a52a7b057d267b1ccd3e49d8332,Mutton/12 hr Mutton images/4080.jpg|Mutton/12 hr Mutton images/4081.jpg,2
train,12 hr Mutton,12_hr_Mutton_0047.jpg,train/12 hr Mutton/12_hr_Mutton_0047.jpg,557440,839935789e96a4d9fa5c6b3d98a2e2972bd04040059d0b2bd2dfa82237d3da40,Mutton/12 hr Mutton images/4086.jpg|Mutton/12 hr Mutton images/4087.jpg,2
train,12 hr Mutton,12_hr_Mutton_0048.jpg,train/12 hr Mutton/12_hr_Mutton_0048.jpg,533497,a84936ceb38cec1a90acbdf4d4cfdb695e0520b7ff6b67cedddee7986db94a59,Mutton/12 hr Mutton images/4050.jpg|Mutton/12 hr Mutton images/4051.jpg,2
train,12 hr Mutton,12_hr_Mutton_0049.jpg,train/12 hr Mutton/12_hr_Mutton_0049.jpg,442797,2ddbce35910aad8bf4ab35f1b8b2dd9981a2a2dad27153008bc96b2e0883127a,Mutton/12 hr Mutton images/4162.jpg|Mutton/12 hr Mutton images/4163.jpg,2
train,12 hr Mutton,12_hr_Mutton_0050.jpg,train/12 hr Mutton/12_hr_Mutton_0050.jpg,522010,07b46e021b8daca201614797aa53cdd59914bfc49dff102b2706b66f55c335be,Mutton/12 hr Mutton images/4230.jpg|Mutton/12 hr Mutton images/4231.jpg,2
train,12 hr Mutton,12_hr_Mutton_0051.jpg,train/12 hr Mutton/12_hr_Mutton_0051.jpg,500874,88c326c0caaaad3f446bdb1b6ba0f17071b18095f8fc9ee3e4827edc94a7f232,Mutton/12 hr Mutton images/4320.jpg|Mutton/12 hr Mutton images/4321.jpg,2
train,12 hr Mutton,12_hr_Mutton_0052.jpg,train/12 hr Mutton/12_hr_Mutton_0052.jpg,472489,7592473d38556c82385564613a5c7d3c3acfb22631f7a5d07af328b7d0fff477,Mutton/12 hr Mutton images/4198.jpg|Mutton/12 hr Mutton images/4199.jpg|Mutton/12 hr Mutton images/4431.jpg,3
train,12 hr Mutton,12_hr_Mutton_0053.jpg,train/12 hr Mutton/12_hr_Mutton_0053.jpg,450840,3f67ac57fff907549da0fbf614cea9de61c773f4af0e14fa0728410f7b4c6a52,Mutton/12 hr Mutton images/4060.jpg|Mutton/12 hr Mutton images/4061.jpg,2
train,12 hr Mutton,12_hr_Mutton_0054.jpg,train/12 hr Mutton/12_hr_Mutton_0054.jpg,479970,9bd3d0c50ea55217431a1cea9e889a9edafccd4e76adce53f2f2b2ebfe06cca5,Mutton/12 hr Mutton images/4106.jpg|Mutton/12 hr Mutton images/4107.jpg,2
train,12 hr Mutton,12_hr_Mutton_0055.jpg,train/12 hr Mutton/12_hr_Mutton_0055.jpg,539256,c39308f495d9fec8e03ebfdd47f9d191699f2db3f73ab3a34dd06483552bf201,Mutton/12 hr Mutton images/4034.jpg|Mutton/12 hr Mutton images/4035.jpg|Mutton/12 hr Mutton images/4434.jpg,3
train,12 hr Mutton,12_hr_Mutton_0056.jpg,train/12 hr Mutton/12_hr_Mutton_0056.jpg,541520,68ec0595a0c4fbbbf1dace5e016e6a9e9a6cb3f3be57b0658ae95e82be76f7a3,Mutton/12 hr Mutton images/4052.jpg|Mutton/12 hr Mutton images/4053.jpg,2
train,12 hr Mutton,12_hr_Mutton_0057.jpg,train/12 hr Mutton/12_hr_Mutton_0057.jpg,512257,ce9deecdfe24f003c73c7e8ca7ee7d1e11b9de82c203e4a65a8cc6ec9e54053e,Mutton/12 hr Mutton images/4302.jpg|Mutton/12 hr Mutton images/4303.jpg,2
train,12 hr Mutton,12_hr_Mutton_0058.jpg,train/12 hr Mutton/12_hr_Mutton_0058.jpg,439291,7497823dac0e1cc51b363a3d2c375ff164be53d20a9075b55dc05096cc46b8d4,Mutton/12 hr Mutton images/4406.jpg|Mutton/12 hr Mutton images/4407.jpg,2
train,12 hr Mutton,12_hr_Mutton_0059.jpg,train/12 hr Mutton/12_hr_Mutton_0059.jpg,462918,d0c83fa187c100a7d335c0657a283b94e16309a150631c552d1a998b41f52220,Mutton/12 hr Mutton images/4270.jpg|Mutton/12 hr Mutton images/4271.jpg,2
train,12 hr Mutton,12_hr_Mutton_0060.jpg,train/12 hr Mutton/12_hr_Mutton_0060.jpg,558947,608f9a93a06944c1a70100ff54537f56f445b0d21f0c9fe0e41a7b45bbd9b6e6,Mutton/12 hr Mutton images/4304.jpg|Mutton/12 hr Mutton images/4305.jpg,2
train,12 hr Mutton,12_hr_Mutton_0061.jpg,train/12 hr Mutton/12_hr_Mutton_0061.jpg,458097,432ee7b93c58987dce4d1996aab1715b0a18a49abce7b027ccd9e06e6aeae574,Mutton/12 hr Mutton images/4136.jpg|Mutton/12 hr Mutton images/4137.jpg,2
train,12 hr Mutton,12_hr_Mutton_0062.jpg,train/12 hr Mutton/12_hr_Mutton_0062.jpg,459302,a8239b987de76a586b025e8a88d349000713cb299df8d3fb9fced55612cc2ea7,Mutton/12 hr Mutton images/4116.jpg|Mutton/12 hr Mutton images/4117.jpg,2
train,12 hr Mutton,12_hr_Mutton_0063.jpg,train/12 hr Mutton/12_hr_Mutton_0063.jpg,527023,39e973b159b967c0c8122622051b667691203bd79299e08a05fc72ffc97589b5,Mutton/12 hr Mutton images/4222.jpg|Mutton/12 hr Mutton images/4223.jpg,2
train,12 hr Mutton,12_hr_Mutton_0064.jpg,train/12 hr Mutton/12_hr_Mutton_0064.jpg,441694,d5a84ba68164eb14857d441e5f5d550da1dde50f23a3f2bfbbb3359f13b57893,Mutton/12 hr Mutton images/4378.jpg|Mutton/12 hr Mutton images/4379.jpg,2
train,12 hr Mutton,12_hr_Mutton_0065.jpg,train/12 hr Mutton/12_hr_Mutton_0065.jpg,511800,b29048c0f44ca903fc9532d6329964e4ba2864f529b98a4535c8c8b56f5b0247,Mutton/12 hr Mutton images/4394.jpg|Mutton/12 hr Mutton images/4395.jpg,2
train,12 hr Mutton,12_hr_Mutton_0066.jpg,train/12 hr Mutton/12_hr_Mutton_0066.jpg,542897,cf775fe1dde6f956be7016a033518bca8d7d9144efa678b317cfa1bbce0dc551,Mutton/12 hr Mutton images/4310.jpg|Mutton/12 hr Mutton images/4311.jpg,2
train,12 hr Mutton,12_hr_Mutton_0067.jpg,train/12 hr Mutton/12_hr_Mutton_0067.jpg,411149,41028f11d660682f11708c27a73fcb24fbd3d74c9ba7a68956f48c0a97584793,Mutton/12 hr Mutton images/4184.jpg|Mutton/12 hr Mutton images/4185.jpg,2
train,12 hr Mutton,12_hr_Mutton_0068.jpg,train/12 hr Mutton/12_hr_Mutton_0068.jpg,526668,88ef6749a9b3006d0e88b6a86f86088360f8f61a97c604cede6842ce838f3bf1,Mutton/12 hr Mutton images/4224.jpg|Mutton/12 hr Mutton images/4225.jpg,2
train,12 hr Mutton,12_hr_Mutton_0069.jpg,train/12 hr Mutton/12_hr_Mutton_0069.jpg,514603,61c029da511800a3bb47296949106dbfd1aefc758af010177956b2eb9777ada1,Mutton/12 hr Mutton images/4012.jpg|Mutton/12 hr Mutton images/4013.jpg,2
train,12 hr Mutton,12_hr_Mutton_0070.jpg,train/12 hr Mutton/12_hr_Mutton_0070.jpg,487021,93ec6b47abcefa28d0a2305be45bea0d764e6b8484694e8d35220e47b384e9c3,Mutton/12 hr Mutton images/4338.jpg|Mutton/12 hr Mutton images/4339.jpg|Mutton/12 hr Mutton images/4432.jpg,3
train,12 hr Mutton,12_hr_Mutton_0071.jpg,train/12 hr Mutton/12_hr_Mutton_0071.jpg,543819,93c6b6ad559de158b6ad726998cf296881cb4953536211e07066e72ff598ff08,Mutton/12 hr Mutton images/4070.jpg|Mutton/12 hr Mutton images/4071.jpg,2
train,12 hr Mutton,12_hr_Mutton_0072.jpg,train/12 hr Mutton/12_hr_Mutton_0072.jpg,488945,56283c0d17681ec17a00a40c83ecdc3d9ddea1ae366ef39e07b14134c2c9aee9,Mutton/12 hr Mutton images/4114.jpg|Mutton/12 hr Mutton images/4115.jpg,2
train,12 hr Mutton,12_hr_Mutton_0073.jpg,train/12 hr Mutton/12_hr_Mutton_0073.jpg,474475,41e4e603c545d6381468803a24b296caa629e8cb5cea14cbfb8ae54e3b351fcf,Mutton/12 hr Mutton images/4170.jpg|Mutton/12 hr Mutton images/4171.jpg|Mutton/12 hr Mutton images/4439.jpg,3
train,12 hr Mutton,12_hr_Mutton_0074.jpg,train/12 hr Mutton/12_hr_Mutton_0074.jpg,471667,151072a43bbc2484af038b35c1b9b45ca89f4f8d9bbae6ce1cd42858569aa45f,Mutton/12 hr Mutton images/4180.jpg|Mutton/12 hr Mutton images/4181.jpg,2
train,12 hr Mutton,12_hr_Mutton_0075.jpg,train/12 hr Mutton/12_hr_Mutton_0075.jpg,461894,24c9e608e49c4d583f6d31716cf15fcd62ed89ed49f3e2325045796fbcb6a122,Mutton/12 hr Mutton images/4362.jpg|Mutton/12 hr Mutton images/4363.jpg|Mutton/12 hr Mutton images/4446.jpg,3
train,12 hr Mutton,12_hr_Mutton_0076.jpg,train/12 hr Mutton/12_hr_Mutton_0076.jpg,458121,66c268a3eb112b1edc19d6447ecc76f884ddb2a3dde2955c35b1b667edc5b1f5,Mutton/12 hr Mutton images/4206.jpg|Mutton/12 hr Mutton images/4207.jpg,2
train,12 hr Mutton,12_hr_Mutton_0077.jpg,train/12 hr Mutton/12_hr_Mutton_0077.jpg,473551,f36d128e50af122f7e8923e3ce1fa14ef92f580762f453ae5a82f41d672d9a40,Mutton/12 hr Mutton images/4174.jpg|Mutton/12 hr Mutton images/4175.jpg,2
train,12 hr Mutton,12_hr_Mutton_0078.jpg,train/12 hr Mutton/12_hr_Mutton_0078.jpg,447627,d3e6265c654d39a73aab80175dbd596937e9dd225c07c705739c9eba67a6bf6c,Mutton/12 hr Mutton images/4120.jpg|Mutton/12 hr Mutton images/4121.jpg,2
train,12 hr Mutton,12_hr_Mutton_0079.jpg,train/12 hr Mutton/12_hr_Mutton_0079.jpg,465584,ad165fb5d823136b717693e57953bfeff266d5ff6078f0853a1dd2381a413af5,Mutton/12 hr Mutton images/4240.jpg|Mutton/12 hr Mutton images/4241.jpg,2
train,12 hr Mutton,12_hr_Mutton_0080.jpg,train/12 hr Mutton/12_hr_Mutton_0080.jpg,411991,caf6c3bb7c7ae63aa3d5e3a255882fb11e5c63b7208a5df60400a9cde7ff1dbe,Mutton/12 hr Mutton images/4414.jpg|Mutton/12 hr Mutton images/4415.jpg,2
train,12 hr Mutton,12_hr_Mutton_0081.jpg,train/12 hr Mutton/12_hr_Mutton_0081.jpg,517238,8d904f75e2ca17a041bdd3b5d43ad1c7b69e5c98c3ceeea326a7dd5bf3cd8bf3,Mutton/12 hr Mutton images/4096.jpg|Mutton/12 hr Mutton images/4097.jpg,2
train,12 hr Mutton,12_hr_Mutton_0082.jpg,train/12 hr Mutton/12_hr_Mutton_0082.jpg,480552,08a8db0c6a4b7d6f31a57ae65ba358ce70a452ae4cfc761fcba48a14a7321502,Mutton/12 hr Mutton images/4358.jpg|Mutton/12 hr Mutton images/4359.jpg,2
train,12 hr Mutton,12_hr_Mutton_0083.jpg,train/12 hr Mutton/12_hr_Mutton_0083.jpg,434159,104479d70175d9a4e42f78061d4bca0d74f459c54847a7e850ca72e624b51727,Mutton/12 hr Mutton images/4164.jpg|Mutton/12 hr Mutton images/4165.jpg,2
train,12 hr Mutton,12_hr_Mutton_0084.jpg,train/12 hr Mutton/12_hr_Mutton_0084.jpg,471590,3013fbc017358f409e9e73b686acc14d4cf747558705e8ab016abc934fccaaaa,Mutton/12 hr Mutton images/4158.jpg|Mutton/12 hr Mutton images/4159.jpg,2
train,12 hr Mutton,12_hr_Mutton_0085.jpg,train/12 hr Mutton/12_hr_Mutton_0085.jpg,454051,abc75af07725c6e0e63a81045e117e4d69d9643486f62ba2ec1e41c77e683031,Mutton/12 hr Mutton images/4144.jpg|Mutton/12 hr Mutton images/4145.jpg,2
train,12 hr Mutton,12_hr_Mutton_0086.jpg,train/12 hr Mutton/12_hr_Mutton_0086.jpg,515618,9a8278715e3092ca6d7e93abaa5275722011d33325693849be664756f7d21d56,Mutton/12 hr Mutton images/4108.jpg|Mutton/12 hr Mutton images/4109.jpg,2
train,12 hr Mutton,12_hr_Mutton_0087.jpg,train/12 hr Mutton/12_hr_Mutton_0087.jpg,447435,38849afd29cdc373a72b070f0999b92388bf1fb4e4e3625fce123af09537eb13,Mutton/12 hr Mutton images/4276.jpg|Mutton/12 hr Mutton images/4277.jpg,2
train,12 hr Mutton,12_hr_Mutton_0088.jpg,train/12 hr Mutton/12_hr_Mutton_0088.jpg,432514,d186fd1d15fd951b4eb328910d74a4c55f189de9b9603a9e8640b1a586c555d9,Mutton/12 hr Mutton images/4288.jpg|Mutton/12 hr Mutton images/4289.jpg,2
train,12 hr Mutton,12_hr_Mutton_0089.jpg,train/12 hr Mutton/12_hr_Mutton_0089.jpg,492594,ef7f17d7525639d48907d751e12e0cea2267feb86ce9e514dd7228bb8b9da886,Mutton/12 hr Mutton images/4254.jpg|Mutton/12 hr Mutton images/4255.jpg,2
train,12 hr Mutton,12_hr_Mutton_0090.jpg,train/12 hr Mutton/12_hr_Mutton_0090.jpg,501773,00b32991f5fa51983d4aa66898566324c08ab22bf3c3318d2e2f1734f2de98a8,Mutton/12 hr Mutton images/4194.jpg|Mutton/12 hr Mutton images/4195.jpg|Mutton/12 hr Mutton images/4426.jpg,3
train,12 hr Mutton,12_hr_Mutton_0091.jpg,train/12 hr Mutton/12_hr_Mutton_0091.jpg,568169,ef3ad08c3d6d2e2d3c47bf5dc9848cf8bc1c409dedd77e64c985e3b50e729bb2,Mutton/12 hr Mutton images/4332.jpg|Mutton/12 hr Mutton images/4333.jpg,2
train,12 hr Mutton,12_hr_Mutton_0092.jpg,train/12 hr Mutton/12_hr_Mutton_0092.jpg,549693,f26ef5b734304fc3df0569fa5a1d455ecfdd986a60854df9d4ac44d417d14867,Mutton/12 hr Mutton images/4006.jpg|Mutton/12 hr Mutton images/4007.jpg,2
train,12 hr Mutton,12_hr_Mutton_0093.jpg,train/12 hr Mutton/12_hr_Mutton_0093.jpg,483217,039f8f75d267e51773edc1f8007f7293cbdf324bff3972010a2f9cb6027c2433,Mutton/12 hr Mutton images/4250.jpg|Mutton/12 hr Mutton images/4251.jpg,2
train,12 hr Mutton,12_hr_Mutton_0094.jpg,train/12 hr Mutton/12_hr_Mutton_0094.jpg,459738,e0b41db1604182a24eb6c224e66d433e2358e5a1dded8041d783c31cf3adc50a,Mutton/12 hr Mutton images/4152.jpg|Mutton/12 hr Mutton images/4153.jpg,2
train,12 hr Mutton,12_hr_Mutton_0095.jpg,train/12 hr Mutton/12_hr_Mutton_0095.jpg,471747,7cbbd63de9667a600498ba5e40be5d0782672ef93a5f4256bdf0ad3ac335c3f9,Mutton/12 hr Mutton images/4386.jpg|Mutton/12 hr Mutton images/4387.jpg|Mutton/12 hr Mutton images/4442.jpg,3
train,12 hr Mutton,12_hr_Mutton_0096.jpg,train/12 hr Mutton/12_hr_Mutton_0096.jpg,456624,692e6cabba429c43bb4b2147a2dd0b8b4adace9c52e7a4dcfef586d38c9200ab,Mutton/12 hr Mutton images/4094.jpg|Mutton/12 hr Mutton images/4095.jpg,2
train,12 hr Mutton,12_hr_Mutton_0097.jpg,train/12 hr Mutton/12_hr_Mutton_0097.jpg,523982,6ae7c4cdffe64776842c416b5295edead9a590e893d8c86eb8bf15e6945ffc57,Mutton/12 hr Mutton images/4410.jpg|Mutton/12 hr Mutton images/4411.jpg,2
train,12 hr Mutton,12_hr_Mutton_0098.jpg,train/12 hr Mutton/12_hr_Mutton_0098.jpg,441856,505269c921c675e78ed4d2336b83c0a0e9c222ecbd203e14681760f14d190064,Mutton/12 hr Mutton images/4066.jpg|Mutton/12 hr Mutton images/4067.jpg,2
train,12 hr Mutton,12_hr_Mutton_0099.jpg,train/12 hr Mutton/12_hr_Mutton_0099.jpg,457612,e4bf28b0153bb77341f6dd1a5303385a95bff31d6acd29660d031fe7eb4f0d7d,Mutton/12 hr Mutton images/4156.jpg|Mutton/12 hr Mutton images/4157.jpg,2
train,12 hr Mutton,12_hr_Mutton_0100.jpg,train/12 hr Mutton/12_hr_Mutton_0100.jpg,463503,736f1e6bd80f9062e3744a62cb240e5cc01943b00865e6a9b4a687504ab86850,Mutton/12 hr Mutton images/4388.jpg|Mutton/12 hr Mutton images/4389.jpg,2
train,12 hr Mutton,12_hr_Mutton_0101.jpg,train/12 hr Mutton/12_hr_Mutton_0101.jpg,448981,abd878203a99e04ce4e8ceca57a3deeb335cb6ebf002778b1162718e719da716,Mutton/12 hr Mutton images/4218.jpg|Mutton/12 hr Mutton images/4219.jpg,2
train,12 hr Mutton,12_hr_Mutton_0102.jpg,train/12 hr Mutton/12_hr_Mutton_0102.jpg,453269,6c1b619edff0bc8a16f1ee63251d9bdf0dbeea410070a5fa18859b002d5fb33d,Mutton/12 hr Mutton images/4148.jpg|Mutton/12 hr Mutton images/4149.jpg,2
train,12 hr Mutton,12_hr_Mutton_0103.jpg,train/12 hr Mutton/12_hr_Mutton_0103.jpg,486672,bc7f932794ccbf3ef22c78f6713b198a520427f63b36207f9076ec5d7707ce43,Mutton/12 hr Mutton images/4252.jpg|Mutton/12 hr Mutton images/4253.jpg,2
train,12 hr Mutton,12_hr_Mutton_0104.jpg,train/12 hr Mutton/12_hr_Mutton_0104.jpg,453985,5d64f5712d643ab5721c782e3ee589db8bc760d74bdc3d9ceccdb38345e7ff31,Mutton/12 hr Mutton images/4244.jpg|Mutton/12 hr Mutton images/4245.jpg,2
train,12 hr Mutton,12_hr_Mutton_0105.jpg,train/12 hr Mutton/12_hr_Mutton_0105.jpg,394935,62c6f086d54eed0da8168036b86ebae85353c00a53b435477a60deb92b84bfba,Mutton/12 hr Mutton images/4178.jpg|Mutton/12 hr Mutton images/4179.jpg,2
train,12 hr Mutton,12_hr_Mutton_0106.jpg,train/12 hr Mutton/12_hr_Mutton_0106.jpg,450720,5ad36a119b6a50e7b4553d84359e03ced0e116e208ac260034090365cf9cae26,Mutton/12 hr Mutton images/4278.jpg|Mutton/12 hr Mutton images/4279.jpg|Mutton/12 hr Mutton images/4423.jpg,3
train,12 hr Mutton,12_hr_Mutton_0107.jpg,train/12 hr Mutton/12_hr_Mutton_0107.jpg,503677,97dba008405f35eb7cc63cdd2d826697f246fa1cd81c8667568d39097bad7949,Mutton/12 hr Mutton images/4212.jpg|Mutton/12 hr Mutton images/4213.jpg,2
train,12 hr Mutton,12_hr_Mutton_0108.jpg,train/12 hr Mutton/12_hr_Mutton_0108.jpg,413127,99fb75c47a7970db7aa499c667ff0310ef70da80fa377ffb296da52ac4ff72d3,Mutton/12 hr Mutton images/4412.jpg|Mutton/12 hr Mutton images/4413.jpg,2
train,12 hr Mutton,12_hr_Mutton_0109.jpg,train/12 hr Mutton/12_hr_Mutton_0109.jpg,452917,e25fc09746f042ac27081d91ea0d6a0353a7c491cab2e31d0d2c866beb1a843f,Mutton/12 hr Mutton images/4344.jpg|Mutton/12 hr Mutton images/4345.jpg,2
train,12 hr Mutton,12_hr_Mutton_0110.jpg,train/12 hr Mutton/12_hr_Mutton_0110.jpg,412550,24e218789faa6d6ca3068059ae67756a0fe7ffa79f0c31120ee0567bb036b755,Mutton/12 hr Mutton images/4284.jpg|Mutton/12 hr Mutton images/4285.jpg,2
train,12 hr Mutton,12_hr_Mutton_0111.jpg,train/12 hr Mutton/12_hr_Mutton_0111.jpg,537672,e627174840825b9864f595cae2299cac9fcbb6b63878f8e3e018ebe8b6a9dc62,Mutton/12 hr Mutton images/4232.jpg|Mutton/12 hr Mutton images/4233.jpg,2
train,12 hr Mutton,12_hr_Mutton_0112.jpg,train/12 hr Mutton/12_hr_Mutton_0112.jpg,502541,6578b3c934a03ce138b53095c3c71a50c873595c1069ae80f300ef056580d9d7,Mutton/12 hr Mutton images/4248.jpg|Mutton/12 hr Mutton images/4249.jpg|Mutton/12 hr Mutton images/4444.jpg,3
train,12 hr Mutton,12_hr_Mutton_0113.jpg,train/12 hr Mutton/12_hr_Mutton_0113.jpg,438604,32462ce82cb8b867f26db5538e70480088e8c23405e23befd859aaecda311841,Mutton/12 hr Mutton images/4392.jpg|Mutton/12 hr Mutton images/4393.jpg,2
train,12 hr Mutton,12_hr_Mutton_0114.jpg,train/12 hr Mutton/12_hr_Mutton_0114.jpg,519082,de8c3dcd7755c3d39105c8242d2736c7d3fb74d3101b11bfaf3c4a856e6a0ccc,Mutton/12 hr Mutton images/4124.jpg|Mutton/12 hr Mutton images/4125.jpg,2
train,12 hr Mutton,12_hr_Mutton_0115.jpg,train/12 hr Mutton/12_hr_Mutton_0115.jpg,458674,e8bbb2796e6a3b4d160ebc36b2da04a8bc4b9559e3507d678bd4cb63a50a598b,Mutton/12 hr Mutton images/4186.jpg|Mutton/12 hr Mutton images/4187.jpg|Mutton/12 hr Mutton images/4433.jpg,3
train,12 hr Mutton,12_hr_Mutton_0116.jpg,train/12 hr Mutton/12_hr_Mutton_0116.jpg,499444,fbbbba56f137c8c844733fad9c71cc31939ae4a3175b1ffbe179877edd3fc263,Mutton/12 hr Mutton images/4326.jpg|Mutton/12 hr Mutton images/4327.jpg,2
train,12 hr Mutton,12_hr_Mutton_0117.jpg,train/12 hr Mutton/12_hr_Mutton_0117.jpg,485086,11479aa121c95465fb225b4b4f233a963fe6f99bd5eae8958dc6c7c2c7720c20,Mutton/12 hr Mutton images/4030.jpg|Mutton/12 hr Mutton images/4031.jpg,2
train,12 hr Mutton,12_hr_Mutton_0118.jpg,train/12 hr Mutton/12_hr_Mutton_0118.jpg,451347,fe4c6b54bab40c22f95df255633b5e0d2cf2d98aa93d227669e46e62b0521fde,Mutton/12 hr Mutton images/4062.jpg|Mutton/12 hr Mutton images/4063.jpg|Mutton/12 hr Mutton images/4422.jpg,3
train,12 hr Mutton,12_hr_Mutton_0119.jpg,train/12 hr Mutton/12_hr_Mutton_0119.jpg,494351,a106f611011fdd962ca67fa5ea9a8597e9afe72596de679a33bc874c8ea3d0a5,Mutton/12 hr Mutton images/4340.jpg|Mutton/12 hr Mutton images/4341.jpg|Mutton/12 hr Mutton images/4418.jpg,3
train,12 hr Mutton,12_hr_Mutton_0120.jpg,train/12 hr Mutton/12_hr_Mutton_0120.jpg,493830,e9b2c86dcfeb8907192d20b0d0f322d69fca14e2589e552fa06647586eb41f9d,Mutton/12 hr Mutton images/4328.jpg|Mutton/12 hr Mutton images/4329.jpg,2
train,12 hr Mutton,12_hr_Mutton_0121.jpg,train/12 hr Mutton/12_hr_Mutton_0121.jpg,453624,e19454d17509b4f24387e75fc4b42431fdc99d2235fa1b376a3a2749e54bfb7e,Mutton/12 hr Mutton images/4266.jpg|Mutton/12 hr Mutton images/4267.jpg,2
train,12 hr Mutton,12_hr_Mutton_0122.jpg,train/12 hr Mutton/12_hr_Mutton_0122.jpg,407780,30c99ba0df743d28e629fd47753e0e819dbf1487abd4bdb64946c3b9fe68b7c3,Mutton/12 hr Mutton images/4298.jpg|Mutton/12 hr Mutton images/4299.jpg|Mutton/12 hr Mutton images/4425.jpg,3
train,12 hr Mutton,12_hr_Mutton_0123.jpg,train/12 hr Mutton/12_hr_Mutton_0123.jpg,444913,479734fd383541d783501b7712429fc6df125c5e3a9569b56d4d1f41bd36c362,Mutton/12 hr Mutton images/4376.jpg|Mutton/12 hr Mutton images/4377.jpg,2
train,12 hr Mutton,12_hr_Mutton_0124.jpg,train/12 hr Mutton/12_hr_Mutton_0124.jpg,416523,2a0f073adcfa685d359e8851aff832c3272406448c1c781410deddf409745008,Mutton/12 hr Mutton images/4408.jpg|Mutton/12 hr Mutton images/4409.jpg,2
train,12 hr Mutton,12_hr_Mutton_0125.jpg,train/12 hr Mutton/12_hr_Mutton_0125.jpg,547281,d09f581e29e33b19b04fb5d008535923cf49d0b0cda955f16be3e2bf9b4c8f03,Mutton/12 hr Mutton images/4308.jpg|Mutton/12 hr Mutton images/4309.jpg,2
train,12 hr Mutton,12_hr_Mutton_0126.jpg,train/12 hr Mutton/12_hr_Mutton_0126.jpg,448499,abe0dc6f90b8ddda5aa8f7f6a9e42693bff54a86355b499fa5785ca89e8407a0,Mutton/12 hr Mutton images/4346.jpg|Mutton/12 hr Mutton images/4347.jpg,2
train,12 hr Mutton,12_hr_Mutton_0127.jpg,train/12 hr Mutton/12_hr_Mutton_0127.jpg,533778,0412bf72b6d4f82407c75fb10895ba79bf4fa33d1fa233f55a28e35700f842f4,Mutton/12 hr Mutton images/4236.jpg|Mutton/12 hr Mutton images/4237.jpg,2
train,12 hr Mutton,12_hr_Mutton_0128.jpg,train/12 hr Mutton/12_hr_Mutton_0128.jpg,478254,3dcb01fd593bef1f65cc581b5005ac5d3b16e9dc40d1f6057b7bbc2dd217fd99,Mutton/12 hr Mutton images/4128.jpg|Mutton/12 hr Mutton images/4129.jpg,2
train,12 hr Mutton,12_hr_Mutton_0129.jpg,train/12 hr Mutton/12_hr_Mutton_0129.jpg,462616,a20e6b76bf850c04399acfa68b777eac91bc15e42aef330283d474bab9f78f84,Mutton/12 hr Mutton images/4112.jpg|Mutton/12 hr Mutton images/4113.jpg,2
train,12 hr Mutton,12_hr_Mutton_0130.jpg,train/12 hr Mutton/12_hr_Mutton_0130.jpg,527247,b9c109f5964c90f71e5af6154f189a9c9edf0525724f28aac50cd643c5e68035,Mutton/12 hr Mutton images/4036.jpg|Mutton/12 hr Mutton images/4037.jpg|Mutton/12 hr Mutton images/4441.jpg,3
train,12 hr Mutton,12_hr_Mutton_0131.jpg,train/12 hr Mutton/12_hr_Mutton_0131.jpg,448489,591cf2ac4dd15c18b83913ce2e4d0738794afd0b4cfd1ca4a53ca7cffd1388eb,Mutton/12 hr Mutton images/4404.jpg|Mutton/12 hr Mutton images/4405.jpg,2
train,12 hr Mutton,12_hr_Mutton_0132.jpg,train/12 hr Mutton/12_hr_Mutton_0132.jpg,516327,bda59d72f1aecf8281ab37cd2a90d90ad306ec5d6ec7db3b474fb3e58a41e67e,Mutton/12 hr Mutton images/4040.jpg|Mutton/12 hr Mutton images/4041.jpg,2
train,12 hr Mutton,12_hr_Mutton_0133.jpg,train/12 hr Mutton/12_hr_Mutton_0133.jpg,559567,c7f17c49b0901b2d2c0a654e35784de038cdad03a0373bc25aa9ab9bf6f0f4c0,Mutton/12 hr Mutton images/4324.jpg|Mutton/12 hr Mutton images/4325.jpg,2
train,12 hr Mutton,12_hr_Mutton_0134.jpg,train/12 hr Mutton/12_hr_Mutton_0134.jpg,506591,9bec0db7f5fbc413c9f029987422b932997e4ee4585a1f1c67ad088fa74024ce,Mutton/12 hr Mutton images/4354.jpg|Mutton/12 hr Mutton images/4355.jpg,2
train,12 hr Mutton,12_hr_Mutton_0135.jpg,train/12 hr Mutton/12_hr_Mutton_0135.jpg,545133,060ca5214132b6a53c56333c17cd793320403406408a4dd2e0b9a2d01a1ad8a4,Mutton/12 hr Mutton images/4002.jpg|Mutton/12 hr Mutton images/4003.jpg,2
train,12 hr Mutton,12_hr_Mutton_0136.jpg,train/12 hr Mutton/12_hr_Mutton_0136.jpg,508001,a5f9ab7073a19b5675df6274bc35953e7aed49200573c56712566bca1fe524a1,Mutton/12 hr Mutton images/4290.jpg|Mutton/12 hr Mutton images/4291.jpg,2
train,12 hr Mutton,12_hr_Mutton_0137.jpg,train/12 hr Mutton/12_hr_Mutton_0137.jpg,531709,79bef2355fcb9229ddfaa386feabb83cc17c734eb1059a7b0748bb53af9fc537,Mutton/12 hr Mutton images/4072.jpg|Mutton/12 hr Mutton images/4073.jpg,2
train,12 hr Mutton,12_hr_Mutton_0138.jpg,train/12 hr Mutton/12_hr_Mutton_0138.jpg,505798,133212c5468c34252031319ca8e2618770122819ff2dacb30834a780e0f1abad,Mutton/12 hr Mutton images/4092.jpg|Mutton/12 hr Mutton images/4093.jpg|Mutton/12 hr Mutton images/4438.jpg,3
train,12 hr Mutton,12_hr_Mutton_0139.jpg,train/12 hr Mutton/12_hr_Mutton_0139.jpg,508020,187d8906b61ee745b937ae06d6618cd326649effd7db0b0e500224dcc7e69493,Mutton/12 hr Mutton images/4048.jpg|Mutton/12 hr Mutton images/4049.jpg,2
train,12 hr Mutton,12_hr_Mutton_0140.jpg,train/12 hr Mutton/12_hr_Mutton_0140.jpg,408020,919a661922a1cb730788c239a801d5e95fbad0a636f5190f47dfbcc9311627d3,Mutton/12 hr Mutton images/4272.jpg|Mutton/12 hr Mutton images/4273.jpg,2
train,12 hr Mutton,12_hr_Mutton_0141.jpg,train/12 hr Mutton/12_hr_Mutton_0141.jpg,466085,b378ac038062c98a97d477c44c990a1eaa8166293f0b1b7d1f991bc35b1afe46,Mutton/12 hr Mutton images/4280.jpg|Mutton/12 hr Mutton images/4281.jpg,2
train,12 hr Mutton,12_hr_Mutton_0142.jpg,train/12 hr Mutton/12_hr_Mutton_0142.jpg,464366,1241629683b25ad5181944f8edccc7e4996f82f2615039dbb7b70bd7e2f80962,Mutton/12 hr Mutton images/4134.jpg|Mutton/12 hr Mutton images/4135.jpg,2
train,12 hr Mutton,12_hr_Mutton_0143.jpg,train/12 hr Mutton/12_hr_Mutton_0143.jpg,490803,6037688ebaee10154986193ddf0a7e14dcc403fece1c45ff7322e5a3e9e341a1,Mutton/12 hr Mutton images/4228.jpg|Mutton/12 hr Mutton images/4229.jpg,2
train,12 hr Mutton,12_hr_Mutton_0144.jpg,train/12 hr Mutton/12_hr_Mutton_0144.jpg,526505,e59ae3c6ced65d96a40270af832df78854711d8d084d542c65453365195a6a61,Mutton/12 hr Mutton images/4256.jpg|Mutton/12 hr Mutton images/4257.jpg,2
train,12 hr Mutton,12_hr_Mutton_0145.jpg,train/12 hr Mutton/12_hr_Mutton_0145.jpg,494319,e8e5945bd8389736528e96caf882acf540bb43a1772be7a4eabc4f039f8795d7,Mutton/12 hr Mutton images/4370.jpg|Mutton/12 hr Mutton images/4371.jpg|Mutton/12 hr Mutton images/4447.jpg,3
train,24 hr Beef,24_hr_Beef_0000.jpg,train/24 hr Beef/24_hr_Beef_0000.jpg,422853,9a966c529c9cfaf8424ccd08f40a573ed612e7ad5883d37242f821451f43be5d,Beef/24 hr Beef images/2056.jpg|Beef/24 hr Beef images/2309.jpg,2
train,24 hr Beef,24_hr_Beef_0001.jpg,train/24 hr Beef/24_hr_Beef_0001.jpg,506969,19383609ba5a42b3dafd820addface406e4bbcf18d5890ca10317c9da9fc2c5d,Beef/24 hr Beef images/2140.jpg|Beef/24 hr Beef images/2255.jpg,2
train,24 hr Beef,24_hr_Beef_0002.jpg,train/24 hr Beef/24_hr_Beef_0002.jpg,483193,984c8056618e5e0da35216f5576e852377fd2681517c1023408322a59e1815d6,Beef/24 hr Beef images/2028.jpg,1
train,24 hr Beef,24_hr_Beef_0003.jpg,train/24 hr Beef/24_hr_Beef_0003.jpg,472506,182d09f1685243fc7a93d18d403372fe80f50e38062cac633c658c92a6213f2e,Beef/24 hr Beef images/2208.jpg|Beef/24 hr Beef images/2434.jpg,2
train,24 hr Beef,24_hr_Beef_0004.jpg,train/24 hr Beef/24_hr_Beef_0004.jpg,481552,57a3dfc05170ee64ae2cd69009251080cea0927f2b4954dd6ed83b78029a5b71,Beef/24 hr Beef images/2156.jpg|Beef/24 hr Beef images/2360.jpg,2
train,24 hr Beef,24_hr_Beef_0005.jpg,train/24 hr Beef/24_hr_Beef_0005.jpg,457297,4f3606c39bd35c5b026915a863e973bf099253d831f39d65db722522f66df5f4,Beef/24 hr Beef images/2061.jpg|Beef/24 hr Beef images/2406.jpg,2
train,24 hr Beef,24_hr_Beef_0006.jpg,train/24 hr Beef/24_hr_Beef_0006.jpg,480813,6e8c0f7c340c4102fe743c51f9260744d1dcc7285e9ebc605b46f7f45fdffae5,Beef/24 hr Beef images/2001.jpg|Beef/24 hr Beef images/2432.jpg,2
train,24 hr Beef,24_hr_Beef_0007.jpg,train/24 hr Beef/24_hr_Beef_0007.jpg,516664,2d5b943bea502b4895d2a2d351247d748763fd1646be8ae7187d42817541c49c,Beef/24 hr Beef images/2119.jpg|Beef/24 hr Beef images/2270.jpg,2
train,24 hr Beef,24_hr_Beef_0008.jpg,train/24 hr Beef/24_hr_Beef_0008.jpg,481940,720782338f1d8b9d60aa9898e35a69d11084c6219e863d0dd7f728c83a898c5a,Beef/24 hr Beef images/2167.jpg|Beef/24 hr Beef images/2315.jpg,2
train,24 hr Beef,24_hr_Beef_0009.jpg,train/24 hr Beef/24_hr_Beef_0009.jpg,411984,c0f207bbed95d689c2797dca1ad8457c04154c6fffeefa306e0ba2e748e309c7,Beef/24 hr Beef images/2158.jpg|Beef/24 hr Beef images/2285.jpg,2
train,24 hr Beef,24_hr_Beef_0010.jpg,train/24 hr Beef/24_hr_Beef_0010.jpg,553171,230aa34cd101c275ec20b1a05aba3e83f2033344abae8b3bd33858d0b737811b,Beef/24 hr Beef images/2114.jpg|Beef/24 hr Beef images/2240.jpg,2
train,24 hr Beef,24_hr_Beef_0011.jpg,train/24 hr Beef/24_hr_Beef_0011.jpg,576147,409d234daee0b84bb4e3bcd622f0acc0fb655621c847bf621202c74af667733b,Beef/24 hr Beef images/2129.jpg|Beef/24 hr Beef images/2361.jpg,2
train,24 hr Beef,24_hr_Beef_0012.jpg,train/24 hr Beef/24_hr_Beef_0012.jpg,465896,bfcfb687f5c4c9e1dd1474b79c7ba4aadb7282a36b35626b55781e73a051c4a1,Beef/24 hr Beef images/2075.jpg|Beef/24 hr Beef images/2356.jpg,2
train,24 hr Beef,24_hr_Beef_0013.jpg,train/24 hr Beef/24_hr_Beef_0013.jpg,435826,ab38676dc4f516e7726178dbd86045c3e6823f8d30424388804fe81e1d155109,Beef/24 hr Beef images/2176.jpg|Beef/24 hr Beef images/2282.jpg,2
train,24 hr Beef,24_hr_Beef_0014.jpg,train/24 hr Beef/24_hr_Beef_0014.jpg,456126,3e6802fdf24666b8766f4d49040e135de180eec57fe1e0ca8b8c11a3bba695b2,Beef/24 hr Beef images/2165.jpg|Beef/24 hr Beef images/2316.jpg,2
train,24 hr Beef,24_hr_Beef_0015.jpg,train/24 hr Beef/24_hr_Beef_0015.jpg,551330,76aea15beb45959699f08b64b21c7719b98940ac8c47655001d79b25779f3d74,Beef/24 hr Beef images/2121.jpg|Beef/24 hr Beef images/2295.jpg,2
train,24 hr Beef,24_hr_Beef_0016.jpg,train/24 hr Beef/24_hr_Beef_0016.jpg,554731,f75b68367739d8e294bf2b2d38bdc7d85b03d40779652d034fb2e5e878bddda0,Beef/24 hr Beef images/2194.jpg|Beef/24 hr Beef images/2341.jpg,2
train,24 hr Beef,24_hr_Beef_0017.jpg,train/24 hr Beef/24_hr_Beef_0017.jpg,510338,81b135bf29a4b1ac4edb8937c72817fde5920ca68d16414004dd5f057b5f0bb4,Beef/24 hr Beef images/2128.jpg|Beef/24 hr Beef images/2260.jpg,2
train,24 hr Beef,24_hr_Beef_0018.jpg,train/24 hr Beef/24_hr_Beef_0018.jpg,511481,ecf1d209c4ad9e8107502d919f340067f7a845adcc6b8b453575b8920bb4602f,Beef/24 hr Beef images/2086.jpg|Beef/24 hr Beef images/2307.jpg,2
train,24 hr Beef,24_hr_Beef_0019.jpg,train/24 hr Beef/24_hr_Beef_0019.jpg,537782,0a718a300f521660f415cabfa974abf6a3a62e61a8026ffb8e7b89c3bdd0fbcb,Beef/24 hr Beef images/2090.jpg|Beef/24 hr Beef images/2385.jpg,2
train,24 hr Beef,24_hr_Beef_0020.jpg,train/24 hr Beef/24_hr_Beef_0020.jpg,469537,c832aad234ef40b4a65ed58230dc4a309a77c63a6a7a09ce238e5c63e061a608,Beef/24 hr Beef images/2062.jpg|Beef/24 hr Beef images/2330.jpg,2
train,24 hr Beef,24_hr_Beef_0021.jpg,train/24 hr Beef/24_hr_Beef_0021.jpg,491291,1e897dde37ab70a46badf70f9c2b754cd1ee9f6fdc4ec4d426a96fefad7147f0,Beef/24 hr Beef images/2050.jpg|Beef/24 hr Beef images/2396.jpg,2
train,24 hr Beef,24_hr_Beef_0022.jpg,train/24 hr Beef/24_hr_Beef_0022.jpg,498463,8c0a6aec697f34f669c4fe2eb08ac1f8b49c8ba31f41bd8a0d186e3fb64df035,Beef/24 hr Beef images/2169.jpg|Beef/24 hr Beef images/2234.jpg,2
train,24 hr Beef,24_hr_Beef_0023.jpg,train/24 hr Beef/24_hr_Beef_0023.jpg,466731,de194b46ff1d0020b7b3aa1459aa20647c281ea3de96cc303bb019ec30312860,Beef/24 hr Beef images/2159.jpg|Beef/24 hr Beef images/2398.jpg,2
train,24 hr Beef,24_hr_Beef_0024.jpg,train/24 hr Beef/24_hr_Beef_0024.jpg,515887,b22a61a5d68e3826bc7c9b6dcc6da8ed3ccd44434ac6f25fc82823691cec596e,Beef/24 hr Beef images/2111.jpg|Beef/24 hr Beef images/2293.jpg,2
train,24 hr Beef,24_hr_Beef_0025.jpg,train/24 hr Beef/24_hr_Beef_0025.jpg,451054,d095e4b85e113eca3a61f60bb671a41b16d29772de4c9534769ac5aa90b6c9db,Beef/24 hr Beef images/2008.jpg|Beef/24 hr Beef images/2373.jpg,2
train,24 hr Beef,24_hr_Beef_0026.jpg,train/24 hr Beef/24_hr_Beef_0026.jpg,581791,067b12e97b36e6a2e0d7acec39d30736d8afb8795dae9fb64def9596cec06c83,Beef/24 hr Beef images/2005.jpg|Beef/24 hr Beef images/2445.jpg,2
train,24 hr Beef,24_hr_Beef_0027.jpg,train/24 hr Beef/24_hr_Beef_0027.jpg,504846,6093077649ce8e0b820ec1938f47440dc9931be74a24d95434f6db5e915f8753,Beef/24 hr Beef images/2096.jpg|Beef/24 hr Beef images/2428.jpg,2
train,24 hr Beef,24_hr_Beef_0028.jpg,train/24 hr Beef/24_hr_Beef_0028.jpg,421315,27ec0162fadb10b0ea16313739d56c5ed5efd1114a5b3a239f53cccfe4d8b26a,Beef/24 hr Beef images/2018.jpg|Beef/24 hr Beef images/2281.jpg,2
train,24 hr Beef,24_hr_Beef_0029.jpg,train/24 hr Beef/24_hr_Beef_0029.jpg,464293,23943fd56234d5ab453c824c3a8d9d4748efcb99f50899bc7c962dff4fe19e91,Beef/24 hr Beef images/2177.jpg|Beef/24 hr Beef images/2284.jpg,2
train,24 hr Beef,24_hr_Beef_0030.jpg,train/24 hr Beef/24_hr_Beef_0030.jpg,410618,a54b63704bb1e987ba2932f85b884c182e74532980e3e8aa4a5dc05e87df5a4b,Beef/24 hr Beef images/2067.jpg|Beef/24 hr Beef images/2414.jpg,2
train,24 hr Beef,24_hr_Beef_0031.jpg,train/24 hr Beef/24_hr_Beef_0031.jpg,472340,5949f8e7858f8b209eb88f353433d4dd0ad16eaef1a0e8bc056f8022b5943971,Beef/24 hr Beef images/2206.jpg|Beef/24 hr Beef images/2352.jpg,2
train,24 hr Beef,24_hr_Beef_0032.jpg,train/24 hr Beef/24_hr_Beef_0032.jpg,575490,08616e99cb7c45ae8fd1c9809182a62711a3b04f82dccb7e577f44b95b063c57,Beef/24 hr Beef images/2130.jpg|Beef/24 hr Beef images/2283.jpg,2
train,24 hr Beef,24_hr_Beef_0033.jpg,train/24 hr Beef/24_hr_Beef_0033.jpg,416664,0596a0a929a763ba1ec7e32eb3d62cb9fdf24a394d761b0fbe19255bb8516f8d,Beef/24 hr Beef images/2201.jpg|Beef/24 hr Beef images/2433.jpg,2
train,24 hr Beef,24_hr_Beef_0034.jpg,train/24 hr Beef/24_hr_Beef_0034.jpg,477929,202b7a8d968ec761ae35a94f3cb7602b002f92b9d418c13fcfbe279a3673dfa6,Beef/24 hr Beef images/2065.jpg|Beef/24 hr Beef images/2280.jpg,2
train,24 hr Beef,24_hr_Beef_0035.jpg,train/24 hr Beef/24_hr_Beef_0035.jpg,502485,8abd853578149b34df3fcdcb1f2e5ee477f9a51cbc1ebe5de7417deadb27ab8c,Beef/24 hr Beef images/2097.jpg|Beef/24 hr Beef images/2325.jpg,2
train,24 hr Beef,24_hr_Beef_0036.jpg,train/24 hr Beef/24_hr_Beef_0036.jpg,490563,4915336b867859cc1a8ffc72c901acd83e3de5792c32de2bcb7e64c183e0aac9,Beef/24 hr Beef images/2029.jpg|Beef/24 hr Beef images/2420.jpg,2
train,24 hr Beef,24_hr_Beef_0037.jpg,train/24 hr Beef/24_hr_Beef_0037.jpg,535238,30dddb68b3627376fac63cbbb7a29e7981bab0fbe84e4071b690d2dc328b35fd,Beef/24 hr Beef images/2115.jpg|Beef/24 hr Beef images/2354.jpg,2
train,24 hr Beef,24_hr_Beef_0038.jpg,train/24 hr Beef/24_hr_Beef_0038.jpg,482043,57a5ae9b31134b175d15b6464a928e25345fe50ec5fcbda6d6d8b585c174d1f2,Beef/24 hr Beef images/2047.jpg|Beef/24 hr Beef images/2438.jpg,2
train,24 hr Beef,24_hr_Beef_0039.jpg,train/24 hr Beef/24_hr_Beef_0039.jpg,490479,a68b592cbec825a7fc9e68a8ac4945882e443c67c4f68b7fd923f6993d49dfb2,Beef/24 hr Beef images/2073.jpg|Beef/24 hr Beef images/2264.jpg,2
train,24 hr Beef,24_hr_Beef_0040.jpg,train/24 hr Beef/24_hr_Beef_0040.jpg,543585,0c146676161c184330018d6fb5659e564bc37c5139301c1ee74b5f7ff0874611,Beef/24 hr Beef images/2033.jpg|Beef/24 hr Beef images/2265.jpg,2
train,24 hr Beef,24_hr_Beef_0041.jpg,train/24 hr Beef/24_hr_Beef_0041.jpg,469528,9354589695d189d968ce918d90ef455a11f19f12205b3195f360edb91078606b,Beef/24 hr Beef images/2038.jpg|Beef/24 hr Beef images/2338.jpg,2
train,24 hr Beef,24_hr_Beef_0042.jpg,train/24 hr Beef/24_hr_Beef_0042.jpg,477805,8ce59ca0ac2dc99cb33e2f6c6b3040712b33788a88b38b98b64398d21b25e103,Beef/24 hr Beef images/2074.jpg|Beef/24 hr Beef images/2296.jpg,2
train,24 hr Beef,24_hr_Beef_0043.jpg,train/24 hr Beef/24_hr_Beef_0043.jpg,552691,941dd0aa3b61a4f816e4454bf3635fe0e13ee77b77f1f7170f1e702cef26efeb,Beef/24 hr Beef images/2084.jpg|Beef/24 hr Beef images/2389.jpg,2
train,24 hr Beef,24_hr_Beef_0044.jpg,train/24 hr Beef/24_hr_Beef_0044.jpg,475773,7716620cc8c09704a785882b43173c5acdcb2703637da9db633ea03276b5ff92,Beef/24 hr Beef images/2027.jpg|Beef/24 hr Beef images/2327.jpg,2
train,24 hr Beef,24_hr_Beef_0045.jpg,train/24 hr Beef/24_hr_Beef_0045.jpg,565475,93995c763568e1e85cec41f6be61790b35a4090ef5a4ba46543728890561ff24,Beef/24 hr Beef images/2196.jpg|Beef/24 hr Beef images/2263.jpg,2
train,24 hr Beef,24_hr_Beef_0046.jpg,train/24 hr Beef/24_hr_Beef_0046.jpg,547592,5a42a55b7a185d428cbb18412082211a12a7146412515be1473fd25d12f30db2,Beef/24 hr Beef images/2020.jpg|Beef/24 hr Beef images/2248.jpg,2
train,24 hr Beef,24_hr_Beef_0047.jpg,train/24 hr Beef/24_hr_Beef_0047.jpg,576648,4d1358c1dc7ec84126a48b9ad49ff0a61fdf69a20c0d548dc1e44a4b089eb819,Beef/24 hr Beef images/2199.jpg|Beef/24 hr Beef images/2272.jpg,2
train,24 hr Beef,24_hr_Beef_0048.jpg,train/24 hr Beef/24_hr_Beef_0048.jpg,490731,e2249235b89eb6c47c64b062135c485304a84513b8ce1509af694f40fcdbb395,Beef/24 hr Beef images/2006.jpg|Beef/24 hr Beef images/2357.jpg,2
train,24 hr Beef,24_hr_Beef_0049.jpg,train/24 hr Beef/24_hr_Beef_0049.jpg,463526,f5b33c7abe04353a5dc495ebcf4c5b9a4e8fa48e9218805e8de506f2b465c1a5,Beef/24 hr Beef images/2076.jpg|Beef/24 hr Beef images/2304.jpg,2
train,24 hr Beef,24_hr_Beef_0050.jpg,train/24 hr Beef/24_hr_Beef_0050.jpg,508708,170aa0ce7a533e9aa50324a243949144d96d78fe7779daec8feca27a27d6c4dd,Beef/24 hr Beef images/2105.jpg|Beef/24 hr Beef images/2267.jpg,2
train,24 hr Beef,24_hr_Beef_0051.jpg,train/24 hr Beef/24_hr_Beef_0051.jpg,455811,057dd219de1d839c7d51e3190b278dfc69267ab96d1eaecb37e0d035d953b6c2,Beef/24 hr Beef images/2172.jpg|Beef/24 hr Beef images/2411.jpg,2
train,24 hr Beef,24_hr_Beef_0052.jpg,train/24 hr Beef/24_hr_Beef_0052.jpg,427587,3d45a2884d9675bacc7b086ec15b8526ef7396b6d4da6b7263e83fee15fb70c7,Beef/24 hr Beef images/2216.jpg|Beef/24 hr Beef images/2288.jpg,2
train,24 hr Beef,24_hr_Beef_0053.jpg,train/24 hr Beef/24_hr_Beef_0053.jpg,417363,5148f1c7b59d9acb7772c190082fccffb36c30b705fb07ab39be5921bbf35ebb,Beef/24 hr Beef images/2220.jpg|Beef/24 hr Beef images/2372.jpg,2
train,24 hr Beef,24_hr_Beef_0054.jpg,train/24 hr Beef/24_hr_Beef_0054.jpg,466630,c716216c26d0a4d7211244ea03dde2708b73b8d7ad33960470be7c5eaf6a19c3,Beef/24 hr Beef images/2217.jpg|Beef/24 hr Beef images/2279.jpg,2
train,24 hr Beef,24_hr_Beef_0055.jpg,train/24 hr Beef/24_hr_Beef_0055.jpg,472004,b532e295c24dd1ad1534bc45931450b1b5da554d1ba440ffd83ebb10a2c572c5,Beef/24 hr Beef images/2030.jpg|Beef/24 hr Beef images/2254.jpg,2
train,24 hr Beef,24_hr_Beef_0056.jpg,train/24 hr Beef/24_hr_Beef_0056.jpg,468709,d8e878ce47a303e69aefa6d0eedd9a0f051394d5d2197fb4295d8baa13d81a80,Beef/24 hr Beef images/2221.jpg|Beef/24 hr Beef images/2426.jpg,2
train,24 hr Beef,24_hr_Beef_0057.jpg,train/24 hr Beef/24_hr_Beef_0057.jpg,531453,705aa0c1f3568066df6874fa8f63c485dedbffe6abf42248e6206aabb479fe6e,Beef/24 hr Beef images/2174.jpg|Beef/24 hr Beef images/2408.jpg,2
train,24 hr Beef,24_hr_Beef_0058.jpg,train/24 hr Beef/24_hr_Beef_0058.jpg,554061,4c7e1ba55a8c7e76cf559a517b4430290ee59843cdef0d430f46b11dbc68201d,Beef/24 hr Beef images/2085.jpg|Beef/24 hr Beef images/2333.jpg,2
train,24 hr Beef,24_hr_Beef_0059.jpg,train/24 hr Beef/24_hr_Beef_0059.jpg,481810,a133dfde9e5ea7ab67c67766e24818b219d90db4afe0cd3ea622641f45cdef16,Beef/24 hr Beef images/2051.jpg|Beef/24 hr Beef images/2419.jpg,2
train,24 hr Beef,24_hr_Beef_0060.jpg,train/24 hr Beef/24_hr_Beef_0060.jpg,495421,d5612151c02a433e7792dc5b324e6b82d4c643846b13ea967b62ea6be4bf2f4b,Beef/24 hr Beef images/2037.jpg|Beef/24 hr Beef images/2404.jpg,2
train,24 hr Beef,24_hr_Beef_0061.jpg,train/24 hr Beef/24_hr_Beef_0061.jpg,552018,ab3cf828e430338b7da2f6add26a07836d9a045df4f9b242ee24149c754061e4,Beef/24 hr Beef images/2087.jpg|Beef/24 hr Beef images/2310.jpg,2
train,24 hr Beef,24_hr_Beef_0062.jpg,train/24 hr Beef/24_hr_Beef_0062.jpg,487566,126a875a3d617a58227a1c0e706f114b73be0207dacd364961aa87f59b1af38f,Beef/24 hr Beef images/2204.jpg|Beef/24 hr Beef images/2417.jpg,2
train,24 hr Beef,24_hr_Beef_0063.jpg,train/24 hr Beef/24_hr_Beef_0063.jpg,579356,15e94b787a4a28d9a85e9b96ea86c18117be3537d073edae55757302f6c877a8,Beef/24 hr Beef images/2004.jpg|Beef/24 hr Beef images/2308.jpg,2
train,24 hr Beef,24_hr_Beef_0064.jpg,train/24 hr Beef/24_hr_Beef_0064.jpg,464315,dffe55cfce18bd67751ce0ded92029fe2edee0a4c633e5142e4a98cda3424690,Beef/24 hr Beef images/2154.jpg|Beef/24 hr Beef images/2299.jpg,2
train,24 hr Beef,24_hr_Beef_0065.jpg,train/24 hr Beef/24_hr_Beef_0065.jpg,429632,b175e3dde5c243c8d8879fe956146100bdb2307da3e8274f522d14eb585d16c1,Beef/24 hr Beef images/2025.jpg|Beef/24 hr Beef images/2366.jpg,2
train,24 hr Beef,24_hr_Beef_0066.jpg,train/24 hr Beef/24_hr_Beef_0066.jpg,435658,4ecb3aba40d53c4473cb3a3bae8687578ea45d7cecad21622aca7b6649042fb9,Beef/24 hr Beef images/2024.jpg|Beef/24 hr Beef images/2409.jpg,2
train,24 hr Beef,24_hr_Beef_0067.jpg,train/24 hr Beef/24_hr_Beef_0067.jpg,488239,b3e0ddbe6367b4b94be2431643c4053bf0892fdb0d4e064f3ff624faef8fb931,Beef/24 hr Beef images/2182.jpg|Beef/24 hr Beef images/2380.jpg,2
train,24 hr Beef,24_hr_Beef_0068.jpg,train/24 hr Beef/24_hr_Beef_0068.jpg,534720,6c5faef0e8ef198a58958e7e1fcebc5ba5def381c8adaabfe43dc8512460ca53,Beef/24 hr Beef images/2125.jpg|Beef/24 hr Beef images/2346.jpg,2
train,24 hr Beef,24_hr_Beef_0069.jpg,train/24 hr Beef/24_hr_Beef_0069.jpg,434294,c5ff15873c98ce2e8a9914ff1ef399525e9464710686eaf1bd6eb976c4bfe9f9,Beef/24 hr Beef images/2149.jpg|Beef/24 hr Beef images/2382.jpg,2
train,24 hr Beef,24_hr_Beef_0070.jpg,train/24 hr Beef/24_hr_Beef_0070.jpg,556781,ac6caa39e2a4d091387197838f5067e6aa57881c98451629a7a9ef1c1f1e163a,Beef/24 hr Beef images/2123.jpg|Beef/24 hr Beef images/2394.jpg,2
train,24 hr Beef,24_hr_Beef_0071.jpg,train/24 hr Beef/24_hr_Beef_0071.jpg,487597,f65d5c0a30c6f4494b4832a428928f88db6b2a05a1150988814ddec7bf30208f,Beef/24 hr Beef images/2181.jpg|Beef/24 hr Beef images/2250.jpg,2
train,24 hr Beef,24_hr_Beef_0072.jpg,train/24 hr Beef/24_hr_Beef_0072.jpg,440608,893ed28486587a6e36fe0d7fb342613603438e3e3517b49b86968e8ec21415f2,Beef/24 hr Beef images/2057.jpg|Beef/24 hr Beef images/2378.jpg,2
train,24 hr Beef,24_hr_Beef_0073.jpg,train/24 hr Beef/24_hr_Beef_0073.jpg,510681,14d4172af63ca35ea82c3282c9b33767bfdec04eb39d175c594d45bddf9ef1e0,Beef/24 hr Beef images/2205.jpg|Beef/24 hr Beef images/2247.jpg,2
train,24 hr Beef,24_hr_Beef_0074.jpg,train/24 hr Beef/24_hr_Beef_0074.jpg,478512,8567110824e75fbdc24e07cb7241d0ebfcb2b27a8df996a4816e8bb4371e03c5,Beef/24 hr Beef images/2110.jpg|Beef/24 hr Beef images/2276.jpg,2
train,24 hr Beef,24_hr_Beef_0075.jpg,train/24 hr Beef/24_hr_Beef_0075.jpg,547557,683d81f7d80fed1205044ae0337801a5dd41c9904d1a95ece7009c978cb3d87d,Beef/24 hr Beef images/2193.jpg|Beef/24 hr Beef images/2302.jpg,2
train,24 hr Beef,24_hr_Beef_0076.jpg,train/24 hr Beef/24_hr_Beef_0076.jpg,485852,88ebde756b18f91bbf36eca6befdd9cc4173d00ebaf2db3d7a21f9c45830c328,Beef/24 hr Beef images/2211.jpg|Beef/24 hr Beef images/2303.jpg,2
train,24 hr Beef,24_hr_Beef_0077.jpg,train/24 hr Beef/24_hr_Beef_0077.jpg,409016,aad4936fb0462137768f4f1d4d732208569fd08b01f4b573c02a93282f7a9aad,Beef/24 hr Beef images/2010.jpg|Beef/24 hr Beef images/2329.jpg,2
train,24 hr Beef,24_hr_Beef_0078.jpg,train/24 hr Beef/24_hr_Beef_0078.jpg,580897,f2e63bc5bfea86d74e46f311725f7c6c834f1c1534a5e669c19e52ef9e55c732,Beef/24 hr Beef images/2122.jpg|Beef/24 hr Beef images/2249.jpg,2
train,24 hr Beef,24_hr_Beef_0079.jpg,train/24 hr Beef/24_hr_Beef_0079.jpg,534147,117d85c2c24578fa08e09e21be4daa79a705e45b6ee50069badea57b71f04810,Beef/24 hr Beef images/2124.jpg|Beef/24 hr Beef images/2379.jpg,2
train,24 hr Beef,24_hr_Beef_0080.jpg,train/24 hr Beef/24_hr_Beef_0080.jpg,458766,10fb4579026fe16f5768726a891e34282a19733561f818ab99463587b00e2ac8,Beef/24 hr Beef images/2077.jpg|Beef/24 hr Beef images/2305.jpg,2
train,24 hr Beef,24_hr_Beef_0081.jpg,train/24 hr Beef/24_hr_Beef_0081.jpg,476341,bc3f710aab28e3605741e3bc44c66866808bedf6f52a6206be253ab27311ca6d,Beef/24 hr Beef images/2120.jpg|Beef/24 hr Beef images/2441.jpg,2
train,24 hr Beef,24_hr_Beef_0082.jpg,train/24 hr Beef/24_hr_Beef_0082.jpg,523668,959c30fddcc412cfb98b978713c46b3469d8b535d2fc9ec2821c7e90a4af2c5d,Beef/24 hr Beef images/2106.jpg|Beef/24 hr Beef images/2232.jpg,2
train,24 hr Beef,24_hr_Beef_0083.jpg,train/24 hr Beef/24_hr_Beef_0083.jpg,408948,47aa998256506bbd8a4dafdeaa47392c4a629e2a93218c08f01f65ec56c355b0,Beef/24 hr Beef images/2011.jpg|Beef/24 hr Beef images/2239.jpg,2
train,24 hr Beef,24_hr_Beef_0084.jpg,train/24 hr Beef/24_hr_Beef_0084.jpg,506906,4f64b2674c62903aa42f475f8505d1ced8cefa513890ef8869267e6c3852c6d4,Beef/24 hr Beef images/2163.jpg|Beef/24 hr Beef images/2236.jpg,2
train,24 hr Beef,24_hr_Beef_0085.jpg,train/24 hr Beef/24_hr_Beef_0085.jpg,479086,7b2fbb3c98aac7729791cc77acc4c8f17116df51f88f13e3516ec44e85777414,Beef/24 hr Beef images/2013.jpg|Beef/24 hr Beef images/2367.jpg,2
train,24 hr Beef,24_hr_Beef_0086.jpg,train/24 hr Beef/24_hr_Beef_0086.jpg,464529,787a20ae534f231902abf717d27679d120346bbb0452770a0401eb7371b5a7a4,Beef/24 hr Beef images/2016.jpg|Beef/24 hr Beef images/2431.jpg,2
train,24 hr Beef,24_hr_Beef_0087.jpg,train/24 hr Beef/24_hr_Beef_0087.jpg,513415,d4294104875794555b24c510d1503d2c2959c4f0710dcf37521a5f5a03b4739f,Beef/24 hr Beef images/2091.jpg|Beef/24 hr Beef images/2347.jpg,2
train,24 hr Beef,24_hr_Beef_0088.jpg,train/24 hr Beef/24_hr_Beef_0088.jpg,576880,30cb39b4cf22980e5fe44b6073351d80b1d2a3dd4cc87ee93d998927d9d80e37,Beef/24 hr Beef images/2191.jpg|Beef/24 hr Beef images/2446.jpg,2
train,24 hr Beef,24_hr_Beef_0089.jpg,train/24 hr Beef/24_hr_Beef_0089.jpg,422796,1204c96b60870f7f1474371ee91a3636bfdf583efb3cf28bfcc9d58f41789630,Beef/24 hr Beef images/2012.jpg|Beef/24 hr Beef images/2399.jpg,2
train,24 hr Beef,24_hr_Beef_0090.jpg,train/24 hr Beef/24_hr_Beef_0090.jpg,563139,b50d554e87cda55e509151930d56d87214b6eae05295d56620a88aaf851de543,Beef/24 hr Beef images/2101.jpg|Beef/24 hr Beef images/2427.jpg,2
train,24 hr Beef,24_hr_Beef_0091.jpg,train/24 hr Beef/24_hr_Beef_0091.jpg,432604,d11d3fbf086b4c480ca4bf50a7519d7905efe0cfb704784aa93c8f4bd27dbe4f,Beef/24 hr Beef images/2184.jpg|Beef/24 hr Beef images/2257.jpg,2
train,24 hr Beef,24_hr_Beef_0092.jpg,train/24 hr Beef/24_hr_Beef_0092.jpg,497062,ea15d2e61b6250c0a166e7ed6bde17f0ad3fe6121db7aecedc61f558a9060e48,Beef/24 hr Beef images/2026.jpg|Beef/24 hr Beef images/2416.jpg,2
train,24 hr Beef,24_hr_Beef_0093.jpg,train/24 hr Beef/24_hr_Beef_0093.jpg,460122,88ad68820e64390d43167b7da1194f072674077da693310f45856483d916bb5f,Beef/24 hr Beef images/2142.jpg|Beef/24 hr Beef images/2384.jpg,2
train,24 hr Beef,24_hr_Beef_0094.jpg,train/24 hr Beef/24_hr_Beef_0094.jpg,528856,a41233c1c9e57f4e1b9d45230ec9e9d22d19231778454b8835db406d0c126efa,Beef/24 hr Beef images/2203.jpg|Beef/24 hr Beef images/2297.jpg,2
train,24 hr Beef,24_hr_Beef_0095.jpg,train/24 hr Beef/24_hr_Beef_0095.jpg,528234,be8d47dee394b00178a3340542939fff69e0c1fc1aca54f5dde5ca958e576c6d,Beef/24 hr Beef images/2179.jpg|Beef/24 hr Beef images/2348.jpg,2
train,24 hr Beef,24_hr_Beef_0096.jpg,train/24 hr Beef/24_hr_Beef_0096.jpg,512515,7fb764628820028b47a83b9ea3d87759812ea3937ad58d1199c9f5a4711fa1f8,Beef/24 hr Beef images/2118.jpg|Beef/24 hr Beef images/2418.jpg,2
train,24 hr Beef,24_hr_Beef_0097.jpg,train/24 hr Beef/24_hr_Beef_0097.jpg,565736,45424f7b768cd6d38e51103ad5e9a7e0c8e55826ee41a0e1cfae861448077120,Beef/24 hr Beef images/2113.jpg|Beef/24 hr Beef images/2268.jpg,2
train,24 hr Beef,24_hr_Beef_0098.jpg,train/24 hr Beef/24_hr_Beef_0098.jpg,458257,3d10aea8a20e84631e27b3ddba905c0f2ede542d0907284c0602a5ff806a1b18,Beef/24 hr Beef images/2213.jpg|Beef/24 hr Beef images/2238.jpg,2
train,24 hr Beef,24_hr_Beef_0099.jpg,train/24 hr Beef/24_hr_Beef_0099.jpg,572745,b9574c0b53e34c8537b0c1b6d6b94e966b098bc770a3e0b21311a2672cd210fd,Beef/24 hr Beef images/2083.jpg|Beef/24 hr Beef images/2375.jpg,2
train,24 hr Beef,24_hr_Beef_0100.jpg,train/24 hr Beef/24_hr_Beef_0100.jpg,485771,0acdc7ff1f16bddc97f1026ce2527f46d25ad19d1b10393f617ea06601faf7af,Beef/24 hr Beef images/2039.jpg|Beef/24 hr Beef images/2306.jpg,2
train,24 hr Beef,24_hr_Beef_0101.jpg,train/24 hr Beef/24_hr_Beef_0101.jpg,482045,7cf517d70f6d829025abd4e00f1980fc1349382075c77e945e4c82bcac03bf16,Beef/24 hr Beef images/2041.jpg|Beef/24 hr Beef images/2266.jpg,2
train,24 hr Beef,24_hr_Beef_0102.jpg,train/24 hr Beef/24_hr_Beef_0102.jpg,504449,688ad889922540ff368fb16e21175a9c93575ac8832f11769a0f370f2c1ebd3f,Beef/24 hr Beef images/2189.jpg|Beef/24 hr Beef images/2227.jpg,2
train,24 hr Beef,24_hr_Beef_0103.jpg,train/24 hr Beef/24_hr_Beef_0103.jpg,434430,035c2902552845f489b221a9bc87a001ead7e0dd7c4a4789c53a02c166f1c3ad,Beef/24 hr Beef images/2175.jpg|Beef/24 hr Beef images/2259.jpg,2
train,24 hr Beef,24_hr_Beef_0104.jpg,train/24 hr Beef/24_hr_Beef_0104.jpg,464209,c4cda705e49d6e2878c5585b7baf9302822961bf23c106759568ab0e99f2f96a,Beef/24 hr Beef images/2224.jpg|Beef/24 hr Beef images/2321.jpg,2
train,24 hr Beef,24_hr_Beef_0105.jpg,train/24 hr Beef/24_hr_Beef_0105.jpg,457046,c45c535834623494e9d6da7f068a5e91c29bc443ca13c559d1f4bf8da6836ff8,Beef/24 hr Beef images/2178.jpg|Beef/24 hr Beef images/2274.jpg,2
train,24 hr Beef,24_hr_Beef_0106.jpg,train/24 hr Beef/24_hr_Beef_0106.jpg,600216,c0e22ab4f86baae11002e02ed840277acfd27434e59f85d6110ef403f57fb71b,Beef/24 hr Beef images/2079.jpg|Beef/24 hr Beef images/2364.jpg,2
train,24 hr Beef,24_hr_Beef_0107.jpg,train/24 hr Beef/24_hr_Beef_0107.jpg,489488,953b1285c402a2b825833f1172984b67d47d6196ffccb0f6abf7bb90806cc33c,Beef/24 hr Beef images/2131.jpg|Beef/24 hr Beef images/2331.jpg,2
train,24 hr Beef,24_hr_Beef_0108.jpg,train/24 hr Beef/24_hr_Beef_0108.jpg,590587,ec93008014e7e2caa4a12764c2121c5fdefe4f3ed17e979693010f8186adbc29,Beef/24 hr Beef images/2198.jpg|Beef/24 hr Beef images/2410.jpg,2
train,24 hr Beef,24_hr_Beef_0109.jpg,train/24 hr Beef/24_hr_Beef_0109.jpg,465349,79a2904b9b8f1b43b67c9d0bd0246b1f329c29044de951232ab481a373e60cf9,Beef/24 hr Beef images/2034.jpg|Beef/24 hr Beef images/2429.jpg,2
train,24 hr Beef,24_hr_Beef_0110.jpg,train/24 hr Beef/24_hr_Beef_0110.jpg,438104,c8c293b17db3a81b2be2693d3dddf2a909f4f50f0da7b75ad87c514c1e5a1429,Beef/24 hr Beef images/2207.jpg|Beef/24 hr Beef images/2287.jpg,2
train,24 hr Beef,24_hr_Beef_0111.jpg,train/24 hr Beef/24_hr_Beef_0111.jpg,479390,9c6d79ec7b947218ab61a7b536d8013f10e5ee052960c27d5cfec22aaa413d15,Beef/24 hr Beef images/2053.jpg|Beef/24 hr Beef images/2332.jpg,2
train,24 hr Beef,24_hr_Beef_0112.jpg,train/24 hr Beef/24_hr_Beef_0112.jpg,483852,e340d94046be144757fa20af2198f99ef147a9bf45dda34d537301b02eb24dfd,Beef/24 hr Beef images/2058.jpg|Beef/24 hr Beef images/2245.jpg,2
train,24 hr Beef,24_hr_Beef_0113.jpg,train/24 hr Beef/24_hr_Beef_0113.jpg,535467,7c7845a1b8602e8e3fafc6b3f74cf81915f5717a9bf325a8300d1761a6766ae5,Beef/24 hr Beef images/2081.jpg|Beef/24 hr Beef images/2344.jpg,2
train,24 hr Beef,24_hr_Beef_0114.jpg,train/24 hr Beef/24_hr_Beef_0114.jpg,510855,4a4503970540b27fa351b65830f48be804919bf9aa040a1a9fef5489b6bd82ec,Beef/24 hr Beef images/2103.jpg|Beef/24 hr Beef images/2292.jpg,2
train,24 hr Beef,24_hr_Beef_0115.jpg,train/24 hr Beef/24_hr_Beef_0115.jpg,464310,1160a90bdd9abdd5f15c27c7b330d0fe5923de2386c27827bc868233fc806878,Beef/24 hr Beef images/2214.jpg|Beef/24 hr Beef images/2383.jpg,2
train,24 hr Beef,24_hr_Beef_0116.jpg,train/24 hr Beef/24_hr_Beef_0116.jpg,468295,d316a154c5eb7ba759497140bdb8bdb9b42cafda597a743c767f5488750cf940,Beef/24 hr Beef images/2215.jpg|Beef/24 hr Beef images/2395.jpg,2
train,24 hr Beef,24_hr_Beef_0117.jpg,train/24 hr Beef/24_hr_Beef_0117.jpg,517560,960241e736f63d858a1211e146ae67947ad08af4a43bf2b8145c674426b93064,Beef/24 hr Beef images/2219.jpg|Beef/24 hr Beef images/2291.jpg,2
train,24 hr Beef,24_hr_Beef_0118.jpg,train/24 hr Beef/24_hr_Beef_0118.jpg,607032,f053ea8d7d567cb44ea3f80d72277c671ac1efc6fe077a294657488004d3fb40,Beef/24 hr Beef images/2190.jpg|Beef/24 hr Beef images/2390.jpg,2
train,24 hr Beef,24_hr_Beef_0119.jpg,train/24 hr Beef/24_hr_Beef_0119.jpg,485122,ea5d74efe9fe4e0c9d5c8fe50f912b3e8012962a3d1892939c363e987bbe1dac,Beef/24 hr Beef images/2046.jpg|Beef/24 hr Beef images/2422.jpg,2
train,24 hr Beef,24_hr_Beef_0120.jpg,train/24 hr Beef/24_hr_Beef_0120.jpg,496238,ecd010edd3df515a16e4a4d7789504f7663ba114624895c4a40c8653e942e3a2,Beef/24 hr Beef images/2093.jpg|Beef/24 hr Beef images/2301.jpg,2
train,24 hr Beef,24_hr_Beef_0121.jpg,train/24 hr Beef/24_hr_Beef_0121.jpg,530843,49080612db29044a8961b47117f9e1c02c67d9fcaf2d862df8c30feb2ee531fe,Beef/24 hr Beef images/2117.jpg|Beef/24 hr Beef images/2277.jpg,2
train,24 hr Beef,24_hr_Beef_0122.jpg,train/24 hr Beef/24_hr_Beef_0122.jpg,518332,9ee8d6a4002f89a96eafd2f6ae65e386adaef0785b84e67d9d62dac9c2797bc8,Beef/24 hr Beef images/2064.jpg|Beef/24 hr Beef images/2405.jpg,2
train,24 hr Beef,24_hr_Beef_0123.jpg,train/24 hr Beef/24_hr_Beef_0123.jpg,429452,1065a1fbd422b3b7f75b82f292d3a85e9d27c99666775342f94e236b3d0b7d30,Beef/24 hr Beef images/2137.jpg|Beef/24 hr Beef images/2336.jpg,2
train,24 hr Beef,24_hr_Beef_0124.jpg,train/24 hr Beef/24_hr_Beef_0124.jpg,450918,c101d0cacc4036c96f1a46ef212e9c7b8dd8094e687e013fbe807ee1984cc561,Beef/24 hr Beef images/2150.jpg|Beef/24 hr Beef images/2355.jpg,2
train,24 hr Beef,24_hr_Beef_0125.jpg,train/24 hr Beef/24_hr_Beef_0125.jpg,496570,d3853febac46735261d6c1879ebbe3789aa5bae1e5eb21db5b33adc6d767825a,Beef/24 hr Beef images/2185.jpg|Beef/24 hr Beef images/2381.jpg,2
train,24 hr Beef,24_hr_Beef_0126.jpg,train/24 hr Beef/24_hr_Beef_0126.jpg,426832,dae036f5331ad3aa80d991938c1b14fd70f7e362890dca3d55d7e9e41ecbd4a3,Beef/24 hr Beef images/2153.jpg|Beef/24 hr Beef images/2387.jpg,2
train,24 hr Beef,24_hr_Beef_0127.jpg,train/24 hr Beef/24_hr_Beef_0127.jpg,467513,e1c00bda9237968f381ec2326119cb463e2bc8072232162ad1e042776c492b5e,Beef/24 hr Beef images/2044.jpg|Beef/24 hr Beef images/2386.jpg,2
train,24 hr Beef,24_hr_Beef_0128.jpg,train/24 hr Beef/24_hr_Beef_0128.jpg,491380,6000122bd64428b1674f255677ca9238d9027787e4395dc0b9c3ad83a9621019,Beef/24 hr Beef images/2104.jpg,1
train,24 hr Beef,24_hr_Beef_0129.jpg,train/24 hr Beef/24_hr_Beef_0129.jpg,497882,f518e6acae0f2dad55737169b6eed334a6e191fddc22825967821bc0a227817c,Beef/24 hr Beef images/2040.jpg|Beef/24 hr Beef images/2312.jpg,2
train,24 hr Beef,24_hr_Beef_0130.jpg,train/24 hr Beef/24_hr_Beef_0130.jpg,485615,5a8a50d54f1150cecd172d4c27e70619fbba5252bbffa7d590da148130d62d25,Beef/24 hr Beef images/2088.jpg|Beef/24 hr Beef images/2415.jpg,2
train,24 hr Beef,24_hr_Beef_0131.jpg,train/24 hr Beef/24_hr_Beef_0131.jpg,536929,9ed3e25c8e1587490e50307589a1f3b56f4c18ffb03f145b153aef73dda615b9,Beef/24 hr Beef images/2157.jpg|Beef/24 hr Beef images/2368.jpg,2
train,24 hr Beef,24_hr_Beef_0132.jpg,train/24 hr Beef/24_hr_Beef_0132.jpg,440740,06fdfe8a68921c963bac622fda21834416c0abc926f538a3f31dc833df4efecc,Beef/24 hr Beef images/2023.jpg|Beef/24 hr Beef images/2231.jpg,2
train,24 hr Beef,24_hr_Beef_0133.jpg,train/24 hr Beef/24_hr_Beef_0133.jpg,532960,b565af4e804a9efe97143375743397bd5279cdcaf80b3da962c77222bc9a2f12,Beef/24 hr Beef images/2180.jpg|Beef/24 hr Beef images/2322.jpg,2
train,24 hr Beef,24_hr_Beef_0134.jpg,train/24 hr Beef/24_hr_Beef_0134.jpg,496480,9064d9c01da6466ea23b543eac131ff7c67d86716a44d1240e979ee89a747874,Beef/24 hr Beef images/2068.jpg|Beef/24 hr Beef images/2256.jpg,2
train,24 hr Beef,24_hr_Beef_0135.jpg,train/24 hr Beef/24_hr_Beef_0135.jpg,490473,d2bb1dfdf7750eb22c733c5ac8acbf293a624f60abbf9169eedee42b281e7451,Beef/24 hr Beef images/2043.jpg|Beef/24 hr Beef images/2323.jpg,2
train,24 hr Beef,24_hr_Beef_0136.jpg,train/24 hr Beef/24_hr_Beef_0136.jpg,558327,c179b1c7c062be62492ae712b972c59244d27f808b3c85b2d9cbcebb3d376d0e,Beef/24 hr Beef images/2099.jpg|Beef/24 hr Beef images/2421.jpg,2
train,24 hr Beef,24_hr_Beef_0137.jpg,train/24 hr Beef/24_hr_Beef_0137.jpg,538373,9395b527171aa2e97eb9a8a245fac61c8cbcf5c3de4a01f9949d386d1ecef913,Beef/24 hr Beef images/2209.jpg|Beef/24 hr Beef images/2320.jpg,2
train,24 hr Beef,24_hr_Beef_0138.jpg,train/24 hr Beef/24_hr_Beef_0138.jpg,480452,d78731a1aeb1b085f2cb4232411808ddab98205dbc5f9b9485cdc94317f53c22,Beef/24 hr Beef images/2031.jpg|Beef/24 hr Beef images/2400.jpg,2
train,24 hr Beef,24_hr_Beef_0139.jpg,train/24 hr Beef/24_hr_Beef_0139.jpg,564817,1ffdade238131fb84d1b1e22bfdac5eb826426c82704fbd3b34cab43515ffd23,Beef/24 hr Beef images/2100.jpg|Beef/24 hr Beef images/2278.jpg,2
train,24 hr Beef,24_hr_Beef_0140.jpg,train/24 hr Beef/24_hr_Beef_0140.jpg,468314,df092770a37dcf105e921c1ed8ad3f41e00d2df08094791f2063e2439fe7d5e3,Beef/24 hr Beef images/2135.jpg|Beef/24 hr Beef images/2371.jpg,2
train,24 hr Beef,24_hr_Beef_0141.jpg,train/24 hr Beef/24_hr_Beef_0141.jpg,460672,eadf70497497c421612122c4b6a8e528d78d3aeab47648a2f03d25f2a1b3788b,Beef/24 hr Beef images/2049.jpg,1
train,24 hr Beef,24_hr_Beef_0142.jpg,train/24 hr Beef/24_hr_Beef_0142.jpg,408344,2c8199155b739f7505d47bfc93e9516492008b60bf9603c82eb929f36ebfe795,Beef/24 hr Beef images/2188.jpg|Beef/24 hr Beef images/2313.jpg,2
train,24 hr Beef,24_hr_Beef_0143.jpg,train/24 hr Beef/24_hr_Beef_0143.jpg,451445,c969d56d73145b4516fb75c1b80f9f2760ba3a2952fccd1b2542e1145baaad7b,Beef/24 hr Beef images/2066.jpg|Beef/24 hr Beef images/2363.jpg,2
train,24 hr Beef,24_hr_Beef_0144.jpg,train/24 hr Beef/24_hr_Beef_0144.jpg,461377,b9a20f880c042db010a5e88a48e19318593176bc4a965b9d185b867d7deab6e6,Beef/24 hr Beef images/2170.jpg|Beef/24 hr Beef images/2412.jpg,2
train,24 hr Beef,24_hr_Beef_0145.jpg,train/24 hr Beef/24_hr_Beef_0145.jpg,495732,0e65ae3b57b0b036e7ea4744328a443e46c890e4e1144b6ef940c4d655204464,Beef/24 hr Beef images/2036.jpg,1
train,24 hr Beef,24_hr_Beef_0146.jpg,train/24 hr Beef/24_hr_Beef_0146.jpg,397880,3bb0648320b034c465416de4f9f0705e530c5276d5bba3ac84b1d12f928659e4,Beef/24 hr Beef images/2147.jpg|Beef/24 hr Beef images/2369.jpg,2
train,24 hr Beef,24_hr_Beef_0147.jpg,train/24 hr Beef/24_hr_Beef_0147.jpg,498754,167bd39a706138bdf2b348e5a6503047ad12fa2ed01c42c05b89e7887114d729,Beef/24 hr Beef images/2173.jpg|Beef/24 hr Beef images/2443.jpg,2
train,24 hr Beef,24_hr_Beef_0148.jpg,train/24 hr Beef/24_hr_Beef_0148.jpg,424378,6a98e213628bd966b83b076f70509547a4d476e2966eb409e48b3a3399b83b9c,Beef/24 hr Beef images/2138.jpg|Beef/24 hr Beef images/2365.jpg,2
train,24 hr Beef,24_hr_Beef_0149.jpg,train/24 hr Beef/24_hr_Beef_0149.jpg,471623,025766dccfc2235d16e69876231804ead017a023f88a801249b4efdc8824379a,Beef/24 hr Beef images/2108.jpg|Beef/24 hr Beef images/2229.jpg,2
train,24 hr Beef,24_hr_Beef_0150.jpg,train/24 hr Beef/24_hr_Beef_0150.jpg,477970,53a28efccd62b54511f599c192690a7211b5064cb0082dbc95c10c404eb645eb,Beef/24 hr Beef images/2000.jpg|Beef/24 hr Beef images/2370.jpg,2
train,24 hr Beef,24_hr_Beef_0151.jpg,train/24 hr Beef/24_hr_Beef_0151.jpg,467466,b727e2232148fbb58dce150b3c46eadf379e0880f1a34c45db76695343fa0d19,Beef/24 hr Beef images/2187.jpg|Beef/24 hr Beef images/2391.jpg,2
train,24 hr Beef,24_hr_Beef_0152.jpg,train/24 hr Beef/24_hr_Beef_0152.jpg,591413,9e35a5a738189095ab426c0ffb2583ac2aad371337fcf81e1ec53f378f14f86f,Beef/24 hr Beef images/2197.jpg|Beef/24 hr Beef images/2392.jpg,2
train,24 hr Beef,24_hr_Beef_0153.jpg,train/24 hr Beef/24_hr_Beef_0153.jpg,514856,453d960152cc4cac3a0abf4c00b991d07dc4fb6cb7dc0d01dbb7a09a9958984b,Beef/24 hr Beef images/2014.jpg|Beef/24 hr Beef images/2298.jpg,2
train,24 hr Beef,24_hr_Beef_0154.jpg,train/24 hr Beef/24_hr_Beef_0154.jpg,488891,d1e3f9c706622d14f4021841849ac965ce15b9997a48f1b0c1bb34210820dc14,Beef/24 hr Beef images/2218.jpg|Beef/24 hr Beef images/2403.jpg,2
train,24 hr Beef,24_hr_Beef_0155.jpg,train/24 hr Beef/24_hr_Beef_0155.jpg,500074,69caea287e64b36efc0df417ffb4b92fbe99b8ee2014f7048a45d6e5d613a8d0,Beef/24 hr Beef images/2092.jpg|Beef/24 hr Beef images/2423.jpg,2
train,24 hr Beef,24_hr_Beef_0156.jpg,train/24 hr Beef/24_hr_Beef_0156.jpg,457731,b781a472c4058a760629d72f79b956d6f01cc725b1771e0482636ae8dc6f8022,Beef/24 hr Beef images/2042.jpg|Beef/24 hr Beef images/2273.jpg,2
train,24 hr Beef,24_hr_Beef_0157.jpg,train/24 hr Beef/24_hr_Beef_0157.jpg,493047,e7868c28da889e81aad5bb7a139f4015ddf32f83d2af9ad35a4186b867f4796a,Beef/24 hr Beef images/2063.jpg|Beef/24 hr Beef images/2397.jpg,2
train,24 hr Mutton,24_hr_Mutton_0000.jpg,train/24 hr Mutton/24_hr_Mutton_0000.jpg,408405,2e79ca57f3f0f43ea6fdbd3ec6a6360cf68dd9b7586b42deab496b4426240687,Mutton/24 hr Mutton images/4850.jpg|Mutton/24 hr Mutton images/4851.jpg,2
train,24 hr Mutton,24_hr_Mutton_0001.jpg,train/24 hr Mutton/24_hr_Mutton_0001.jpg,419057,f7b10b2a559584fe88910f444f2d826c68c8cb19ed1b40248b59ea1679f752e9,Mutton/24 hr Mutton images/4646.jpg|Mutton/24 hr Mutton images/4647.jpg,2
train,24 hr Mutton,24_hr_Mutton_0002.jpg,train/24 hr Mutton/24_hr_Mutton_0002.jpg,449839,c554a0caab9c8c5aea2d8df8fa9b57c253c31c86c69f8c3b8947306d2ecb9679,Mutton/24 hr Mutton images/4682.jpg|Mutton/24 hr Mutton images/4683.jpg,2
train,24 hr Mutton,24_hr_Mutton_0003.jpg,train/24 hr Mutton/24_hr_Mutton_0003.jpg,458138,e06a6cdcda3074541f82d74bc265d5032a1ec3e1da526bedb3e73e2a2c234a65,Mutton/24 hr Mutton images/4654.jpg|Mutton/24 hr Mutton images/4655.jpg,2
train,24 hr Mutton,24_hr_Mutton_0004.jpg,train/24 hr Mutton/24_hr_Mutton_0004.jpg,460212,79f0035ebd96ab48a027cc125c28573ede4ffb4e6e9a672948cfd6873372f90a,Mutton/24 hr Mutton images/4930.jpg|Mutton/24 hr Mutton images/4931.jpg,2
train,24 hr Mutton,24_hr_Mutton_0005.jpg,train/24 hr Mutton/24_hr_Mutton_0005.jpg,456281,d5b3f393eeab6cd7e7ee1ffb7a8b60a28835d031e00dc44f7d92db730c5486bf,Mutton/24 hr Mutton images/4836.jpg|Mutton/24 hr Mutton images/4837.jpg,2
train,24 hr Mutton,24_hr_Mutton_0006.jpg,train/24 hr Mutton/24_hr_Mutton_0006.jpg,449185,31b5651ae42f2b74c1d0fb13f98f52372da3e2f5cb73c846cecbeb162faa7883,Mutton/24 hr Mutton images/4720.jpg|Mutton/24 hr Mutton images/4721.jpg,2
train,24 hr Mutton,24_hr_Mutton_0007.jpg,train/24 hr Mutton/24_hr_Mutton_0007.jpg,428274,b76791fe2da72ba97084807441c6ef5dad513607758b45fbd77bb837c2824f73,Mutton/24 hr Mutton images/4864.jpg|Mutton/24 hr Mutton images/4865.jpg,2
train,24 hr Mutton,24_hr_Mutton_0008.jpg,train/24 hr Mutton/24_hr_Mutton_0008.jpg,507851,99c77f44cc4d0bdd43593635d70334ef8ca25643a8117fe2de9ba1d0d9a0c048,Mutton/24 hr Mutton images/4732.jpg|Mutton/24 hr Mutton images/4733.jpg,2
train,24 hr Mutton,24_hr_Mutton_0009.jpg,train/24 hr Mutton/24_hr_Mutton_0009.jpg,507043,4a59c69914bc4cf7d07e8d23e46779c06a59ae46ed0d47353ec874b6a9ed2282,Mutton/24 hr Mutton images/4520.jpg|Mutton/24 hr Mutton images/4521.jpg,2
train,24 hr Mutton,24_hr_Mutton_0010.jpg,train/24 hr Mutton/24_hr_Mutton_0010.jpg,534217,d3687b9943bff66a0ace2167f5531acd250346c96af86c7d067b0b269db1de2f,Mutton/24 hr Mutton images/4626.jpg|Mutton/24 hr Mutton images/4627.jpg,2
train,24 hr Mutton,24_hr_Mutton_0011.jpg,train/24 hr Mutton/24_hr_Mutton_0011.jpg,438130,545bdd1878ad48c6a2150e9c5f07ee3662ed978b823bc572f43cd36c071b2ed8,Mutton/24 hr Mutton images/4862.jpg|Mutton/24 hr Mutton images/4863.jpg,2
train,24 hr Mutton,24_hr_Mutton_0012.jpg,train/24 hr Mutton/24_hr_Mutton_0012.jpg,473611,71bd3fba0b9483c3ef08e3a93472b648dab7c80f32332e0d0804b19f60fb0426,Mutton/24 hr Mutton images/4674.jpg|Mutton/24 hr Mutton images/4675.jpg,2
train,24 hr Mutton,24_hr_Mutton_0013.jpg,train/24 hr Mutton/24_hr_Mutton_0013.jpg,526462,5860a2d387a41665497b077cd835be1dbe3718da93a656bd59b57ff4e624c2a5,Mutton/24 hr Mutton images/4532.jpg|Mutton/24 hr Mutton images/4533.jpg,2
train,24 hr Mutton,24_hr_Mutton_0014.jpg,train/24 hr Mutton/24_hr_Mutton_0014.jpg,461124,18142d14ebd7cb621f2a4c9cb120151d5118831fc42e78ba5e7a4f9906a7da03,Mutton/24 hr Mutton images/4546.jpg|Mutton/24 hr Mutton images/4547.jpg,2
train,24 hr Mutton,24_hr_Mutton_0015.jpg,train/24 hr Mutton/24_hr_Mutton_0015.jpg,455940,7c96f287b6f92578e02b9c5d7a6321caffede315e1b112e55d81208831499699,Mutton/24 hr Mutton images/4844.jpg|Mutton/24 hr Mutton images/4845.jpg,2
train,24 hr Mutton,24_hr_Mutton_0016.jpg,train/24 hr Mutton/24_hr_Mutton_0016.jpg,481430,0f8c79d88b43e647d936e64b2f8a36cbc130f29072ee9209cf5a89d4b1a5042c,Mutton/24 hr Mutton images/4728.jpg|Mutton/24 hr Mutton images/4729.jpg,2
train,24 hr Mutton,24_hr_Mutton_0017.jpg,train/24 hr Mutton/24_hr_Mutton_0017.jpg,443161,392f7bd87e9fafb6b12c80b9108de91759b05fb57fcb25490276b210b4620bbe,Mutton/24 hr Mutton images/4890.jpg|Mutton/24 hr Mutton images/4891.jpg|Mutton/24 hr Mutton images/4933.jpg,3
train,24 hr Mutton,24_hr_Mutton_0018.jpg,train/24 hr Mutton/24_hr_Mutton_0018.jpg,445097,0fb79f7357e0258840ff653a13ae43da80e71159da36ec1fcf5e2dbb34949de2,Mutton/24 hr Mutton images/4788.jpg|Mutton/24 hr Mutton images/4789.jpg,2
train,24 hr Mutton,24_hr_Mutton_0019.jpg,train/24 hr Mutton/24_hr_Mutton_0019.jpg,536095,3ee43c907fa4fe027cb9a4f13829b4a8a12dfaff2dce43360510b889dc7091d9,Mutton/24 hr Mutton images/4564.jpg|Mutton/24 hr Mutton images/4565.jpg,2
train,24 hr Mutton,24_hr_Mutton_0020.jpg,train/24 hr Mutton/24_hr_Mutton_0020.jpg,408812,0ad026d13af33da5501a145583de7d0bb019b2e338d4bed2bbfb81168d9ccb53,Mutton/24 hr Mutton images/4806.jpg|Mutton/24 hr Mutton images/4807.jpg,2
train,24 hr Mutton,24_hr_Mutton_0021.jpg,train/24 hr Mutton/24_hr_Mutton_0021.jpg,500506,a47e9d846eed76d6601755ff59c17f7170d1a97d9666b421299bc5ec48dbfcf2,Mutton/24 hr Mutton images/4534.jpg|Mutton/24 hr Mutton images/4535.jpg,2
train,24 hr Mutton,24_hr_Mutton_0022.jpg,train/24 hr Mutton/24_hr_Mutton_0022.jpg,439420,9116442e029aefa820f6638be8217c804aa1c63f072d628cb002e6abc16d67bc,Mutton/24 hr Mutton images/4872.jpg|Mutton/24 hr Mutton images/4873.jpg|Mutton/24 hr Mutton images/4934.jpg,3
train,24 hr Mutton,24_hr_Mutton_0023.jpg,train/24 hr Mutton/24_hr_Mutton_0023.jpg,472435,e4d5697daf6fc80bd898f796f0fd9284c0fb5082d41ebbdaa2cf3c2b023892b6,Mutton/24 hr Mutton images/4580.jpg|Mutton/24 hr Mutton images/4581.jpg|Mutton/24 hr Mutton images/4935.jpg,3
train,24 hr Mutton,24_hr_Mutton_0024.jpg,train/24 hr Mutton/24_hr_Mutton_0024.jpg,462449,1eb2ac6af5108494ea25b27976a60322b3fbeba9ffe0fc8605b2dee991d187f9,Mutton/24 hr Mutton images/4668.jpg|Mutton/24 hr Mutton images/4669.jpg|Mutton/24 hr Mutton images/4949.jpg,3
train,24 hr Mutton,24_hr_Mutton_0025.jpg,train/24 hr Mutton/24_hr_Mutton_0025.jpg,438919,7151fde353df1df362b561a507251fed738bf6b3ee9cd605b35e52dadf72b119,Mutton/24 hr Mutton images/4912.jpg|Mutton/24 hr Mutton images/4913.jpg,2
train,24 hr Mutton,24_hr_Mutton_0026.jpg,train/24 hr Mutton/24_hr_Mutton_0026.jpg,498145,0a8eff95019053d8c2006ecabee659fe3e8c4bda2502b7fe7f4c4a2808a40e25,Mutton/24 hr Mutton images/4730.jpg|Mutton/24 hr Mutton images/4731.jpg|Mutton/24 hr Mutton images/4941.jpg,3
train,24 hr Mutton,24_hr_Mutton_0027.jpg,train/24 hr Mutton/24_hr_Mutton_0027.jpg,397678,88e5669105318bfeb1d96d75cd8199e35bf365130125f43b1807403a442b473d,Mutton/24 hr Mutton images/4822.jpg|Mutton/24 hr Mutton images/4823.jpg,2
train,24 hr Mutton,24_hr_Mutton_0028.jpg,train/24 hr Mutton/24_hr_Mutton_0028.jpg,434638,d0f87f2fc33b970add58bd00e65a304331282155f7ff72efc3e3ab22905cc8a4,Mutton/24 hr Mutton images/4706.jpg|Mutton/24 hr Mutton images/4707.jpg,2
train,24 hr Mutton,24_hr_Mutton_0029.jpg,train/24 hr Mutton/24_hr_Mutton_0029.jpg,481180,96abdc3262a2bba192f40fd89d4625fa72d2e3ada610ab7ac8faba2ee9dcf0c2,Mutton/24 hr Mutton images/4550.jpg|Mutton/24 hr Mutton images/4551.jpg,2
train,24 hr Mutton,24_hr_Mutton_0030.jpg,train/24 hr Mutton/24_hr_Mutton_0030.jpg,451711,fbe4acb2409ad06d63b0b4ea9b7f73a44bb32158bff6de0ec805681a04a79afc,Mutton/24 hr Mutton images/4612.jpg|Mutton/24 hr Mutton images/4613.jpg,2
train,24 hr Mutton,24_hr_Mutton_0031.jpg,train/24 hr Mutton/24_hr_Mutton_0031.jpg,501353,0ecfbd1e0ea384a2dd8a4e9ed1b5f5d266be10929aa82ffcb524ad81b769450d,Mutton/24 hr Mutton images/4504.jpg|Mutton/24 hr Mutton images/4505.jpg|Mutton/24 hr Mutton images/4945.jpg,3
train,24 hr Mutton,24_hr_Mutton_0032.jpg,train/24 hr Mutton/24_hr_Mutton_0032.jpg,452251,b51b98a50099789a13e32f96ea5c7e8b67aff1426a8769b5ef9e2439ee335ae8,Mutton/24 hr Mutton images/4786.jpg|Mutton/24 hr Mutton images/4787.jpg,2
train,24 hr Mutton,24_hr_Mutton_0033.jpg,train/24 hr Mutton/24_hr_Mutton_0033.jpg,546312,60d94cfccb6da18908148e19087c6c0c1081c2107de3304fc9739eee75be2720,Mutton/24 hr Mutton images/4510.jpg|Mutton/24 hr Mutton images/4511.jpg,2
train,24 hr Mutton,24_hr_Mutton_0034.jpg,train/24 hr Mutton/24_hr_Mutton_0034.jpg,471579,2b1164128369f9183acf47401c44e297729b040c57b8979760c70d33ce310e9a,Mutton/24 hr Mutton images/4672.jpg|Mutton/24 hr Mutton images/4673.jpg|Mutton/24 hr Mutton images/4936.jpg,3
train,24 hr Mutton,24_hr_Mutton_0035.jpg,train/24 hr Mutton/24_hr_Mutton_0035.jpg,416913,82d23870bbe55f268039fd59b1f12c40bc93b19cccf38870a5788d3c9c701895,Mutton/24 hr Mutton images/4600.jpg|Mutton/24 hr Mutton images/4601.jpg,2
train,24 hr Mutton,24_hr_Mutton_0036.jpg,train/24 hr Mutton/24_hr_Mutton_0036.jpg,489496,cbf9a8bd5a59cecfe4f69451bba9c2fb011be2cc6856806cdd70aaf6e01ab415,Mutton/24 hr Mutton images/4714.jpg|Mutton/24 hr Mutton images/4715.jpg,2
train,24 hr Mutton,24_hr_Mutton_0037.jpg,train/24 hr Mutton/24_hr_Mutton_0037.jpg,485953,e20007312d4d3877f8ec6d7928a481389b0f968101b99f18041a33b034a25bd4,Mutton/24 hr Mutton images/4662.jpg|Mutton/24 hr Mutton images/4663.jpg,2
train,24 hr Mutton,24_hr_Mutton_0038.jpg,train/24 hr Mutton/24_hr_Mutton_0038.jpg,406312,235bce36186d3036001ad7f481ddc9db572ecbda62c4357f82afe051844bd75e,Mutton/24 hr Mutton images/4796.jpg|Mutton/24 hr Mutton images/4797.jpg|Mutton/24 hr Mutton images/4944.jpg,3
train,24 hr Mutton,24_hr_Mutton_0039.jpg,train/24 hr Mutton/24_hr_Mutton_0039.jpg,567273,fab5e4e4d06abeff51f2094b1abf1edd2e67fb1c8ddcf0d5a636d6a2bbbf4c90,Mutton/24 hr Mutton images/4616.jpg|Mutton/24 hr Mutton images/4617.jpg,2
train,24 hr Mutton,24_hr_Mutton_0040.jpg,train/24 hr Mutton/24_hr_Mutton_0040.jpg,436603,7b517c2b6c7e0d6b347b9051ffdd6e2dd272307111f5bdeafa06e7721daaa810,Mutton/24 hr Mutton images/4590.jpg|Mutton/24 hr Mutton images/4591.jpg,2
train,24 hr Mutton,24_hr_Mutton_0041.jpg,train/24 hr Mutton/24_hr_Mutton_0041.jpg,457530,060bc4d883b9eec989dc2532a9a69434ee425a9bd22901448031014311a998a7,Mutton/24 hr Mutton images/4896.jpg|Mutton/24 hr Mutton images/4897.jpg,2
train,24 hr Mutton,24_hr_Mutton_0042.jpg,train/24 hr Mutton/24_hr_Mutton_0042.jpg,399776,5faab63779383289e2291fc66b3fb7e3858187210c16c108645529126798bc38,Mutton/24 hr Mutton images/4798.jpg|Mutton/24 hr Mutton images/4799.jpg,2
train,24 hr Mutton,24_hr_Mutton_0043.jpg,train/24 hr Mutton/24_hr_Mutton_0043.jpg,502346,22d9a56cf021a8f484dafbaa3fb4aebf3ef554683c579ce580012b91b6d55b2a,Mutton/24 hr Mutton images/4762.jpg|Mutton/24 hr Mutton images/4763.jpg,2
train,24 hr Mutton,24_hr_Mutton_0044.jpg,train/24 hr Mutton/24_hr_Mutton_0044.jpg,605115,36d02959e8a695a3f3dfda3b09041ee7a5007e8e3da30da218374c744d4a0d6e,Mutton/24 hr Mutton images/4620.jpg|Mutton/24 hr Mutton images/4621.jpg,2
train,24 hr Mutton,24_hr_Mutton_0045.jpg,train/24 hr Mutton/24_hr_Mutton_0045.jpg,482007,5207998de95c68e91e0fc82164d1aa307878d8b889a465f5ba76fc369f411841,Mutton/24 hr Mutton images/4686.jpg|Mutton/24 hr Mutton images/4687.jpg,2
train,24 hr Mutton,24_hr_Mutton_0046.jpg,train/24 hr Mutton/24_hr_Mutton_0046.jpg,516581,37bff0fb6502fa3dbffecf96b1c0cb71c9a726549dfad4a54acbf66c8469cbb8,Mutton/24 hr Mutton images/4752.jpg|Mutton/24 hr Mutton images/4753.jpg,2
train,24 hr Mutton,24_hr_Mutton_0047.jpg,train/24 hr Mutton/24_hr_Mutton_0047.jpg,494867,68fe10b7bedf4d44cde1f4c8a419b77d2e6b744a4fc454cc2dfade39a7acde41,Mutton/24 hr Mutton images/4726.jpg|Mutton/24 hr Mutton images/4727.jpg,2
train,24 hr Mutton,24_hr_Mutton_0048.jpg,train/24 hr Mutton/24_hr_Mutton_0048.jpg,516294,d36be2640f8f6e7cf51bdae1fcb3a9ccf1a8d7fc069bb8c38ad414a55e6e997f,Mutton/24 hr Mutton images/4500.jpg|Mutton/24 hr Mutton images/4501.jpg,2
train,24 hr Mutton,24_hr_Mutton_0049.jpg,train/24 hr Mutton/24_hr_Mutton_0049.jpg,445910,c4299701e9fb91385297eaf3b2bd6e51aa7e587202350c3eecd4d55ea06fb0dd,Mutton/24 hr Mutton images/4884.jpg|Mutton/24 hr Mutton images/4885.jpg,2
train,24 hr Mutton,24_hr_Mutton_0050.jpg,train/24 hr Mutton/24_hr_Mutton_0050.jpg,424073,31692e805264e1d1ef7fec7499052f750e5590e0a9d23bfa32305eddabeeba9d,Mutton/24 hr Mutton images/4774.jpg|Mutton/24 hr Mutton images/4775.jpg,2
train,24 hr Mutton,24_hr_Mutton_0051.jpg,train/24 hr Mutton/24_hr_Mutton_0051.jpg,426021,b61364be36867671307f14a4fd01551e236ea7289509a6150a718d322f069f39,Mutton/24 hr Mutton images/4928.jpg|Mutton/24 hr Mutton images/4929.jpg,2
train,24 hr Mutton,24_hr_Mutton_0052.jpg,train/24 hr Mutton/24_hr_Mutton_0052.jpg,511854,3a2569feada0d1cccb22243b0474e813c6aa03af939e547a85303b5509c4885f,Mutton/24 hr Mutton images/4576.jpg|Mutton/24 hr Mutton images/4577.jpg,2
train,24 hr Mutton,24_hr_Mutton_0053.jpg,train/24 hr Mutton/24_hr_Mutton_0053.jpg,536721,ead3fda5dfa4c7dff562f9b038a51feac493a6de23bf883a7f69a7bc74c83fc9,Mutton/24 hr Mutton images/4636.jpg|Mutton/24 hr Mutton images/4637.jpg,2
train,24 hr Mutton,24_hr_Mutton_0054.jpg,train/24 hr Mutton/24_hr_Mutton_0054.jpg,470159,3a5aba2e7333a1b6f08196115a018b51cf2f6af74c865a942b5c0995bc87c0e4,Mutton/24 hr Mutton images/4650.jpg|Mutton/24 hr Mutton images/4651.jpg,2
train,24 hr Mutton,24_hr_Mutton_0055.jpg,train/24 hr Mutton/24_hr_Mutton_0055.jpg,462108,e6e5433f1d708dbfb044dbe11298556aae9b109f7a3e88a16adab0168b12dd80,Mutton/24 hr Mutton images/4770.jpg|Mutton/24 hr Mutton images/4771.jpg,2
train,24 hr Mutton,24_hr_Mutton_0056.jpg,train/24 hr Mutton/24_hr_Mutton_0056.jpg,457142,75df3dcaea81bf773b2fd0179d7a821e391c858d97ac076f18b3bf416438853e,Mutton/24 hr Mutton images/4878.jpg|Mutton/24 hr Mutton images/4879.jpg,2
train,24 hr Mutton,24_hr_Mutton_0057.jpg,train/24 hr Mutton/24_hr_Mutton_0057.jpg,475618,ed314cee9af1653f82056147ddbf0ddde017bb30005f105019bd3acc679b8f3b,Mutton/24 hr Mutton images/4734.jpg|Mutton/24 hr Mutton images/4735.jpg,2
train,24 hr Mutton,24_hr_Mutton_0058.jpg,train/24 hr Mutton/24_hr_Mutton_0058.jpg,437054,58dbf3744ac1fb120afb85a99474866e81f92532f08fbdd1446137bb9fbaa18a,Mutton/24 hr Mutton images/4648.jpg|Mutton/24 hr Mutton images/4649.jpg,2
train,24 hr Mutton,24_hr_Mutton_0059.jpg,train/24 hr Mutton/24_hr_Mutton_0059.jpg,453741,f61a829f45902853cc42ff7c68827b6234ed730a2e4851fde03f3b8e7217c6a1,Mutton/24 hr Mutton images/4656.jpg|Mutton/24 hr Mutton images/4657.jpg,2
train,24 hr Mutton,24_hr_Mutton_0060.jpg,train/24 hr Mutton/24_hr_Mutton_0060.jpg,470586,4ffe493458d096b59e024494bbf9c323afc6d895f680e5800110861e95a1fbbd,Mutton/24 hr Mutton images/4914.jpg|Mutton/24 hr Mutton images/4915.jpg|Mutton/24 hr Mutton images/4939.jpg,3
train,24 hr Mutton,24_hr_Mutton_0061.jpg,train/24 hr Mutton/24_hr_Mutton_0061.jpg,437692,54e2b552d5e843093c8e0e3ac63f6fce184845f5473b2f805d4271ba1a1f24d3,Mutton/24 hr Mutton images/4894.jpg|Mutton/24 hr Mutton images/4895.jpg,2
train,24 hr Mutton,24_hr_Mutton_0062.jpg,train/24 hr Mutton/24_hr_Mutton_0062.jpg,454939,6003b82c349915fd531cb1fdb239972e355446e7e13caf6082cc61ae45fbca75,Mutton/24 hr Mutton images/4830.jpg|Mutton/24 hr Mutton images/4831.jpg,2
train,24 hr Mutton,24_hr_Mutton_0063.jpg,train/24 hr Mutton/24_hr_Mutton_0063.jpg,411048,acd3e2901b28309e861b69d6f3d29c474294a2bcda620c37633603a3e851fc09,Mutton/24 hr Mutton images/4924.jpg|Mutton/24 hr Mutton images/4925.jpg,2
train,24 hr Mutton,24_hr_Mutton_0064.jpg,train/24 hr Mutton/24_hr_Mutton_0064.jpg,470873,cccf29b2f13e4b3943cc46a90e752c333eb5a30afb579c626be1b764a8d8d684,Mutton/24 hr Mutton images/4684.jpg|Mutton/24 hr Mutton images/4685.jpg,2
train,24 hr Mutton,24_hr_Mutton_0065.jpg,train/24 hr Mutton/24_hr_Mutton_0065.jpg,491218,65a7f0241c42b56fe80aac8c2effe62992076e6d461a8801c59ec2ed586bc4a0,Mutton/24 hr Mutton images/4558.jpg|Mutton/24 hr Mutton images/4559.jpg,2
train,24 hr Mutton,24_hr_Mutton_0066.jpg,train/24 hr Mutton/24_hr_Mutton_0066.jpg,484591,55cb7ee0c09e66aa26ba60ba3ef427032c381f538111242c7403efd6cdb4c7cb,Mutton/24 hr Mutton images/4904.jpg|Mutton/24 hr Mutton images/4905.jpg,2
train,24 hr Mutton,24_hr_Mutton_0067.jpg,train/24 hr Mutton/24_hr_Mutton_0067.jpg,455063,258f490e62da7dba85d86f0a01e00876b30174689322c7eebf0254ceeaecc233,Mutton/24 hr Mutton images/4800.jpg|Mutton/24 hr Mutton images/4801.jpg,2
train,24 hr Mutton,24_hr_Mutton_0068.jpg,train/24 hr Mutton/24_hr_Mutton_0068.jpg,507407,79b81475405833ff5d1dc232a647a12d1aacfdbfe29001a464e4db5b39ccf07e,Mutton/24 hr Mutton images/4586.jpg|Mutton/24 hr Mutton images/4587.jpg,2
train,24 hr Mutton,24_hr_Mutton_0069.jpg,train/24 hr Mutton/24_hr_Mutton_0069.jpg,458543,6134492aad0f3adc90c0efbe9553e714adf5f14f65686c4be313dd3388a4bde9,Mutton/24 hr Mutton images/4784.jpg|Mutton/24 hr Mutton images/4785.jpg,2
train,24 hr Mutton,24_hr_Mutton_0070.jpg,train/24 hr Mutton/24_hr_Mutton_0070.jpg,444209,b1a72a6a2883d83fdf51de6975af3e9543633bed65666df8594fd0794940679a,Mutton/24 hr Mutton images/4776.jpg|Mutton/24 hr Mutton images/4777.jpg,2
train,24 hr Mutton,24_hr_Mutton_0071.jpg,train/24 hr Mutton/24_hr_Mutton_0071.jpg,503804,35651535a890cffaefe89565b668dc1f9af3885438685e7e8b8b43d1579a6b08,Mutton/24 hr Mutton images/4740.jpg|Mutton/24 hr Mutton images/4741.jpg,2
train,24 hr Mutton,24_hr_Mutton_0072.jpg,train/24 hr Mutton/24_hr_Mutton_0072.jpg,485843,ae1612c77d1427cc123e80a92d18303f94b85e26909bd82192ecf4689166223e,Mutton/24 hr Mutton images/4920.jpg|Mutton/24 hr Mutton images/4921.jpg|Mutton/24 hr Mutton images/4940.jpg,3
train,24 hr Mutton,24_hr_Mutton_0073.jpg,train/24 hr Mutton/24_hr_Mutton_0073.jpg,422879,adcbf50475a70c2da4493178511bb69c5399ee32cc83f9d7c08f2c9df1c7d996,Mutton/24 hr Mutton images/4820.jpg|Mutton/24 hr Mutton images/4821.jpg,2
train,24 hr Mutton,24_hr_Mutton_0074.jpg,train/24 hr Mutton/24_hr_Mutton_0074.jpg,497813,5a0429cba2928032b70f45cd28fc9fd291ac9281e5ebf0f1d3beeea2117f1a73,Mutton/24 hr Mutton images/4702.jpg|Mutton/24 hr Mutton images/4703.jpg,2
train,24 hr Mutton,24_hr_Mutton_0075.jpg,train/24 hr Mutton/24_hr_Mutton_0075.jpg,453612,e3131fc6bad0b264d96c5a115af2b1b6668a66561d94483b6e8c0c55d1a52128,Mutton/24 hr Mutton images/4592.jpg|Mutton/24 hr Mutton images/4593.jpg,2
train,24 hr Mutton,24_hr_Mutton_0076.jpg,train/24 hr Mutton/24_hr_Mutton_0076.jpg,524569,bc81b1a6ef0c041377f84fc37cd6f27bf11b6a9fc72eb6c6332a4a3d05be4384,Mutton/24 hr Mutton images/4516.jpg|Mutton/24 hr Mutton images/4517.jpg,2
train,24 hr Mutton,24_hr_Mutton_0077.jpg,train/24 hr Mutton/24_hr_Mutton_0077.jpg,447581,9f4f9ca21bfaed3877e74139182c58ad1e4601fe1507897e39ab555f4627f76d,Mutton/24 hr Mutton images/4898.jpg|Mutton/24 hr Mutton images/4899.jpg,2
train,24 hr Mutton,24_hr_Mutton_0078.jpg,train/24 hr Mutton/24_hr_Mutton_0078.jpg,425054,61470ddedfab9ef334b1a643b299b717115ec31714ba6b0e0b2f40b8b16db2ba,Mutton/24 hr Mutton images/4596.jpg|Mutton/24 hr Mutton images/4597.jpg,2
train,24 hr Mutton,24_hr_Mutton_0079.jpg,train/24 hr Mutton/24_hr_Mutton_0079.jpg,566196,1b55505dc19daa0650894bd13ef35a9200d9c1d3495ad50d656580d259117fc9,Mutton/24 hr Mutton images/4512.jpg|Mutton/24 hr Mutton images/4513.jpg,2
train,24 hr Mutton,24_hr_Mutton_0080.jpg,train/24 hr Mutton/24_hr_Mutton_0080.jpg,437858,12080a1f4e5ab6c600d1614030af705129cff4a9bd76add5304e2d8cf54a3d93,Mutton/24 hr Mutton images/4816.jpg|Mutton/24 hr Mutton images/4817.jpg,2
train,24 hr Mutton,24_hr_Mutton_0081.jpg,train/24 hr Mutton/24_hr_Mutton_0081.jpg,481157,e99ce0bad42b35c53b28bd6d546703c4bef7c89b0b2fa7c9bbf11f3f2a2c8e1e,Mutton/24 hr Mutton images/4742.jpg|Mutton/24 hr Mutton images/4743.jpg,2
train,24 hr Mutton,24_hr_Mutton_0082.jpg,train/24 hr Mutton/24_hr_Mutton_0082.jpg,472019,91aef16680dd56a78e4143996bff771d0877f0be77e74ad75440c3b8948ce6fc,Mutton/24 hr Mutton images/4618.jpg|Mutton/24 hr Mutton images/4619.jpg,2
train,24 hr Mutton,24_hr_Mutton_0083.jpg,train/24 hr Mutton/24_hr_Mutton_0083.jpg,480847,3d22a40db45d5522ecd2d843a70dcc9acb7122dd16529ab29305e7badeb118ba,Mutton/24 hr Mutton images/4768.jpg|Mutton/24 hr Mutton images/4769.jpg|Mutton/24 hr Mutton images/4937.jpg,3
train,24 hr Mutton,24_hr_Mutton_0084.jpg,train/24 hr Mutton/24_hr_Mutton_0084.jpg,585038,8b816c9049ad2624dfc45e662988415f4b7f87654a9e79be3c0bbcf1217774cf,Mutton/24 hr Mutton images/4526.jpg|Mutton/24 hr Mutton images/4527.jpg,2
train,24 hr Mutton,24_hr_Mutton_0085.jpg,train/24 hr Mutton/24_hr_Mutton_0085.jpg,522414,4f989c745d33a6353e178ac3c83055d40c97b7b708baf5f6744c0c3450149817,Mutton/24 hr Mutton images/4544.jpg|Mutton/24 hr Mutton images/4545.jpg,2
train,24 hr Mutton,24_hr_Mutton_0086.jpg,train/24 hr Mutton/24_hr_Mutton_0086.jpg,459118,888133d69d8c7e1bbbc7ec6ecc7613ec322e06315c5d3b267c35cd53cb2e96c8,Mutton/24 hr Mutton images/4678.jpg|Mutton/24 hr Mutton images/4679.jpg,2
train,24 hr Mutton,24_hr_Mutton_0087.jpg,train/24 hr Mutton/24_hr_Mutton_0087.jpg,443931,073c61d270c4a26ed22a8560b63710e41f782b40d17e65462e9bfe1ccff34c03,Mutton/24 hr Mutton images/4548.jpg|Mutton/24 hr Mutton images/4549.jpg,2
train,24 hr Mutton,24_hr_Mutton_0088.jpg,train/24 hr Mutton/24_hr_Mutton_0088.jpg,529423,d73758ade606f4b4c6b2a820ea76267c7696a29e0a7c27e3c2dd28d8cc46ebd6,Mutton/24 hr Mutton images/4522.jpg|Mutton/24 hr Mutton images/4523.jpg,2
train,24 hr Mutton,24_hr_Mutton_0089.jpg,train/24 hr Mutton/24_hr_Mutton_0089.jpg,439018,1a119d144ef73863a326552790c0e441a3825e24a74f717358367f11254c14fb,Mutton/24 hr Mutton images/4606.jpg|Mutton/24 hr Mutton images/4607.jpg,2
train,24 hr Mutton,24_hr_Mutton_0090.jpg,train/24 hr Mutton/24_hr_Mutton_0090.jpg,453415,ec8cfa0ab5d0814cf9bb3e93212cd4eaee8e91950fda978a8ce42780ba80a4ed,Mutton/24 hr Mutton images/4846.jpg|Mutton/24 hr Mutton images/4847.jpg,2
train,24 hr Mutton,24_hr_Mutton_0091.jpg,train/24 hr Mutton/24_hr_Mutton_0091.jpg,441250,00b5d14d2e925c2aa37b9403ac57705c8ae9d137b64a4c794a8de4f5ea6c8838,Mutton/24 hr Mutton images/4708.jpg|Mutton/24 hr Mutton images/4709.jpg,2
train,24 hr Mutton,24_hr_Mutton_0092.jpg,train/24 hr Mutton/24_hr_Mutton_0092.jpg,465655,22d5e6bd971e3c92cc6b43a2525635502694bda271ce10f5302534d0d71b8c4b,Mutton/24 hr Mutton images/4614.jpg|Mutton/24 hr Mutton images/4615.jpg,2
train,24 hr Mutton,24_hr_Mutton_0093.jpg,train/24 hr Mutton/24_hr_Mutton_0093.jpg,563574,5cbb1aab8b60d270677f43f2453010c5ab2063b0563fe8177050ff9209e4d372,Mutton/24 hr Mutton images/4574.jpg|Mutton/24 hr Mutton images/4575.jpg|Mutton/24 hr Mutton images/4943.jpg,3
train,24 hr Mutton,24_hr_Mutton_0094.jpg,train/24 hr Mutton/24_hr_Mutton_0094.jpg,576958,785a154f98b068269a169042ddb663f560a78a51d5bd2b2096d77cf83445e073,Mutton/24 hr Mutton images/4514.jpg|Mutton/24 hr Mutton images/4515.jpg,2
train,24 hr Mutton,24_hr_Mutton_0095.jpg,train/24 hr Mutton/24_hr_Mutton_0095.jpg,497689,434183f903d2f3131a4cedc76b8648bed7f203f68f28ae7ef62d3391f8aef8f5,Mutton/24 hr Mutton images/4588.jpg|Mutton/24 hr Mutton images/4589.jpg,2
train,24 hr Mutton,24_hr_Mutton_0096.jpg,train/24 hr Mutton/24_hr_Mutton_0096.jpg,565006,4ddfab713fc5e11046061c842e6f5e168a9f2092328dde9a1dc6905271cde0b0,Mutton/24 hr Mutton images/4622.jpg|Mutton/24 hr Mutton images/4623.jpg,2
train,24 hr Mutton,24_hr_Mutton_0097.jpg,train/24 hr Mutton/24_hr_Mutton_0097.jpg,516039,e778ee404c1f604e91f3f1c3e6b83644c407900090e7be88a8bff7d43a457e32,Mutton/24 hr Mutton images/4572.jpg|Mutton/24 hr Mutton images/4573.jpg,2
train,24 hr Mutton,24_hr_Mutton_0098.jpg,train/24 hr Mutton/24_hr_Mutton_0098.jpg,469836,5497ce98a9801be1d6fc79757883d58cbdbcc09b191e09ade75bf0b252a8657b,Mutton/24 hr Mutton images/4652.jpg|Mutton/24 hr Mutton images/4653.jpg,2
train,24 hr Mutton,24_hr_Mutton_0099.jpg,train/24 hr Mutton/24_hr_Mutton_0099.jpg,536848,3f651cfc419c3e375d1fecede6c292713c75bdbcf2e975747a03fa6c7d8df860,Mutton/24 hr Mutton images/4632.jpg|Mutton/24 hr Mutton images/4633.jpg,2
train,24 hr Mutton,24_hr_Mutton_0100.jpg,train/24 hr Mutton/24_hr_Mutton_0100.jpg,507207,1a53f1f519debe264d133f8e6f7900a80793658a515b2672f07804d935f646e3,Mutton/24 hr Mutton images/4716.jpg|Mutton/24 hr Mutton images/4717.jpg,2
train,24 hr Mutton,24_hr_Mutton_0101.jpg,train/24 hr Mutton/24_hr_Mutton_0101.jpg,470361,a15dd056454890561c7deba9c1c6899d07c5eda9de3ab8df48f4fece50e3f772,Mutton/24 hr Mutton images/4778.jpg|Mutton/24 hr Mutton images/4779.jpg,2
train,24 hr Mutton,24_hr_Mutton_0102.jpg,train/24 hr Mutton/24_hr_Mutton_0102.jpg,472996,f5381dd2812dd9e0d7e7d9ed4536d6ccdbe747c53cd4951df57d38ba582080e0,Mutton/24 hr Mutton images/4554.jpg|Mutton/24 hr Mutton images/4555.jpg,2
train,24 hr Mutton,24_hr_Mutton_0103.jpg,train/24 hr Mutton/24_hr_Mutton_0103.jpg,482287,c9a21d47742ee2ce815dbbaee2391cfb9d924a2448223718117a667228df8a2d,Mutton/24 hr Mutton images/4902.jpg|Mutton/24 hr Mutton images/4903.jpg|Mutton/24 hr Mutton images/4932.jpg,3
train,24 hr Mutton,24_hr_Mutton_0104.jpg,train/24 hr Mutton/24_hr_Mutton_0104.jpg,493743,c7076d2cfe83302cd30ee4e7bab8a1163874ce772723211f2a4c2e9fe06912c8,Mutton/24 hr Mutton images/4700.jpg|Mutton/24 hr Mutton images/4701.jpg,2
train,24 hr Mutton,24_hr_Mutton_0105.jpg,train/24 hr Mutton/24_hr_Mutton_0105.jpg,530184,b05a92b512b452748d9b16e0e16f24e94913a100332d0f6f414df02226380fad,Mutton/24 hr Mutton images/4628.jpg|Mutton/24 hr Mutton images/4629.jpg,2
train,24 hr Mutton,24_hr_Mutton_0106.jpg,train/24 hr Mutton/24_hr_Mutton_0106.jpg,478846,bb3e4bec0f912ac429555721e271b92399805f9b7e7f22b01e905af95e468b72,Mutton/24 hr Mutton images/4916.jpg|Mutton/24 hr Mutton images/4917.jpg,2
train,24 hr Mutton,24_hr_Mutton_0107.jpg,train/24 hr Mutton/24_hr_Mutton_0107.jpg,409847,d6a14596fdbcbcf45d727ca825457cfa4fd4b3c23ab5d868565c94c58b856859,Mutton/24 hr Mutton images/4790.jpg|Mutton/24 hr Mutton images/4791.jpg,2
train,24 hr Mutton,24_hr_Mutton_0108.jpg,train/24 hr Mutton/24_hr_Mutton_0108.jpg,409279,0f9462242a40a411e71e821192fee6deee21d1dadf603b6fefef66d4577f7315,Mutton/24 hr Mutton images/4530.jpg|Mutton/24 hr Mutton images/4531.jpg,2
train,24 hr Mutton,24_hr_Mutton_0109.jpg,train/24 hr Mutton/24_hr_Mutton_0109.jpg,437331,789693b985343a6cfdc70e24ccd01eadcd5585cd4d863e807d05b015a5de083b,Mutton/24 hr Mutton images/4802.jpg|Mutton/24 hr Mutton images/4803.jpg,2
train,24 hr Mutton,24_hr_Mutton_0110.jpg,train/24 hr Mutton/24_hr_Mutton_0110.jpg,454136,d7c330109a499339b299a8ae59d55a9a2804a9928490fbc4880ccee14b3e1922,Mutton/24 hr Mutton images/4886.jpg|Mutton/24 hr Mutton images/4887.jpg,2
train,24 hr Mutton,24_hr_Mutton_0111.jpg,train/24 hr Mutton/24_hr_Mutton_0111.jpg,517862,539f87f7fe6fa5c3042c9486796b67f5f7ed7e1079362acf8e5389d6acbdc32d,Mutton/24 hr Mutton images/4508.jpg|Mutton/24 hr Mutton images/4509.jpg,2
train,24 hr Mutton,24_hr_Mutton_0112.jpg,train/24 hr Mutton/24_hr_Mutton_0112.jpg,428165,ef29cc150d94ab95b5759ace2857d094e2b63274677d8d6bfce7e49de3cb405d,Mutton/24 hr Mutton images/4838.jpg|Mutton/24 hr Mutton images/4839.jpg,2
train,24 hr Mutton,24_hr_Mutton_0113.jpg,train/24 hr Mutton/24_hr_Mutton_0113.jpg,477392,c3de6924f5c61bee6fca1a4c5ff4483ee7a47d0430af6377b139b8f5d1c0d0e2,Mutton/24 hr Mutton images/4832.jpg|Mutton/24 hr Mutton images/4833.jpg,2
train,24 hr Mutton,24_hr_Mutton_0114.jpg,train/24 hr Mutton/24_hr_Mutton_0114.jpg,469534,ae4e34501369618ca00df608bfef2fb3406ddb4679884503de99b6b4d46f1161,Mutton/24 hr Mutton images/4906.jpg|Mutton/24 hr Mutton images/4907.jpg,2
train,24 hr Mutton,24_hr_Mutton_0115.jpg,train/24 hr Mutton/24_hr_Mutton_0115.jpg,506501,d3fcede796c2da4aa96d7116db1ab8078714f32edbee434a4d89ab7bf68a182e,Mutton/24 hr Mutton images/4766.jpg|Mutton/24 hr Mutton images/4767.jpg,2
train,24 hr Mutton,24_hr_Mutton_0116.jpg,train/24 hr Mutton/24_hr_Mutton_0116.jpg,506128,12b3f8ed5cbca015221f17d360391bcb1f0aaf3c1dfed33d270bb52a7d4022ac,Mutton/24 hr Mutton images/4826.jpg|Mutton/24 hr Mutton images/4827.jpg,2
train,24 hr Mutton,24_hr_Mutton_0117.jpg,train/24 hr Mutton/24_hr_Mutton_0117.jpg,417118,0ba56af1456be685df4cf950b00d40c6b4efb2685dd587bfc8e87c106ae87f2c,Mutton/24 hr Mutton images/4880.jpg|Mutton/24 hr Mutton images/4881.jpg,2
train,24 hr Mutton,24_hr_Mutton_0118.jpg,train/24 hr Mutton/24_hr_Mutton_0118.jpg,455944,f58db519ed731362be7b57d3d7d78e72d689c27f45b1bc58cb6aaf51af8ab9b6,Mutton/24 hr Mutton images/4812.jpg|Mutton/24 hr Mutton images/4813.jpg,2
train,24 hr Mutton,24_hr_Mutton_0119.jpg,train/24 hr Mutton/24_hr_Mutton_0119.jpg,436885,d7b7a07a58d13877ce3897a04f00c65236f2d7b734b0779fa9275d5bee522cd3,Mutton/24 hr Mutton images/4892.jpg|Mutton/24 hr Mutton images/4893.jpg,2
train,24 hr Mutton,24_hr_Mutton_0120.jpg,train/24 hr Mutton/24_hr_Mutton_0120.jpg,497914,3495c0f4cc91f4d9dc312f9984beeac4af65ce21f256d14a4b56509ee11c3177,Mutton/24 hr Mutton images/4694.jpg|Mutton/24 hr Mutton images/4695.jpg,2
train,24 hr Mutton,24_hr_Mutton_0121.jpg,train/24 hr Mutton/24_hr_Mutton_0121.jpg,505036,e1cdd74a58a78b7a84a3620d054b57636641b9892cbae933c2d1b2dc7d741ff7,Mutton/24 hr Mutton images/4506.jpg|Mutton/24 hr Mutton images/4507.jpg,2
train,24 hr Mutton,24_hr_Mutton_0122.jpg,train/24 hr Mutton/24_hr_Mutton_0122.jpg,485447,7b3cd328c2cb18e8bc1f5fd7aa1943661984110874f86c5b14aaaf8f0660baa3,Mutton/24 hr Mutton images/4570.jpg|Mutton/24 hr Mutton images/4571.jpg,2
train,24 hr Mutton,24_hr_Mutton_0123.jpg,train/24 hr Mutton/24_hr_Mutton_0123.jpg,455131,3a0e876bf4ed787ff92b6053bbfc232c00e1e1b42c3863f169cea90ca4cf5563,Mutton/24 hr Mutton images/4900.jpg|Mutton/24 hr Mutton images/4901.jpg,2
train,24 hr Mutton,24_hr_Mutton_0124.jpg,train/24 hr Mutton/24_hr_Mutton_0124.jpg,471631,7a5cd7932929beef01a8fd6b7526e727696a3b0d6ce301a8d929ac97a2b8d8cd,Mutton/24 hr Mutton images/4808.jpg|Mutton/24 hr Mutton images/4809.jpg,2
train,24 hr Mutton,24_hr_Mutton_0125.jpg,train/24 hr Mutton/24_hr_Mutton_0125.jpg,414732,cce218c8d37cdba5ee272861ab685f90ecae408412b3ed195bb2a3fe1a55a299,Mutton/24 hr Mutton images/4814.jpg|Mutton/24 hr Mutton images/4815.jpg,2
train,24 hr Mutton,24_hr_Mutton_0126.jpg,train/24 hr Mutton/24_hr_Mutton_0126.jpg,418973,e75296284e360191011868699707eb97c05d67bc99935ba66475afd1b08b6fc3,Mutton/24 hr Mutton images/4638.jpg|Mutton/24 hr Mutton images/4639.jpg,2
train,24 hr Mutton,24_hr_Mutton_0127.jpg,train/24 hr Mutton/24_hr_Mutton_0127.jpg,489289,e0096e7126de49fe29c7f04cfda56c058f8ce5d14d7db4789968d7ab5d5339fa,Mutton/24 hr Mutton images/4658.jpg|Mutton/24 hr Mutton images/4659.jpg,2
train,24 hr Mutton,24_hr_Mutton_0128.jpg,train/24 hr Mutton/24_hr_Mutton_0128.jpg,494295,7cf065661d619424e1260a5ac4f7d80a699fe0ab0b7d72dee66f2f6c45333df0,Mutton/24 hr Mutton images/4560.jpg|Mutton/24 hr Mutton images/4561.jpg,2
train,24 hr Mutton,24_hr_Mutton_0129.jpg,train/24 hr Mutton/24_hr_Mutton_0129.jpg,386101,c58fde365852eff7c2e520251b9a23aef6469b0238d4761ec2cfc4b95d31f869,Mutton/24 hr Mutton images/4610.jpg|Mutton/24 hr Mutton images/4611.jpg,2
train,24 hr Mutton,24_hr_Mutton_0130.jpg,train/24 hr Mutton/24_hr_Mutton_0130.jpg,523131,a45aac1aaeb829d09da1ab25512725a822ed8e1d919cbbe8ab75451e83a53a8b,Mutton/24 hr Mutton images/4538.jpg|Mutton/24 hr Mutton images/4539.jpg,2
train,24 hr Mutton,24_hr_Mutton_0131.jpg,train/24 hr Mutton/24_hr_Mutton_0131.jpg,477712,7d7df59a02394a91c874ef86f96555fb2b3a63084a41c199afa51a0f692bc825,Mutton/24 hr Mutton images/4704.jpg|Mutton/24 hr Mutton images/4705.jpg,2
train,24 hr Mutton,24_hr_Mutton_0132.jpg,train/24 hr Mutton/24_hr_Mutton_0132.jpg,490874,f0c20127b4834bf45c37ac115eaaf91c9c12891b4f33a0a26eead2226a76e720,Mutton/24 hr Mutton images/4710.jpg|Mutton/24 hr Mutton images/4711.jpg,2
train,24 hr Mutton,24_hr_Mutton_0133.jpg,train/24 hr Mutton/24_hr_Mutton_0133.jpg,459205,a3e5f70c2432bee4c84aebdf907d415cb80277fa3b61cbe44aaec31907f1a09e,Mutton/24 hr Mutton images/4792.jpg|Mutton/24 hr Mutton images/4793.jpg,2
train,24 hr Mutton,24_hr_Mutton_0134.jpg,train/24 hr Mutton/24_hr_Mutton_0134.jpg,481423,3c892c7ca9d7262570f931808e4ce8fa6828e5293b356c0b2b8e4a1fb696e590,Mutton/24 hr Mutton images/4598.jpg|Mutton/24 hr Mutton images/4599.jpg,2
train,24 hr Mutton,24_hr_Mutton_0135.jpg,train/24 hr Mutton/24_hr_Mutton_0135.jpg,475046,d085ca1ec794adb02bcf165fe6a3964e423e84ce2039833b50b06b4cbfa44e2d,Mutton/24 hr Mutton images/4780.jpg|Mutton/24 hr Mutton images/4781.jpg,2
train,24 hr Mutton,24_hr_Mutton_0136.jpg,train/24 hr Mutton/24_hr_Mutton_0136.jpg,441315,be94d137b6a4fa87c9df43ae69d39a4749bf62645a9917aaea6559720aab72df,Mutton/24 hr Mutton images/4852.jpg|Mutton/24 hr Mutton images/4853.jpg,2
train,24 hr Mutton,24_hr_Mutton_0137.jpg,train/24 hr Mutton/24_hr_Mutton_0137.jpg,456326,a8e08e0860396d35190d44c797840209e9ec9a17c28c1929d3a79877577080a9,Mutton/24 hr Mutton images/4854.jpg|Mutton/24 hr Mutton images/4855.jpg,2
train,24 hr Mutton,24_hr_Mutton_0138.jpg,train/24 hr Mutton/24_hr_Mutton_0138.jpg,505164,14b9b501d5a3d3f923942f94b02e683e2423da2a196ab7e0bfe7ad63858e84aa,Mutton/24 hr Mutton images/4718.jpg|Mutton/24 hr Mutton images/4719.jpg,2
train,24 hr Mutton,24_hr_Mutton_0139.jpg,train/24 hr Mutton/24_hr_Mutton_0139.jpg,480770,424498b74deb8d651a26f9e8f1e373b9835f23922252303a39bee587ef898ac8,Mutton/24 hr Mutton images/4644.jpg|Mutton/24 hr Mutton images/4645.jpg,2
train,24 hr Mutton,24_hr_Mutton_0140.jpg,train/24 hr Mutton/24_hr_Mutton_0140.jpg,494802,d867133a7bbc02d14b510022415adffe5b8658022841f9a08068ecafea8070f4,Mutton/24 hr Mutton images/4502.jpg|Mutton/24 hr Mutton images/4503.jpg,2
train,24 hr Mutton,24_hr_Mutton_0141.jpg,train/24 hr Mutton/24_hr_Mutton_0141.jpg,469325,aaafca6b21a2d73105df46e94384d6b8d83a25747dd78408a1b311547cb05b34,Mutton/24 hr Mutton images/4690.jpg|Mutton/24 hr Mutton images/4691.jpg,2
train,24 hr Mutton,24_hr_Mutton_0142.jpg,train/24 hr Mutton/24_hr_Mutton_0142.jpg,475656,3a51d64e019633de1679a0f659a084f81f3287dc824f2e8c734ac6384f2834de,Mutton/24 hr Mutton images/4922.jpg|Mutton/24 hr Mutton images/4923.jpg,2
train,24 hr Mutton,24_hr_Mutton_0143.jpg,train/24 hr Mutton/24_hr_Mutton_0143.jpg,454094,7506a32748fd3e22a7dcbeb0cadca0e1259e92a0ccb60fab1b8f5d3f5c433cd3,Mutton/24 hr Mutton images/4660.jpg|Mutton/24 hr Mutton images/4661.jpg,2
train,24 hr Mutton,24_hr_Mutton_0144.jpg,train/24 hr Mutton/24_hr_Mutton_0144.jpg,526301,d1e424708c2acbbd1d885ffbe452a0598fc9c837d0b129da5ff5f0a3deade484,Mutton/24 hr Mutton images/4736.jpg|Mutton/24 hr Mutton images/4737.jpg|Mutton/24 hr Mutton images/4938.jpg,3
train,24 hr Mutton,24_hr_Mutton_0145.jpg,train/24 hr Mutton/24_hr_Mutton_0145.jpg,448744,8b5e4b3e3874497aa2d81076fc9ac23a6d2e52559c8683c5d515ab0930111513,Mutton/24 hr Mutton images/4568.jpg|Mutton/24 hr Mutton images/4569.jpg,2
train,24 hr Mutton,24_hr_Mutton_0146.jpg,train/24 hr Mutton/24_hr_Mutton_0146.jpg,453407,4909956942c83dc604cb81528331350b142f0bd589240a3951155b201b45ff73,Mutton/24 hr Mutton images/4842.jpg|Mutton/24 hr Mutton images/4843.jpg,2
train,24 hr Mutton,24_hr_Mutton_0147.jpg,train/24 hr Mutton/24_hr_Mutton_0147.jpg,413530,0c72c45921c2711b4b01a68dfd36f520ea6756e8e289edcfaea8abfce0d8244d,Mutton/24 hr Mutton images/4604.jpg|Mutton/24 hr Mutton images/4605.jpg,2
train,24 hr Mutton,24_hr_Mutton_0148.jpg,train/24 hr Mutton/24_hr_Mutton_0148.jpg,508960,f54b2aec547f0b6932a00a48a6c2385942c25464ea04a9591f3714a33cc2746e,Mutton/24 hr Mutton images/4584.jpg|Mutton/24 hr Mutton images/4585.jpg,2
train,24 hr Mutton,24_hr_Mutton_0149.jpg,train/24 hr Mutton/24_hr_Mutton_0149.jpg,454704,2f8b975a673c89ff323c4f3036c13ed0a8850a384d2f4b720076882cd2bd68fc,Mutton/24 hr Mutton images/4910.jpg|Mutton/24 hr Mutton images/4911.jpg,2
train,24 hr Mutton,24_hr_Mutton_0150.jpg,train/24 hr Mutton/24_hr_Mutton_0150.jpg,414739,90ac3d4bce7f2a1042b15350297271e470b860f0b8296153056b238728f105a4,Mutton/24 hr Mutton images/4858.jpg|Mutton/24 hr Mutton images/4859.jpg,2
train,36+ hr Beef,36+_hr_Beef_0000.jpg,train/36+ hr Beef/36+_hr_Beef_0000.jpg,558766,b0492c4c1d7dde899a3a5908b4f5cf0bf83f6c4aa8cd61e4ff021dc951a5f30f,Beef/36 hr Beef images/2594.jpg|Beef/36 hr Beef images/2595.jpg|Beef/48 hr Beef images/3094.jpg|Beef/48 hr Beef images/3095.jpg,4
train,36+ hr Beef,36+_hr_Beef_0001.jpg,train/36+ hr Beef/36+_hr_Beef_0001.jpg,564710,0ff1daca1c38dce43b8efcde3c23bfda781107a43a850cf8061e43f751908424,Beef/36 hr Beef images/2758.jpg|Beef/36 hr Beef images/2759.jpg|Beef/48 hr Beef images/3258.jpg|Beef/48 hr Beef images/3259.jpg,4
train,36+ hr Beef,36+_hr_Beef_0002.jpg,train/36+ hr Beef/36+_hr_Beef_0002.jpg,592259,e41cca10e070ebb9791b4dd0ab043464ed9a2456220e4868f83e9dc0b642e101,Beef/36 hr Beef images/2582.jpg|Beef/36 hr Beef images/2583.jpg|Beef/48 hr Beef images/3082.jpg|Beef/48 hr Beef images/3083.jpg,4
train,36+ hr Beef,36+_hr_Beef_0003.jpg,train/36+ hr Beef/36+_hr_Beef_0003.jpg,546622,52452111de1f792cb50b11c1fe86d6b6fe54545c350514d6698b56b9f849ffa2,Beef/36 hr Beef images/2642.jpg|Beef/36 hr Beef images/2643.jpg|Beef/48 hr Beef images/3142.jpg|Beef/48 hr Beef images/3143.jpg,4
train,36+ hr Beef,36+_hr_Beef_0004.jpg,train/36+ hr Beef/36+_hr_Beef_0004.jpg,544946,f8bae1bc5949fa446ea56a4d1e8b52ff74337ca21a0e69c2d3f112d0b2eb9f4f,Beef/36 hr Beef images/2568.jpg|Beef/36 hr Beef images/2569.jpg|Beef/48 hr Beef images/3068.jpg|Beef/48 hr Beef images/3069.jpg,4
train,36+ hr Beef,36+_hr_Beef_0005.jpg,train/36+ hr Beef/36+_hr_Beef_0005.jpg,512028,9f3682f70df13f4f2128b05bb648f8cf1b2fb88565bd42d49ae53757772924a8,Beef/36 hr Beef images/2554.jpg|Beef/36 hr Beef images/2555.jpg|Beef/48 hr Beef images/3054.jpg|Beef/48 hr Beef images/3055.jpg,4
train,36+ hr Beef,36+_hr_Beef_0006.jpg,train/36+ hr Beef/36+_hr_Beef_0006.jpg,513480,d68e261de804e7e21885c2826759b85ac69e8e935127edac3a8d2f988b6484d7,Beef/36 hr Beef images/2570.jpg|Beef/36 hr Beef images/2571.jpg|Beef/48 hr Beef images/3070.jpg|Beef/48 hr Beef images/3071.jpg,4
train,36+ hr Beef,36+_hr_Beef_0007.jpg,train/36+ hr Beef/36+_hr_Beef_0007.jpg,558555,665ec783a69cfb445742c23761a631968c7b184a269563a27a107b43b5da755b,Beef/36 hr Beef images/2620.jpg|Beef/36 hr Beef images/2621.jpg|Beef/48 hr Beef images/3120.jpg|Beef/48 hr Beef images/3121.jpg,4
train,36+ hr Beef,36+_hr_Beef_0008.jpg,train/36+ hr Beef/36+_hr_Beef_0008.jpg,566045,5fa6dad0ab305c97101a732a1c4760ddda15a449f9105b8aaec8afd341453090,Beef/36 hr Beef images/2712.jpg|Beef/36 hr Beef images/2713.jpg|Beef/48 hr Beef images/3212.jpg|Beef/48 hr Beef images/3213.jpg,4
train,36+ hr Beef,36+_hr_Beef_0009.jpg,train/36+ hr Beef/36+_hr_Beef_0009.jpg,519328,aeafd9b518d4c584764fafc762b5731103bdaad584c705759683933641c27601,Beef/36 hr Beef images/2528.jpg|Beef/36 hr Beef images/2529.jpg|Beef/48 hr Beef images/3028.jpg|Beef/48 hr Beef images/3029.jpg,4
train,36+ hr Beef,36+_hr_Beef_0010.jpg,train/36+ hr Beef/36+_hr_Beef_0010.jpg,515614,24c5170890765b417bfcdff7cea3a0a069e0119608f8af3175d930bb3c872e73,Beef/36 hr Beef images/2940.jpg|Beef/36 hr Beef images/2941.jpg|Beef/48 hr Beef images/3440.jpg|Beef/48 hr Beef images/3441.jpg,4
train,36+ hr Beef,36+_hr_Beef_0011.jpg,train/36+ hr Beef/36+_hr_Beef_0011.jpg,530472,2e9b33eb3b25e977b59adb4c7cf829254c939140f4f2f20f2c8e7ab684ddaab8,Beef/36 hr Beef images/2866.jpg|Beef/36 hr Beef images/2867.jpg|Beef/48 hr Beef images/3366.jpg|Beef/48 hr Beef images/3367.jpg,4
train,36+ hr Beef,36+_hr_Beef_0012.jpg,train/36+ hr Beef/36+_hr_Beef_0012.jpg,554376,b77e65eff86db688b206a91adb8d2d1293c9429353e4486d37e5858aa56520b5,Beef/36 hr Beef images/2798.jpg|Beef/36 hr Beef images/2799.jpg|Beef/48 hr Beef images/3298.jpg|Beef/48 hr Beef images/3299.jpg,4
train,36+ hr Beef,36+_hr_Beef_0013.jpg,train/36+ hr Beef/36+_hr_Beef_0013.jpg,589887,2263f106ad5feade4fe51780280144bdc19edfbff6f64f67c18c41cda115729e,Beef/36 hr Beef images/2934.jpg|Beef/36 hr Beef images/2935.jpg|Beef/48 hr Beef images/3434.jpg|Beef/48 hr Beef images/3435.jpg,4
train,36+ hr Beef,36+_hr_Beef_0014.jpg,train/36+ hr Beef/36+_hr_Beef_0014.jpg,558053,dd88e9658f177eec6ac5bfb1bbf75a6c8a8efac3c93f5b9873262dc9e5f68d17,Beef/36 hr Beef images/2564.jpg|Beef/36 hr Beef images/2565.jpg|Beef/48 hr Beef images/3064.jpg|Beef/48 hr Beef images/3065.jpg,4
train,36+ hr Beef,36+_hr_Beef_0015.jpg,train/36+ hr Beef/36+_hr_Beef_0015.jpg,570372,26219c149a04b0ebea848357105bd023dc445cf32880a7be9ea64557da8d306c,Beef/36 hr Beef images/2936.jpg|Beef/36 hr Beef images/2937.jpg|Beef/48 hr Beef images/3436.jpg|Beef/48 hr Beef images/3437.jpg,4
train,36+ hr Beef,36+_hr_Beef_0016.jpg,train/36+ hr Beef/36+_hr_Beef_0016.jpg,573070,ba3792af64f87ede71275891c5d8fb667d60f8031db461853397ecc0bb745066,Beef/36 hr Beef images/2734.jpg|Beef/36 hr Beef images/2735.jpg|Beef/48 hr Beef images/3234.jpg|Beef/48 hr Beef images/3235.jpg,4
train,36+ hr Beef,36+_hr_Beef_0017.jpg,train/36+ hr Beef/36+_hr_Beef_0017.jpg,588942,80cc14efdde1cb4703ac4cc07b7480be7d318df65e0853a6c83d7b6aa833417a,Beef/36 hr Beef images/2882.jpg|Beef/36 hr Beef images/2883.jpg|Beef/48 hr Beef images/3382.jpg|Beef/48 hr Beef images/3383.jpg,4
train,36+ hr Beef,36+_hr_Beef_0018.jpg,train/36+ hr Beef/36+_hr_Beef_0018.jpg,478185,0e757e9dbe0edfdc47a6e513c5f7cde50689b2b03366265fd3407cacefb3b6bb,Beef/36 hr Beef images/2576.jpg|Beef/36 hr Beef images/2577.jpg|Beef/48 hr Beef images/3076.jpg|Beef/48 hr Beef images/3077.jpg,4
train,36+ hr Beef,36+_hr_Beef_0019.jpg,train/36+ hr Beef/36+_hr_Beef_0019.jpg,496662,3fc2e883d9c80c10ddaa2890ed7c037ad175c4324bb671c0e9ef6384a062d3f9,Beef/36 hr Beef images/2900.jpg|Beef/36 hr Beef images/2901.jpg|Beef/48 hr Beef images/3400.jpg|Beef/48 hr Beef images/3401.jpg,4
train,36+ hr Beef,36+_hr_Beef_0020.jpg,train/36+ hr Beef/36+_hr_Beef_0020.jpg,504077,902e3beb51998d30cf3adb85dd2b42670c818b997ede296eb876764a8a4ad786,Beef/36 hr Beef images/2556.jpg|Beef/36 hr Beef images/2557.jpg|Beef/48 hr Beef images/3056.jpg|Beef/48 hr Beef images/3057.jpg,4
train,36+ hr Beef,36+_hr_Beef_0021.jpg,train/36+ hr Beef/36+_hr_Beef_0021.jpg,630716,02aa23e2977fb87d6278d5d017ec927943a4f7af59b6234fb91f967f00779f20,Beef/36 hr Beef images/2932.jpg|Beef/36 hr Beef images/2933.jpg|Beef/48 hr Beef images/3432.jpg|Beef/48 hr Beef images/3433.jpg,4
train,36+ hr Beef,36+_hr_Beef_0022.jpg,train/36+ hr Beef/36+_hr_Beef_0022.jpg,513982,f940e3bb8c5fe9070a9a33e66f04ef5f7456f66c9656b7a7ee8da9dd6eeac17e,Beef/36 hr Beef images/2784.jpg|Beef/36 hr Beef images/2785.jpg|Beef/48 hr Beef images/3284.jpg|Beef/48 hr Beef images/3285.jpg,4
train,36+ hr Beef,36+_hr_Beef_0023.jpg,train/36+ hr Beef/36+_hr_Beef_0023.jpg,591367,f4e81cbd4d40ed4f693c6b592392d6c03f8b8b69b377305a1324e0b2ff95797b,Beef/36 hr Beef images/2578.jpg|Beef/36 hr Beef images/2579.jpg|Beef/48 hr Beef images/3078.jpg|Beef/48 hr Beef images/3079.jpg,4
train,36+ hr Beef,36+_hr_Beef_0024.jpg,train/36+ hr Beef/36+_hr_Beef_0024.jpg,554599,1d265450abd305867e7e0cfb655bad47b8da2f2fd1678cf3a96be1cd1156c658,Beef/36 hr Beef images/2856.jpg|Beef/36 hr Beef images/2857.jpg|Beef/48 hr Beef images/3356.jpg|Beef/48 hr Beef images/3357.jpg,4
train,36+ hr Beef,36+_hr_Beef_0025.jpg,train/36+ hr Beef/36+_hr_Beef_0025.jpg,584676,bdd2d86f1c09518a2775b68b6bea44557eb25eab23862592affd9841b48f0d06,Beef/36 hr Beef images/2676.jpg|Beef/36 hr Beef images/2677.jpg|Beef/48 hr Beef images/3176.jpg|Beef/48 hr Beef images/3177.jpg,4
train,36+ hr Beef,36+_hr_Beef_0026.jpg,train/36+ hr Beef/36+_hr_Beef_0026.jpg,489387,50e33873a9491f9a5af511ba3dc5a3026b133fb9903c04af6246a106e84a9c78,Beef/36 hr Beef images/2542.jpg|Beef/36 hr Beef images/2543.jpg|Beef/48 hr Beef images/3042.jpg|Beef/48 hr Beef images/3043.jpg,4
train,36+ hr Beef,36+_hr_Beef_0027.jpg,train/36+ hr Beef/36+_hr_Beef_0027.jpg,602805,9ce89c6f5aa79044826830c06b40ca7ce8fc8ac822a16487c4b13e13d3699917,Beef/36 hr Beef images/2766.jpg|Beef/36 hr Beef images/2767.jpg|Beef/48 hr Beef images/3266.jpg|Beef/48 hr Beef images/3267.jpg,4
train,36+ hr Beef,36+_hr_Beef_0028.jpg,train/36+ hr Beef/36+_hr_Beef_0028.jpg,565002,ba2af33e93bd602343ea60b2b535393dd2f7e9827de9347140e30758786f124f,Beef/36 hr Beef images/2656.jpg|Beef/36 hr Beef images/2657.jpg|Beef/48 hr Beef images/3156.jpg|Beef/48 hr Beef images/3157.jpg,4
train,36+ hr Beef,36+_hr_Beef_0029.jpg,train/36+ hr Beef/36+_hr_Beef_0029.jpg,566797,96b627a97733934909ae915451befa29017122c3757acac59fc229c1ef24cc0e,Beef/36 hr Beef images/2770.jpg|Beef/36 hr Beef images/2771.jpg|Beef/48 hr Beef images/3270.jpg|Beef/48 hr Beef images/3271.jpg,4
train,36+ hr Beef,36+_hr_Beef_0030.jpg,train/36+ hr Beef/36+_hr_Beef_0030.jpg,551167,88eac2f92cca878b8f5e8b57e08b628318ac93f6c07aa10ae7c8834990dd55d5,Beef/36 hr Beef images/2872.jpg|Beef/36 hr Beef images/2873.jpg|Beef/48 hr Beef images/3372.jpg|Beef/48 hr Beef images/3373.jpg,4
train,36+ hr Beef,36+_hr_Beef_0031.jpg,train/36+ hr Beef/36+_hr_Beef_0031.jpg,560309,85a41d2310ffb2d8419696dba0a0a78bb44717700db7eca1f6f751d5cce3c16c,Beef/36 hr Beef images/2718.jpg|Beef/36 hr Beef images/2719.jpg|Beef/48 hr Beef images/3218.jpg|Beef/48 hr Beef images/3219.jpg,4
train,36+ hr Beef,36+_hr_Beef_0032.jpg,train/36+ hr Beef/36+_hr_Beef_0032.jpg,551781,808ae850618b2061b19ed28975368e7990bd59049f6df3c679bc3361c7ad7bed,Beef/36 hr Beef images/2526.jpg|Beef/36 hr Beef images/2527.jpg|Beef/48 hr Beef images/3026.jpg|Beef/48 hr Beef images/3027.jpg,4
train,36+ hr Beef,36+_hr_Beef_0033.jpg,train/36+ hr Beef/36+_hr_Beef_0033.jpg,586522,ca36428e1d97037dcc678b2fe8eff4e84d136f11de3de249077add4a6737c509,Beef/36 hr Beef images/2812.jpg|Beef/36 hr Beef images/2813.jpg|Beef/48 hr Beef images/3312.jpg|Beef/48 hr Beef images/3313.jpg,4
train,36+ hr Beef,36+_hr_Beef_0034.jpg,train/36+ hr Beef/36+_hr_Beef_0034.jpg,561711,df966daa86bfa2df63c574dedc4d50df57845d9943e1daaa085d7f662f453c1d,Beef/36 hr Beef images/2614.jpg|Beef/36 hr Beef images/2615.jpg|Beef/48 hr Beef images/3114.jpg|Beef/48 hr Beef images/3115.jpg,4
train,36+ hr Beef,36+_hr_Beef_0035.jpg,train/36+ hr Beef/36+_hr_Beef_0035.jpg,578074,06a953388c826fbff01e8f60a674bf7a1729618a58227faf270e7c5ed1f3d240,Beef/36 hr Beef images/2716.jpg|Beef/36 hr Beef images/2717.jpg|Beef/48 hr Beef images/3216.jpg|Beef/48 hr Beef images/3217.jpg,4
train,36+ hr Beef,36+_hr_Beef_0036.jpg,train/36+ hr Beef/36+_hr_Beef_0036.jpg,561398,20fa356ab9a1ff7d128b13c82f1bd52f93806034b3b290b3ffb7c95e9891cd7b,Beef/36 hr Beef images/2814.jpg|Beef/36 hr Beef images/2815.jpg|Beef/48 hr Beef images/3314.jpg|Beef/48 hr Beef images/3315.jpg,4
train,36+ hr Beef,36+_hr_Beef_0037.jpg,train/36+ hr Beef/36+_hr_Beef_0037.jpg,556499,158d90c95ac666d72bcfd6a21745685458b5944a8b0c32fc090061c5b35419b4,Beef/36 hr Beef images/2888.jpg|Beef/36 hr Beef images/2889.jpg|Beef/48 hr Beef images/3388.jpg|Beef/48 hr Beef images/3389.jpg,4
train,36+ hr Beef,36+_hr_Beef_0038.jpg,train/36+ hr Beef/36+_hr_Beef_0038.jpg,558563,f7c8c35ca1bc8fe5811260f7d0c16989db83d7355c6c1e73c52c7951a67107d6,Beef/36 hr Beef images/2886.jpg|Beef/36 hr Beef images/2887.jpg|Beef/48 hr Beef images/3386.jpg|Beef/48 hr Beef images/3387.jpg,4
train,36+ hr Beef,36+_hr_Beef_0039.jpg,train/36+ hr Beef/36+_hr_Beef_0039.jpg,486759,0058b9fb6b159c8d2b96fda7b4304a174d41677285984822782d940355c82175,Beef/36 hr Beef images/2806.jpg|Beef/36 hr Beef images/2807.jpg|Beef/48 hr Beef images/3306.jpg|Beef/48 hr Beef images/3307.jpg,4
train,36+ hr Beef,36+_hr_Beef_0040.jpg,train/36+ hr Beef/36+_hr_Beef_0040.jpg,564140,782d18500fcf9c22f85a4557d93991b1a7bc101953b5141ba91e6ae6148d7787,Beef/36 hr Beef images/2586.jpg|Beef/36 hr Beef images/2587.jpg|Beef/48 hr Beef images/3086.jpg|Beef/48 hr Beef images/3087.jpg,4
train,36+ hr Beef,36+_hr_Beef_0041.jpg,train/36+ hr Beef/36+_hr_Beef_0041.jpg,527721,fa4fe24dfd85b2ecf293a5b377c024e7424644c5f12e25108773b471313310fd,Beef/36 hr Beef images/2792.jpg|Beef/36 hr Beef images/2793.jpg|Beef/48 hr Beef images/3292.jpg|Beef/48 hr Beef images/3293.jpg,4
train,36+ hr Beef,36+_hr_Beef_0042.jpg,train/36+ hr Beef/36+_hr_Beef_0042.jpg,555126,5f17b6a53ac7ae1244038104ab10820f8c5ea31f60c4825b281c7ba39450ddc9,Beef/36 hr Beef images/2714.jpg|Beef/36 hr Beef images/2715.jpg|Beef/48 hr Beef images/3214.jpg|Beef/48 hr Beef images/3215.jpg,4
train,36+ hr Beef,36+_hr_Beef_0043.jpg,train/36+ hr Beef/36+_hr_Beef_0043.jpg,554960,445c8a707e7445cd622855c1f94122b025b2f75da53e283031c90590ccdd053a,Beef/36 hr Beef images/2750.jpg|Beef/36 hr Beef images/2751.jpg|Beef/48 hr Beef images/3250.jpg|Beef/48 hr Beef images/3251.jpg,4
train,36+ hr Beef,36+_hr_Beef_0044.jpg,train/36+ hr Beef/36+_hr_Beef_0044.jpg,482840,b77e75bd344aa9c8625ed9e6f60347fd2b5005549d5dffcab5c312cc3bb3e15f,Beef/36 hr Beef images/2544.jpg|Beef/36 hr Beef images/2545.jpg|Beef/48 hr Beef images/3044.jpg|Beef/48 hr Beef images/3045.jpg,4
train,36+ hr Beef,36+_hr_Beef_0045.jpg,train/36+ hr Beef/36+_hr_Beef_0045.jpg,598046,aba623630a366131ef681048ec898a2b8a4ab54598bab48a9db3d8431d58519b,Beef/36 hr Beef images/2892.jpg|Beef/36 hr Beef images/2893.jpg|Beef/48 hr Beef images/3392.jpg|Beef/48 hr Beef images/3393.jpg,4
train,36+ hr Beef,36+_hr_Beef_0046.jpg,train/36+ hr Beef/36+_hr_Beef_0046.jpg,492928,2421c255a6d41f55c4a839a6c6b0e44a9c1f39812ae33b912e60bdd2e47c3ae1,Beef/36 hr Beef images/2780.jpg|Beef/36 hr Beef images/2781.jpg|Beef/48 hr Beef images/3280.jpg|Beef/48 hr Beef images/3281.jpg,4
train,36+ hr Beef,36+_hr_Beef_0047.jpg,train/36+ hr Beef/36+_hr_Beef_0047.jpg,586657,a109c4383509b2fcf8fbde32ea77223628e7bf2407f5e903e9812f4157bce67e,Beef/36 hr Beef images/2922.jpg|Beef/36 hr Beef images/2923.jpg|Beef/48 hr Beef images/3422.jpg|Beef/48 hr Beef images/3423.jpg,4
train,36+ hr Beef,36+_hr_Beef_0048.jpg,train/36+ hr Beef/36+_hr_Beef_0048.jpg,529279,3e6f64362177c49b64a9fb5059f33f8cc9f0975f8a2b9e9b9b80f80233ae9433,Beef/36 hr Beef images/2772.jpg|Beef/36 hr Beef images/2773.jpg|Beef/48 hr Beef images/3272.jpg|Beef/48 hr Beef images/3273.jpg,4
train,36+ hr Beef,36+_hr_Beef_0049.jpg,train/36+ hr Beef/36+_hr_Beef_0049.jpg,498416,2a1fd6b365b3695315986c4b8c6ff8d7f3ba35b58f7b4e46b4193bcb63ad3fa3,Beef/36 hr Beef images/2532.jpg|Beef/36 hr Beef images/2533.jpg|Beef/48 hr Beef images/3032.jpg|Beef/48 hr Beef images/3033.jpg,4
train,36+ hr Beef,36+_hr_Beef_0050.jpg,train/36+ hr Beef/36+_hr_Beef_0050.jpg,510188,e9a924870775d864054561db8d41a9a2522de32d12bdf384a25280d7b347d9b1,Beef/36 hr Beef images/2946.jpg|Beef/36 hr Beef images/2947.jpg|Beef/48 hr Beef images/3446.jpg|Beef/48 hr Beef images/3447.jpg,4
train,36+ hr Beef,36+_hr_Beef_0051.jpg,train/36+ hr Beef/36+_hr_Beef_0051.jpg,554800,09ba4aa4c1b85dea96319255893eacd25c5a2e56cb2e8ff41d2f4169f3d84388,Beef/36 hr Beef images/2818.jpg|Beef/36 hr Beef images/2819.jpg|Beef/48 hr Beef images/3318.jpg|Beef/48 hr Beef images/3319.jpg,4
train,36+ hr Beef,36+_hr_Beef_0052.jpg,train/36+ hr Beef/36+_hr_Beef_0052.jpg,590165,4917aa822ac2015c006edcc03a673625daec973af45b60ea072c89f98eabf1cb,Beef/36 hr Beef images/2918.jpg|Beef/36 hr Beef images/2919.jpg|Beef/48 hr Beef images/3418.jpg|Beef/48 hr Beef images/3419.jpg,4
train,36+ hr Beef,36+_hr_Beef_0053.jpg,train/36+ hr Beef/36+_hr_Beef_0053.jpg,550493,134b148621581916b8dd5c46b94f55da2d4ee4ee05b40d9776a06b8535a48e68,Beef/36 hr Beef images/2842.jpg|Beef/36 hr Beef images/2843.jpg|Beef/48 hr Beef images/3342.jpg|Beef/48 hr Beef images/3343.jpg,4
train,36+ hr Beef,36+_hr_Beef_0054.jpg,train/36+ hr Beef/36+_hr_Beef_0054.jpg,555178,94966ee83a82e462a145ac99ab671f93e54f5e0bfe4a391d77b25b1726b4789f,Beef/36 hr Beef images/2762.jpg|Beef/36 hr Beef images/2763.jpg|Beef/48 hr Beef images/3262.jpg|Beef/48 hr Beef images/3263.jpg,4
train,36+ hr Beef,36+_hr_Beef_0055.jpg,train/36+ hr Beef/36+_hr_Beef_0055.jpg,613303,70d2fbc5b09d19d129d0f1996bd6eba4ca4b3490aeb2a63f609c64905a167ebc,Beef/36 hr Beef images/2630.jpg|Beef/36 hr Beef images/2631.jpg|Beef/48 hr Beef images/3130.jpg|Beef/48 hr Beef images/3131.jpg,4
train,36+ hr Beef,36+_hr_Beef_0056.jpg,train/36+ hr Beef/36+_hr_Beef_0056.jpg,480662,fcef573f15cf5674e48bf3196533105b89b0193f15bf8fc1f38d6d989c5bbd12,Beef/36 hr Beef images/2884.jpg|Beef/36 hr Beef images/2885.jpg|Beef/48 hr Beef images/3384.jpg|Beef/48 hr Beef images/3385.jpg,4
train,36+ hr Beef,36+_hr_Beef_0057.jpg,train/36+ hr Beef/36+_hr_Beef_0057.jpg,597814,29900021225aac8be35ae23a7dc42ee5c5f06a2913f3cd4d49ef7dfeb509d8ef,Beef/36 hr Beef images/2646.jpg|Beef/36 hr Beef images/2647.jpg|Beef/48 hr Beef images/3146.jpg|Beef/48 hr Beef images/3147.jpg,4
train,36+ hr Beef,36+_hr_Beef_0058.jpg,train/36+ hr Beef/36+_hr_Beef_0058.jpg,621410,40b6030c8a735f69edb59b76be1ee3fede6517a9cb4d2fdd9dc28df352498c16,Beef/36 hr Beef images/2660.jpg|Beef/36 hr Beef images/2661.jpg|Beef/48 hr Beef images/3160.jpg|Beef/48 hr Beef images/3161.jpg,4
train,36+ hr Beef,36+_hr_Beef_0059.jpg,train/36+ hr Beef/36+_hr_Beef_0059.jpg,555998,8e9efc40a2ab2661970184e3a7d5d1731b13aa8d9baa77b8f13f4053ed956a7d,Beef/36 hr Beef images/2868.jpg|Beef/36 hr Beef images/2869.jpg|Beef/48 hr Beef images/3368.jpg|Beef/48 hr Beef images/3369.jpg,4
train,36+ hr Beef,36+_hr_Beef_0060.jpg,train/36+ hr Beef/36+_hr_Beef_0060.jpg,517314,937fdf9162e7e56d44ab67004297f0f4008c41cd49e928c4593ca8c6d807e330,Beef/36 hr Beef images/2540.jpg|Beef/36 hr Beef images/2541.jpg|Beef/48 hr Beef images/3040.jpg|Beef/48 hr Beef images/3041.jpg,4
train,36+ hr Beef,36+_hr_Beef_0061.jpg,train/36+ hr Beef/36+_hr_Beef_0061.jpg,548324,4ac3c7c4414f1e5334235eeb1453229ac496a1c68691b047f20eae474eba529a,Beef/36 hr Beef images/2800.jpg|Beef/36 hr Beef images/2801.jpg|Beef/48 hr Beef images/3300.jpg|Beef/48 hr Beef images/3301.jpg,4
train,36+ hr Beef,36+_hr_Beef_0062.jpg,train/36+ hr Beef/36+_hr_Beef_0062.jpg,560655,f9bd9e14b4d4196d47a2403f984338a04a341d093e12979870c08251d9741de2,Beef/36 hr Beef images/2728.jpg|Beef/36 hr Beef images/2729.jpg|Beef/48 hr Beef images/3228.jpg|Beef/48 hr Beef images/3229.jpg,4
train,36+ hr Beef,36+_hr_Beef_0063.jpg,train/36+ hr Beef/36+_hr_Beef_0063.jpg,566488,18e26e0f467935b78a2c8b4352afc9b9f8ccc974e8070da44b8d1451046cbc82,Beef/36 hr Beef images/2736.jpg|Beef/36 hr Beef images/2737.jpg|Beef/48 hr Beef images/3236.jpg|Beef/48 hr Beef images/3237.jpg,4
train,36+ hr Beef,36+_hr_Beef_0064.jpg,train/36+ hr Beef/36+_hr_Beef_0064.jpg,588428,d84338de1e15a453345b3c5e0fc99e6f3bed1930e679f9da64fe17250d311e68,Beef/36 hr Beef images/2640.jpg|Beef/36 hr Beef images/2641.jpg|Beef/48 hr Beef images/3140.jpg|Beef/48 hr Beef images/3141.jpg,4
train,36+ hr Beef,36+_hr_Beef_0065.jpg,train/36+ hr Beef/36+_hr_Beef_0065.jpg,623039,7ce3a9b7b1b3a182e0ee84609998146e7d4fb3ad543b29228e3e741735160e28,Beef/36 hr Beef images/2504.jpg|Beef/36 hr Beef images/2505.jpg|Beef/48 hr Beef images/3004.jpg|Beef/48 hr Beef images/3005.jpg,4
train,36+ hr Beef,36+_hr_Beef_0066.jpg,train/36+ hr Beef/36+_hr_Beef_0066.jpg,537629,65b1b02f75233e723561e86214350e3dda2fdc0f2fc6dbcda24ba498ad950cb0,Beef/36 hr Beef images/2606.jpg|Beef/36 hr Beef images/2607.jpg|Beef/48 hr Beef images/3106.jpg|Beef/48 hr Beef images/3107.jpg,4
train,36+ hr Beef,36+_hr_Beef_0067.jpg,train/36+ hr Beef/36+_hr_Beef_0067.jpg,497091,56108cb668760fea2cf991c87aa73f2318845457d83806f2a85e4b9816a893ca,Beef/36 hr Beef images/2910.jpg|Beef/36 hr Beef images/2911.jpg|Beef/48 hr Beef images/3410.jpg|Beef/48 hr Beef images/3411.jpg,4
train,36+ hr Beef,36+_hr_Beef_0068.jpg,train/36+ hr Beef/36+_hr_Beef_0068.jpg,494689,f34d0aa0f5410f83de027bed9b6bcf64fe443404e61d9c3d8f527db70e9f44f3,Beef/36 hr Beef images/2516.jpg|Beef/36 hr Beef images/2517.jpg|Beef/48 hr Beef images/3016.jpg|Beef/48 hr Beef images/3017.jpg,4
train,36+ hr Beef,36+_hr_Beef_0069.jpg,train/36+ hr Beef/36+_hr_Beef_0069.jpg,579008,11c434bd346cc3314a59a788ff32fef28d4ad0bdc4723a91e192dd0d969e7578,Beef/36 hr Beef images/2720.jpg|Beef/36 hr Beef images/2721.jpg|Beef/48 hr Beef images/3220.jpg|Beef/48 hr Beef images/3221.jpg,4
train,36+ hr Beef,36+_hr_Beef_0070.jpg,train/36+ hr Beef/36+_hr_Beef_0070.jpg,521628,40a8177217b8707160843efbd194c042e07b623de1414351c259fe3c9bcbc6bd,Beef/36 hr Beef images/2850.jpg|Beef/36 hr Beef images/2851.jpg|Beef/48 hr Beef images/3350.jpg|Beef/48 hr Beef images/3351.jpg,4
train,36+ hr Beef,36+_hr_Beef_0071.jpg,train/36+ hr Beef/36+_hr_Beef_0071.jpg,527430,7984bfa8cb0929aaf593a1a28f85626002fc331c1bc81f28411d1854eac443b2,Beef/36 hr Beef images/2834.jpg|Beef/36 hr Beef images/2835.jpg|Beef/48 hr Beef images/3334.jpg|Beef/48 hr Beef images/3335.jpg,4
train,36+ hr Beef,36+_hr_Beef_0072.jpg,train/36+ hr Beef/36+_hr_Beef_0072.jpg,545109,bb8e34edcdfca2eccf9d9195b6fe4adb8e7464d974955cf1b5b93037b633eb29,Beef/36 hr Beef images/2848.jpg|Beef/36 hr Beef images/2849.jpg|Beef/48 hr Beef images/3348.jpg|Beef/48 hr Beef images/3349.jpg,4
train,36+ hr Beef,36+_hr_Beef_0073.jpg,train/36+ hr Beef/36+_hr_Beef_0073.jpg,585206,c848e1935ddeebf6344ea3e5fddfd000054b8cc889ce89e917d960edee47db3a,Beef/36 hr Beef images/2680.jpg|Beef/36 hr Beef images/2681.jpg|Beef/48 hr Beef images/3180.jpg|Beef/48 hr Beef images/3181.jpg,4
train,36+ hr Beef,36+_hr_Beef_0074.jpg,train/36+ hr Beef/36+_hr_Beef_0074.jpg,574685,05f8daccec040dfcd339f8d3e39240d8d3b1a38dd7bba9121fba3a2d61f580f1,Beef/36 hr Beef images/2710.jpg|Beef/36 hr Beef images/2711.jpg|Beef/48 hr Beef images/3210.jpg|Beef/48 hr Beef images/3211.jpg,4
train,36+ hr Beef,36+_hr_Beef_0075.jpg,train/36+ hr Beef/36+_hr_Beef_0075.jpg,481117,1593ac519e4b7eeef23bb496daa45ab7c91688906232aa099a2de432d6dfd9ff,Beef/36 hr Beef images/2654.jpg|Beef/36 hr Beef images/2655.jpg|Beef/48 hr Beef images/3154.jpg|Beef/48 hr Beef images/3155.jpg,4
train,36+ hr Beef,36+_hr_Beef_0076.jpg,train/36+ hr Beef/36+_hr_Beef_0076.jpg,557780,a0b39b693625fbf90febc5b922dbae89f8f061c139d1ac690fe0957ae6d96548,Beef/36 hr Beef images/2760.jpg|Beef/36 hr Beef images/2761.jpg|Beef/48 hr Beef images/3260.jpg|Beef/48 hr Beef images/3261.jpg,4
train,36+ hr Beef,36+_hr_Beef_0077.jpg,train/36+ hr Beef/36+_hr_Beef_0077.jpg,510224,077ac72d8e21c4248395309f22b4baee7d39597b68a430f536ce8ad3d542da8a,Beef/36 hr Beef images/2566.jpg|Beef/36 hr Beef images/2567.jpg|Beef/48 hr Beef images/3066.jpg|Beef/48 hr Beef images/3067.jpg,4
train,36+ hr Beef,36+_hr_Beef_0078.jpg,train/36+ hr Beef/36+_hr_Beef_0078.jpg,570116,87ee22a27cab823c97f24d400338c165412a88ac6d178b5153d7f9f12e9126b2,Beef/36 hr Beef images/2824.jpg|Beef/36 hr Beef images/2825.jpg|Beef/48 hr Beef images/3324.jpg|Beef/48 hr Beef images/3325.jpg,4
train,36+ hr Beef,36+_hr_Beef_0079.jpg,train/36+ hr Beef/36+_hr_Beef_0079.jpg,471448,cbd0dbe5ba6516b847ad6ad22be46d53898600055f98aec81727caf3e74c44be,Beef/36 hr Beef images/2602.jpg|Beef/36 hr Beef images/2603.jpg|Beef/48 hr Beef images/3102.jpg|Beef/48 hr Beef images/3103.jpg,4
train,36+ hr Beef,36+_hr_Beef_0080.jpg,train/36+ hr Beef/36+_hr_Beef_0080.jpg,377846,052eba155c3372e775e9115c9effb17d108fbf930c7bcd42793f06dd2f4daf8f,Beef/36 hr Beef images/2514.jpg|Beef/36 hr Beef images/2515.jpg|Beef/48 hr Beef images/3014.jpg|Beef/48 hr Beef images/3015.jpg,4
train,36+ hr Beef,36+_hr_Beef_0081.jpg,train/36+ hr Beef/36+_hr_Beef_0081.jpg,572573,edc7283e1f47a18bbff560d24ae0399c4f61ca8c982a688f5f6d52b51ab2ccf7,Beef/36 hr Beef images/2628.jpg|Beef/36 hr Beef images/2629.jpg|Beef/48 hr Beef images/3128.jpg|Beef/48 hr Beef images/3129.jpg,4
train,36+ hr Beef,36+_hr_Beef_0082.jpg,train/36+ hr Beef/36+_hr_Beef_0082.jpg,565313,29ad6c7e913475f0a3ed2c22850d388f672ea8428906bb124c294913697319bb,Beef/36 hr Beef images/2508.jpg|Beef/36 hr Beef images/2509.jpg|Beef/48 hr Beef images/3008.jpg|Beef/48 hr Beef images/3009.jpg,4
train,36+ hr Beef,36+_hr_Beef_0083.jpg,train/36+ hr Beef/36+_hr_Beef_0083.jpg,549222,a167ed75cd91b4967089454fc4dc70fc2ba878cb5aecd748d046a2c9aa4b2135,Beef/36 hr Beef images/2536.jpg|Beef/36 hr Beef images/2537.jpg|Beef/48 hr Beef images/3036.jpg|Beef/48 hr Beef images/3037.jpg,4
train,36+ hr Beef,36+_hr_Beef_0084.jpg,train/36+ hr Beef/36+_hr_Beef_0084.jpg,517062,87e6f5afd12960af21fa0b3a9348352d4cb8957928ac0600ca5182f77fd67d62,Beef/36 hr Beef images/2790.jpg|Beef/36 hr Beef images/2791.jpg|Beef/48 hr Beef images/3290.jpg|Beef/48 hr Beef images/3291.jpg,4
train,36+ hr Beef,36+_hr_Beef_0085.jpg,train/36+ hr Beef/36+_hr_Beef_0085.jpg,608287,3c2eb8380f73fc938a1d7eef9611ee937719f2aa8f55a662f9c1098364df2dd3,Beef/36 hr Beef images/2740.jpg|Beef/36 hr Beef images/2741.jpg|Beef/48 hr Beef images/3240.jpg|Beef/48 hr Beef images/3241.jpg,4
train,36+ hr Beef,36+_hr_Beef_0086.jpg,train/36+ hr Beef/36+_hr_Beef_0086.jpg,612380,0d71d8acd2c9fb3dd8ae6997a57ba6507af2a4e10a3e7dc9a5e030576d6f0d21,Beef/36 hr Beef images/2648.jpg|Beef/36 hr Beef images/2649.jpg|Beef/48 hr Beef images/3148.jpg|Beef/48 hr Beef images/3149.jpg,4
train,36+ hr Beef,36+_hr_Beef_0087.jpg,train/36+ hr Beef/36+_hr_Beef_0087.jpg,560440,e09c30085fe872dab4e694d9ab2c7b93ebb787601898d6aa911f7f174f084b34,Beef/36 hr Beef images/2612.jpg|Beef/36 hr Beef images/2613.jpg|Beef/48 hr Beef images/3112.jpg|Beef/48 hr Beef images/3113.jpg,4
train,36+ hr Beef,36+_hr_Beef_0088.jpg,train/36+ hr Beef/36+_hr_Beef_0088.jpg,556083,342382581f52ef03bfd527538a7cd2969005198db367ddfa87ecd663cfa46fd8,Beef/36 hr Beef images/2752.jpg|Beef/36 hr Beef images/2753.jpg|Beef/48 hr Beef images/3252.jpg|Beef/48 hr Beef images/3253.jpg,4
train,36+ hr Beef,36+_hr_Beef_0089.jpg,train/36+ hr Beef/36+_hr_Beef_0089.jpg,542304,d85d2a0d08cdb8f3fbbfa369b557ce073474a9542b6033891c91bdcbc7ace13f,Beef/36 hr Beef images/2520.jpg|Beef/36 hr Beef images/2521.jpg|Beef/48 hr Beef images/3020.jpg|Beef/48 hr Beef images/3021.jpg,4
train,36+ hr Beef,36+_hr_Beef_0090.jpg,train/36+ hr Beef/36+_hr_Beef_0090.jpg,502881,a36a415142c8e9e9592df08ef2c657cff9ca43f996de04d806d57622f5f62eea,Beef/36 hr Beef images/2912.jpg|Beef/36 hr Beef images/2913.jpg|Beef/48 hr Beef images/3412.jpg|Beef/48 hr Beef images/3413.jpg,4
train,36+ hr Beef,36+_hr_Beef_0091.jpg,train/36+ hr Beef/36+_hr_Beef_0091.jpg,573215,2ef44931329e3fe461691c309f4324e9e9298cd7a46717f59ad2bd1c347e285f,Beef/36 hr Beef images/2668.jpg|Beef/36 hr Beef images/2669.jpg|Beef/48 hr Beef images/3168.jpg|Beef/48 hr Beef images/3169.jpg,4
train,36+ hr Beef,36+_hr_Beef_0092.jpg,train/36+ hr Beef/36+_hr_Beef_0092.jpg,525082,625b821f53d0a23aefc027255ddc16c0f38916c3a302fc6a615995ebf68070c2,Beef/36 hr Beef images/2860.jpg|Beef/36 hr Beef images/2861.jpg|Beef/48 hr Beef images/3360.jpg|Beef/48 hr Beef images/3361.jpg,4
train,36+ hr Beef,36+_hr_Beef_0093.jpg,train/36+ hr Beef/36+_hr_Beef_0093.jpg,552856,19643acfa717711c17ca8922510453ef07dc98cb5d73f52fde329dd4e4aed173,Beef/36 hr Beef images/2820.jpg|Beef/36 hr Beef images/2821.jpg|Beef/48 hr Beef images/3320.jpg|Beef/48 hr Beef images/3321.jpg,4
train,36+ hr Beef,36+_hr_Beef_0094.jpg,train/36+ hr Beef/36+_hr_Beef_0094.jpg,580375,1db0a3abaa659dc5f3a9b97b8d2a4a25190e8dfa54f417ff377ad72c324a4a1f,Beef/36 hr Beef images/2730.jpg|Beef/36 hr Beef images/2731.jpg|Beef/48 hr Beef images/3230.jpg|Beef/48 hr Beef images/3231.jpg,4
train,36+ hr Beef,36+_hr_Beef_0095.jpg,train/36+ hr Beef/36+_hr_Beef_0095.jpg,603483,56582fc2346db5c7b1b47eea3b1768443029d898c272f59f7247c6beafb374c2,Beef/36 hr Beef images/2682.jpg|Beef/36 hr Beef images/2683.jpg|Beef/48 hr Beef images/3182.jpg|Beef/48 hr Beef images/3183.jpg,4
train,36+ hr Beef,36+_hr_Beef_0096.jpg,train/36+ hr Beef/36+_hr_Beef_0096.jpg,559170,ef6ff8699c6453c9c670c7d556ceab0beb77e921756352795f79fe996131d8f8,Beef/36 hr Beef images/2538.jpg|Beef/36 hr Beef images/2539.jpg|Beef/48 hr Beef images/3038.jpg|Beef/48 hr Beef images/3039.jpg,4
train,36+ hr Beef,36+_hr_Beef_0097.jpg,train/36+ hr Beef/36+_hr_Beef_0097.jpg,522685,cbefdd76164cda9c8867a50607bab8a1bf0bc2927bb578d47f5d9ffcfb65da3b,Beef/36 hr Beef images/2572.jpg|Beef/36 hr Beef images/2573.jpg|Beef/48 hr Beef images/3072.jpg|Beef/48 hr Beef images/3073.jpg,4
train,36+ hr Beef,36+_hr_Beef_0098.jpg,train/36+ hr Beef/36+_hr_Beef_0098.jpg,613730,b1d0a098267360f15c343aa2529b72062c12f306effff832554d8e6f84466891,Beef/36 hr Beef images/2684.jpg|Beef/36 hr Beef images/2685.jpg|Beef/48 hr Beef images/3184.jpg|Beef/48 hr Beef images/3185.jpg,4
train,36+ hr Beef,36+_hr_Beef_0099.jpg,train/36+ hr Beef/36+_hr_Beef_0099.jpg,618959,11d22660d77f71eab8f2b14245ee4ecf0653dcb26d5694744a644098d2f48e9d,Beef/36 hr Beef images/2658.jpg|Beef/36 hr Beef images/2659.jpg|Beef/48 hr Beef images/3158.jpg|Beef/48 hr Beef images/3159.jpg,4
train,36+ hr Beef,36+_hr_Beef_0100.jpg,train/36+ hr Beef/36+_hr_Beef_0100.jpg,576679,6f5f08cbbb8c02fb7730df59bec0b0861c880a4e848bace2c6c183b641b00289,Beef/36 hr Beef images/2550.jpg|Beef/36 hr Beef images/2551.jpg|Beef/48 hr Beef images/3050.jpg|Beef/48 hr Beef images/3051.jpg,4
train,36+ hr Beef,36+_hr_Beef_0101.jpg,train/36+ hr Beef/36+_hr_Beef_0101.jpg,528765,a48c994e7b3c39a41b4b8aeea031311681165611d92f43f845853e3fec119e7b,Beef/36 hr Beef images/2836.jpg|Beef/36 hr Beef images/2837.jpg|Beef/48 hr Beef images/3336.jpg|Beef/48 hr Beef images/3337.jpg,4
train,36+ hr Beef,36+_hr_Beef_0102.jpg,train/36+ hr Beef/36+_hr_Beef_0102.jpg,610860,a84f405ff6ccb8fdc93ee68ca8b5a50fb724df6d03bdd88174756c7327eb8c69,Beef/36 hr Beef images/2610.jpg|Beef/36 hr Beef images/2611.jpg|Beef/48 hr Beef images/3110.jpg|Beef/48 hr Beef images/3111.jpg,4
train,36+ hr Beef,36+_hr_Beef_0103.jpg,train/36+ hr Beef/36+_hr_Beef_0103.jpg,547810,ac4177495cce47e89a7232df913f673deb19c2f1d135b6d1ce105804aeeb520d,Beef/36 hr Beef images/2802.jpg|Beef/36 hr Beef images/2803.jpg|Beef/48 hr Beef images/3302.jpg|Beef/48 hr Beef images/3303.jpg,4
train,36+ hr Beef,36+_hr_Beef_0104.jpg,train/36+ hr Beef/36+_hr_Beef_0104.jpg,592761,ec842480b9cc245fd9797eca2a883907ed74d510220eb4caa892f3aeadd98347,Beef/36 hr Beef images/2840.jpg|Beef/36 hr Beef images/2841.jpg|Beef/48 hr Beef images/3340.jpg|Beef/48 hr Beef images/3341.jpg,4
train,36+ hr Beef,36+_hr_Beef_0105.jpg,train/36+ hr Beef/36+_hr_Beef_0105.jpg,566068,d4442bdc1b725d239e5d4081652bb749f2a63fd2667a8e1af203063fdfc4b59d,Beef/36 hr Beef images/2634.jpg|Beef/36 hr Beef images/2635.jpg|Beef/48 hr Beef images/3134.jpg|Beef/48 hr Beef images/3135.jpg,4
train,36+ hr Beef,36+_hr_Beef_0106.jpg,train/36+ hr Beef/36+_hr_Beef_0106.jpg,589820,9b59cd83512f7dbdc04bcae9bc7b1f497c34dc867976d247ad2afd932ff56955,Beef/36 hr Beef images/2700.jpg|Beef/36 hr Beef images/2701.jpg|Beef/48 hr Beef images/3200.jpg|Beef/48 hr Beef images/3201.jpg,4
train,36+ hr Beef,36+_hr_Beef_0107.jpg,train/36+ hr Beef/36+_hr_Beef_0107.jpg,507406,6fb168c882be39d110d37b0b06be1ed9432eb0738aef65cdb803892a663af322,Beef/36 hr Beef images/2870.jpg|Beef/36 hr Beef images/2871.jpg|Beef/48 hr Beef images/3370.jpg|Beef/48 hr Beef images/3371.jpg,4
train,36+ hr Beef,36+_hr_Beef_0108.jpg,train/36+ hr Beef/36+_hr_Beef_0108.jpg,530220,06c47cd5e57a106f2281145e723adc980ee08f16d74e20d1ea33584d5472fb45,Beef/36 hr Beef images/2864.jpg|Beef/36 hr Beef images/2865.jpg|Beef/48 hr Beef images/3364.jpg|Beef/48 hr Beef images/3365.jpg,4
train,36+ hr Beef,36+_hr_Beef_0109.jpg,train/36+ hr Beef/36+_hr_Beef_0109.jpg,542489,5c41acafeac9183c9d1ce5a8c903921731a9bb5cc64663a0f7f75f0fce1012df,Beef/36 hr Beef images/2764.jpg|Beef/36 hr Beef images/2765.jpg|Beef/48 hr Beef images/3264.jpg|Beef/48 hr Beef images/3265.jpg,4
train,36+ hr Beef,36+_hr_Beef_0110.jpg,train/36+ hr Beef/36+_hr_Beef_0110.jpg,595183,77db01af5ca8b80c28a6e6f0148bf40fef4b4514bc269583a1a6ab76a8aba1d2,Beef/36 hr Beef images/2944.jpg|Beef/36 hr Beef images/2945.jpg|Beef/48 hr Beef images/3444.jpg|Beef/48 hr Beef images/3445.jpg,4
train,36+ hr Beef,36+_hr_Beef_0111.jpg,train/36+ hr Beef/36+_hr_Beef_0111.jpg,513707,ad8c42b5282b786135363ddc6edf2b58e98832948da812cdd35a1fd0968e74bd,Beef/36 hr Beef images/2808.jpg|Beef/36 hr Beef images/2809.jpg|Beef/48 hr Beef images/3308.jpg|Beef/48 hr Beef images/3309.jpg,4
train,36+ hr Beef,36+_hr_Beef_0112.jpg,train/36+ hr Beef/36+_hr_Beef_0112.jpg,581786,ecfe910ce077adb86960a9d90c63fba51fed326f52fc1ea0eaaf6656f1e65b8b,Beef/36 hr Beef images/2854.jpg|Beef/36 hr Beef images/2855.jpg|Beef/48 hr Beef images/3354.jpg|Beef/48 hr Beef images/3355.jpg,4
train,36+ hr Beef,36+_hr_Beef_0113.jpg,train/36+ hr Beef/36+_hr_Beef_0113.jpg,552726,c9f99e8dc1fec283bac640d583eebdce085e92a9fc48923cb0470c7be09cba9b,Beef/36 hr Beef images/2768.jpg|Beef/36 hr Beef images/2769.jpg|Beef/48 hr Beef images/3268.jpg|Beef/48 hr Beef images/3269.jpg,4
train,36+ hr Beef,36+_hr_Beef_0114.jpg,train/36+ hr Beef/36+_hr_Beef_0114.jpg,678815,d514944ae1d6fcb3e8d9295d180cb29378d25a8cd198261a3ae04019af8844dd,Beef/36 hr Beef images/2502.jpg|Beef/36 hr Beef images/2503.jpg|Beef/48 hr Beef images/3002.jpg|Beef/48 hr Beef images/3003.jpg,4
train,36+ hr Beef,36+_hr_Beef_0115.jpg,train/36+ hr Beef/36+_hr_Beef_0115.jpg,516838,97cd52d1a0dbf91d528ff2af200e8f02897d8beac99b54eb6ded0679a7f27184,Beef/36 hr Beef images/2530.jpg|Beef/36 hr Beef images/2531.jpg|Beef/48 hr Beef images/3030.jpg|Beef/48 hr Beef images/3031.jpg,4
train,36+ hr Beef,36+_hr_Beef_0116.jpg,train/36+ hr Beef/36+_hr_Beef_0116.jpg,562848,15f9195d40afaa3330e89f28adbd7e0dd205bfd47d6a07652885f430d8f44d25,Beef/36 hr Beef images/2756.jpg|Beef/36 hr Beef images/2757.jpg|Beef/48 hr Beef images/3256.jpg|Beef/48 hr Beef images/3257.jpg,4
train,36+ hr Beef,36+_hr_Beef_0117.jpg,train/36+ hr Beef/36+_hr_Beef_0117.jpg,546607,d7ac948b1b84f132520101b548ca55feb89db3ab8ad351b472923484803a3894,Beef/36 hr Beef images/2928.jpg|Beef/36 hr Beef images/2929.jpg|Beef/48 hr Beef images/3428.jpg|Beef/48 hr Beef images/3429.jpg,4
train,36+ hr Beef,36+_hr_Beef_0118.jpg,train/36+ hr Beef/36+_hr_Beef_0118.jpg,490593,10e71c7dd4965ca4ed6b518891273d8fcb256f62bc8bb5233c1704785258c255,Beef/36 hr Beef images/2574.jpg|Beef/36 hr Beef images/2575.jpg|Beef/48 hr Beef images/3074.jpg|Beef/48 hr Beef images/3075.jpg,4
train,36+ hr Beef,36+_hr_Beef_0119.jpg,train/36+ hr Beef/36+_hr_Beef_0119.jpg,607796,7c7c11fc526fbd230ae104707a6c0897d54be108835fb8c88581d44468ccbd14,Beef/36 hr Beef images/2724.jpg|Beef/36 hr Beef images/2725.jpg|Beef/48 hr Beef images/3224.jpg|Beef/48 hr Beef images/3225.jpg,4
train,36+ hr Beef,36+_hr_Beef_0120.jpg,train/36+ hr Beef/36+_hr_Beef_0120.jpg,538112,c3b170fe5bacd46ee5db0858eb2fe2ce3497742856de695b71e793633c8a7dcc,Beef/36 hr Beef images/2608.jpg|Beef/36 hr Beef images/2609.jpg|Beef/48 hr Beef images/3108.jpg|Beef/48 hr Beef images/3109.jpg,4
train,36+ hr Beef,36+_hr_Beef_0121.jpg,train/36+ hr Beef/36+_hr_Beef_0121.jpg,537665,d5e5a9644461dda731851d6ddec8fe048e56d6371ec616e11a7839e9e72cc16c,Beef/36 hr Beef images/2832.jpg|Beef/36 hr Beef images/2833.jpg|Beef/48 hr Beef images/3332.jpg|Beef/48 hr Beef images/3333.jpg,4
train,36+ hr Beef,36+_hr_Beef_0122.jpg,train/36+ hr Beef/36+_hr_Beef_0122.jpg,480990,ac59b0133600bfa2e9f0422e331d7611cc9231ad06ddd881f0f5c5a276713df9,Beef/36 hr Beef images/2776.jpg|Beef/36 hr Beef images/2777.jpg|Beef/48 hr Beef images/3276.jpg|Beef/48 hr Beef images/3277.jpg,4
train,36+ hr Beef,36+_hr_Beef_0123.jpg,train/36+ hr Beef/36+_hr_Beef_0123.jpg,513729,beb990c326cd892e7b0c877290c312ed3b73ce257cf979b9d14beabc34562664,Beef/36 hr Beef images/2632.jpg|Beef/36 hr Beef images/2633.jpg|Beef/48 hr Beef images/3132.jpg|Beef/48 hr Beef images/3133.jpg,4
train,36+ hr Beef,36+_hr_Beef_0124.jpg,train/36+ hr Beef/36+_hr_Beef_0124.jpg,578126,2983f9b3c374c008c78af0871942b8cbb0de18cc3619244bba9a3ef3b9ad4421,Beef/36 hr Beef images/2548.jpg|Beef/36 hr Beef images/2549.jpg|Beef/48 hr Beef images/3048.jpg|Beef/48 hr Beef images/3049.jpg,4
train,36+ hr Beef,36+_hr_Beef_0125.jpg,train/36+ hr Beef/36+_hr_Beef_0125.jpg,514520,94b7d7e5a5bd02776ee560f3da2e14e6f866223ca8b3da7c2b6d0799c6d56e2c,Beef/36 hr Beef images/2948.jpg|Beef/36 hr Beef images/2949.jpg|Beef/48 hr Beef images/3448.jpg|Beef/48 hr Beef images/3449.jpg,4
train,36+ hr Beef,36+_hr_Beef_0126.jpg,train/36+ hr Beef/36+_hr_Beef_0126.jpg,568558,c6cedcc1358140e1c1396ed6262200d21c1e9df692eaf8930fdc91a7ef2220ca,Beef/36 hr Beef images/2846.jpg|Beef/36 hr Beef images/2847.jpg|Beef/48 hr Beef images/3346.jpg|Beef/48 hr Beef images/3347.jpg,4
train,36+ hr Beef,36+_hr_Beef_0127.jpg,train/36+ hr Beef/36+_hr_Beef_0127.jpg,563699,62ffc17f6042ccc2079268ba4409f005c6701d4568a43f2b7eba9d02e7237aed,Beef/36 hr Beef images/2584.jpg|Beef/36 hr Beef images/2585.jpg|Beef/48 hr Beef images/3084.jpg|Beef/48 hr Beef images/3085.jpg,4
train,36+ hr Beef,36+_hr_Beef_0128.jpg,train/36+ hr Beef/36+_hr_Beef_0128.jpg,532161,bc55296bf92cb9727c0fc4f6e8242b36926689872f849140292f00c3de0d3c09,Beef/36 hr Beef images/2598.jpg|Beef/36 hr Beef images/2599.jpg|Beef/48 hr Beef images/3098.jpg|Beef/48 hr Beef images/3099.jpg,4
train,36+ hr Beef,36+_hr_Beef_0129.jpg,train/36+ hr Beef/36+_hr_Beef_0129.jpg,559555,cb76039f3e5ce640f2991f6b9ff2433b1875f6d87129984bf17992fba179c15a,Beef/36 hr Beef images/2826.jpg|Beef/36 hr Beef images/2827.jpg|Beef/48 hr Beef images/3326.jpg|Beef/48 hr Beef images/3327.jpg,4
train,36+ hr Beef,36+_hr_Beef_0130.jpg,train/36+ hr Beef/36+_hr_Beef_0130.jpg,605054,5a4b27b9d3354b19000f894d4c777488a7545080c8da60ed8686d5044ad94b5a,Beef/36 hr Beef images/2666.jpg|Beef/36 hr Beef images/2667.jpg|Beef/48 hr Beef images/3166.jpg|Beef/48 hr Beef images/3167.jpg,4
train,36+ hr Beef,36+_hr_Beef_0131.jpg,train/36+ hr Beef/36+_hr_Beef_0131.jpg,464395,b300d8be315399e2d999f053ba41fa399f1e8dba3568ff7573744f236c79f43b,Beef/36 hr Beef images/2600.jpg|Beef/36 hr Beef images/2601.jpg|Beef/48 hr Beef images/3100.jpg|Beef/48 hr Beef images/3101.jpg,4
train,36+ hr Beef,36+_hr_Beef_0132.jpg,train/36+ hr Beef/36+_hr_Beef_0132.jpg,548971,a441cb6e33d260d2f7f09b0635832cad2fc7853563e5f482f0e5b241f72a6670,Beef/36 hr Beef images/2810.jpg|Beef/36 hr Beef images/2811.jpg|Beef/48 hr Beef images/3310.jpg|Beef/48 hr Beef images/3311.jpg,4
train,36+ hr Beef,36+_hr_Beef_0133.jpg,train/36+ hr Beef/36+_hr_Beef_0133.jpg,556713,575b1e49bd7beb98b0a19d55414596d76421830e3acec1a031b1762c59a81df6,Beef/36 hr Beef images/2796.jpg|Beef/36 hr Beef images/2797.jpg|Beef/48 hr Beef images/3296.jpg|Beef/48 hr Beef images/3297.jpg,4
train,36+ hr Beef,36+_hr_Beef_0134.jpg,train/36+ hr Beef/36+_hr_Beef_0134.jpg,574347,331fb702ea2cedf1a25acc541c9777d654498fa876696d8021dc2ec1ad0d0134,Beef/36 hr Beef images/2694.jpg|Beef/36 hr Beef images/2695.jpg|Beef/48 hr Beef images/3194.jpg|Beef/48 hr Beef images/3195.jpg,4
train,36+ hr Beef,36+_hr_Beef_0135.jpg,train/36+ hr Beef/36+_hr_Beef_0135.jpg,561938,d983dd41a10dff3e0ac3e6959b819924e356acbbadb5db1635a1bdc518d726ff,Beef/36 hr Beef images/2678.jpg|Beef/36 hr Beef images/2679.jpg|Beef/48 hr Beef images/3178.jpg|Beef/48 hr Beef images/3179.jpg,4
train,36+ hr Beef,36+_hr_Beef_0136.jpg,train/36+ hr Beef/36+_hr_Beef_0136.jpg,529810,574968222fa52cf4333c4634df277ed6a9409e3df7d82d5440151bee7f7ac773,Beef/36 hr Beef images/2626.jpg|Beef/36 hr Beef images/2627.jpg|Beef/48 hr Beef images/3126.jpg|Beef/48 hr Beef images/3127.jpg,4
train,36+ hr Beef,36+_hr_Beef_0137.jpg,train/36+ hr Beef/36+_hr_Beef_0137.jpg,547308,e2730eeacc9a145303e8014882e3bf58d7e40f442f1d0a4c01725c8b80e993bc,Beef/36 hr Beef images/2692.jpg|Beef/36 hr Beef images/2693.jpg|Beef/48 hr Beef images/3192.jpg|Beef/48 hr Beef images/3193.jpg,4
train,36+ hr Beef,36+_hr_Beef_0138.jpg,train/36+ hr Beef/36+_hr_Beef_0138.jpg,580265,d63663bffef5b6389d5fa21d2fdc097a71333db8e09e5f9c905e94bbc857924e,Beef/36 hr Beef images/2732.jpg|Beef/36 hr Beef images/2733.jpg|Beef/48 hr Beef images/3232.jpg|Beef/48 hr Beef images/3233.jpg,4
train,36+ hr Beef,36+_hr_Beef_0139.jpg,train/36+ hr Beef/36+_hr_Beef_0139.jpg,554434,e504dddcf6c9f7e6f0bcc36b910f601cb93f3121a2169daca4ac79987cfa5f58,Beef/36 hr Beef images/2926.jpg|Beef/36 hr Beef images/2927.jpg|Beef/48 hr Beef images/3426.jpg|Beef/48 hr Beef images/3427.jpg,4
train,36+ hr Beef,36+_hr_Beef_0140.jpg,train/36+ hr Beef/36+_hr_Beef_0140.jpg,562991,9919fb87049c05495c43f2a9c570b5c3ad4e4481c7f5d7d44984119e447c6e58,Beef/36 hr Beef images/2862.jpg|Beef/36 hr Beef images/2863.jpg|Beef/48 hr Beef images/3362.jpg|Beef/48 hr Beef images/3363.jpg,4
train,36+ hr Beef,36+_hr_Beef_0141.jpg,train/36+ hr Beef/36+_hr_Beef_0141.jpg,561246,557e57110cf174b712af806c3a14c08fc955fb90b3376e743ac76c46bd75eb30,Beef/36 hr Beef images/2506.jpg|Beef/36 hr Beef images/2507.jpg|Beef/48 hr Beef images/3006.jpg|Beef/48 hr Beef images/3007.jpg,4
train,36+ hr Beef,36+_hr_Beef_0142.jpg,train/36+ hr Beef/36+_hr_Beef_0142.jpg,565888,21ee7c202541a030506cad5a7828134b5b7f6e8f3bc7c5dec099e838ea1d936c,Beef/36 hr Beef images/2896.jpg|Beef/36 hr Beef images/2897.jpg|Beef/48 hr Beef images/3396.jpg|Beef/48 hr Beef images/3397.jpg,4
train,36+ hr Beef,36+_hr_Beef_0143.jpg,train/36+ hr Beef/36+_hr_Beef_0143.jpg,495001,ec4220eb80645fc0dbcd2fc848fe6b71d42b39b298d2c3c9113b2e884e38f802,Beef/36 hr Beef images/2534.jpg|Beef/36 hr Beef images/2535.jpg|Beef/48 hr Beef images/3034.jpg|Beef/48 hr Beef images/3035.jpg,4
train,36+ hr Beef,36+_hr_Beef_0144.jpg,train/36+ hr Beef/36+_hr_Beef_0144.jpg,604642,7f3ae2c5f6c06a3d1513e2b591d5ff782d6d1a330f7cbaba8dcfce89dcdbab80,Beef/36 hr Beef images/2706.jpg|Beef/36 hr Beef images/2707.jpg|Beef/48 hr Beef images/3206.jpg|Beef/48 hr Beef images/3207.jpg,4
train,36+ hr Beef,36+_hr_Beef_0145.jpg,train/36+ hr Beef/36+_hr_Beef_0145.jpg,517029,66bd21efe73e526bcdb8d786be38d4b571b696999c17fa807a37e42dde79c8e7,Beef/36 hr Beef images/2782.jpg|Beef/36 hr Beef images/2783.jpg|Beef/48 hr Beef images/3282.jpg|Beef/48 hr Beef images/3283.jpg,4
train,36+ hr Beef,36+_hr_Beef_0146.jpg,train/36+ hr Beef/36+_hr_Beef_0146.jpg,562891,b9f2c301886f98931e12a57553f8f2bcf52e36f170807f75c63e4e427ce94c40,Beef/36 hr Beef images/2804.jpg|Beef/36 hr Beef images/2805.jpg|Beef/48 hr Beef images/3304.jpg|Beef/48 hr Beef images/3305.jpg,4
train,36+ hr Beef,36+_hr_Beef_0147.jpg,train/36+ hr Beef/36+_hr_Beef_0147.jpg,553823,64b0d6560bed1430cf42c82ec0c510298ab698b2586adfe4004445dda03bd0c1,Beef/36 hr Beef images/2552.jpg|Beef/36 hr Beef images/2553.jpg|Beef/48 hr Beef images/3052.jpg|Beef/48 hr Beef images/3053.jpg,4
train,36+ hr Beef,36+_hr_Beef_0148.jpg,train/36+ hr Beef/36+_hr_Beef_0148.jpg,516160,17fb4ec64e6f9fdeed0f276ca0ff8e392ead8798539e5b5b1684c3f9d0d69c28,Beef/36 hr Beef images/2880.jpg|Beef/36 hr Beef images/2881.jpg|Beef/48 hr Beef images/3380.jpg|Beef/48 hr Beef images/3381.jpg,4
train,36+ hr Beef,36+_hr_Beef_0149.jpg,train/36+ hr Beef/36+_hr_Beef_0149.jpg,557115,55aa0025dfec185cefcd08cdd27d4f4ce4edb5714a116862eb1572a879189743,Beef/36 hr Beef images/2580.jpg|Beef/36 hr Beef images/2581.jpg|Beef/48 hr Beef images/3080.jpg|Beef/48 hr Beef images/3081.jpg,4
train,36+ hr Beef,36+_hr_Beef_0150.jpg,train/36+ hr Beef/36+_hr_Beef_0150.jpg,543131,92e999956ce9300fb16cfc331d54df8dc830d7478b99d06d9397d9763a7c3158,Beef/36 hr Beef images/2744.jpg|Beef/36 hr Beef images/2745.jpg|Beef/48 hr Beef images/3244.jpg|Beef/48 hr Beef images/3245.jpg,4
train,36+ hr Beef,36+_hr_Beef_0151.jpg,train/36+ hr Beef/36+_hr_Beef_0151.jpg,598222,977258aace5f13e8543997be9158d1b901373060d23a0b030d5aff6ec73153a3,Beef/36 hr Beef images/2722.jpg|Beef/36 hr Beef images/2723.jpg|Beef/48 hr Beef images/3222.jpg|Beef/48 hr Beef images/3223.jpg,4
train,36+ hr Beef,36+_hr_Beef_0152.jpg,train/36+ hr Beef/36+_hr_Beef_0152.jpg,636294,1fe196d38c82f4fe79c1b53e5fc74f8d8d4e63b7ad40678dff0adba32190a4cb,Beef/36 hr Beef images/2662.jpg|Beef/36 hr Beef images/2663.jpg|Beef/48 hr Beef images/3162.jpg|Beef/48 hr Beef images/3163.jpg,4
train,36+ hr Beef,36+_hr_Beef_0153.jpg,train/36+ hr Beef/36+_hr_Beef_0153.jpg,512935,3d050cff26aeecb86099907a0df3383d4389f7faba5f23890d8d5ee37426cbda,Beef/36 hr Beef images/2686.jpg|Beef/36 hr Beef images/2687.jpg|Beef/48 hr Beef images/3186.jpg|Beef/48 hr Beef images/3187.jpg,4
train,36+ hr Beef,36+_hr_Beef_0154.jpg,train/36+ hr Beef/36+_hr_Beef_0154.jpg,583722,317a7189b50b1d70a9cd06446c78444328e8776372ae8827bfbb1c8f59ae67b8,Beef/36 hr Beef images/2852.jpg|Beef/36 hr Beef images/2853.jpg|Beef/48 hr Beef images/3352.jpg|Beef/48 hr Beef images/3353.jpg,4
train,36+ hr Beef,36+_hr_Beef_0155.jpg,train/36+ hr Beef/36+_hr_Beef_0155.jpg,540812,00ece1b6a09c49b49b2df62ce41a2b52d008640b9ae171537e952687dba1c092,Beef/36 hr Beef images/2546.jpg|Beef/36 hr Beef images/2547.jpg|Beef/48 hr Beef images/3046.jpg|Beef/48 hr Beef images/3047.jpg,4
train,36+ hr Beef,36+_hr_Beef_0156.jpg,train/36+ hr Beef/36+_hr_Beef_0156.jpg,586530,e0d0d7b4e1d07d86d1122ff5cbe9fdef9c34a6868965e7b8820ada1293a3a68a,Beef/36 hr Beef images/2636.jpg|Beef/36 hr Beef images/2637.jpg|Beef/48 hr Beef images/3136.jpg|Beef/48 hr Beef images/3137.jpg,4
train,36+ hr Mutton,36_hr_Mutton_0000.jpg,train/36+ hr Mutton/36_hr_Mutton_0000.jpg,605273,0b39e45c0b0295df23dc089285852b1e39c3ed2fcbbee1818ac26635e77387f3,Mutton/36 hr Mutton images/5210.jpg|Mutton/36 hr Mutton images/5211.jpg|Mutton/36 hr Mutton images/5212.jpg,3
train,36+ hr Mutton,36_hr_Mutton_0001.jpg,train/36+ hr Mutton/36_hr_Mutton_0001.jpg,590273,73ce0bafffca4e5c9be63a7c06913582453c3e5fe0c0498c1f4d3864eacef2fb,Mutton/36 hr Mutton images/5207.jpg|Mutton/36 hr Mutton images/5208.jpg|Mutton/36 hr Mutton images/5209.jpg,3
train,36+ hr Mutton,36_hr_Mutton_0002.jpg,train/36+ hr Mutton/36_hr_Mutton_0002.jpg,507635,9f11fb3d3939a33f985821fed5466c9c8a2c3db05f54055d1907753e8520d3ab,Mutton/36 hr Mutton images/5303.jpg|Mutton/36 hr Mutton images/5304.jpg|Mutton/36 hr Mutton images/5305.jpg,3
train,36+ hr Mutton,36_hr_Mutton_0003.jpg,train/36+ hr Mutton/36_hr_Mutton_0003.jpg,637055,a25ae455392927c40026a8ba1c71ea755f0964af57ee94bbb752fce5e8049378,Mutton/36 hr Mutton images/5057.jpg|Mutton/36 hr Mutton images/5058.jpg|Mutton/36 hr Mutton images/5059.jpg,3
train,36+ hr Mutton,36_hr_Mutton_0004.jpg,train/36+ hr Mutton/36_hr_Mutton_0004.jpg,556577,bd0f58641949e24f2bee803d8bea441a96e0943b7f4e99fa1dfe4570234e6526,Mutton/36 hr Mutton images/5300.jpg|Mutton/36 hr Mutton images/5301.jpg|Mutton/36 hr Mutton images/5302.jpg,3
train,36+ hr Mutton,36_hr_Mutton_0005.jpg,train/36+ hr Mutton/36_hr_Mutton_0005.jpg,656799,d96f5799f4fb392064d3f85e8d97591fe9ce5036c8824fe10ceb727575e09b08,Mutton/36 hr Mutton images/5027.jpg|Mutton/36 hr Mutton images/5028.jpg|Mutton/36 hr Mutton images/5029.jpg,3
train,36+ hr Mutton,36_hr_Mutton_0006.jpg,train/36+ hr Mutton/36_hr_Mutton_0006.jpg,537233,a8113541f20805be56c32a94bd4a9349b1a178000b2ba8c62d9440a43c5a8776,Mutton/36 hr Mutton images/5003.jpg|Mutton/36 hr Mutton images/5004.jpg|Mutton/36 hr Mutton images/5005.jpg|Mutton/36 hr Mutton images/5444.jpg,4
train,36+ hr Mutton,36_hr_Mutton_0007.jpg,train/36+ hr Mutton/36_hr_Mutton_0007.jpg,608327,fe63a8ff508d589df1f73df71d72e1b10717aabd917c80a5d0e5cdeac5ccad27,Mutton/36 hr Mutton images/5381.jpg|Mutton/36 hr Mutton images/5382.jpg|Mutton/36 hr Mutton images/5383.jpg,3
train,36+ hr Mutton,36_hr_Mutton_0008.jpg,train/36+ hr Mutton/36_hr_Mutton_0008.jpg,606111,cad59463fb48a5aa918495b742b423daa1a4e4ed9f395f66f430e385534678b6,Mutton/36 hr Mutton images/5045.jpg|Mutton/36 hr Mutton images/5046.jpg|Mutton/36 hr Mutton images/5047.jpg,3
train,36+ hr Mutton,36_hr_Mutton_0009.jpg,train/36+ hr Mutton/36_hr_Mutton_0009.jpg,549121,622b2ccb442bcb54a5ce2fa5c93f30d8a3e8dff5a9f0fce42354dec4b1ac7b07,Mutton/36 hr Mutton images/5021.jpg|Mutton/36 hr Mutton images/5022.jpg|Mutton/36 hr Mutton images/5023.jpg,3
train,36+ hr Mutton,36_hr_Mutton_0010.jpg,train/36+ hr Mutton/36_hr_Mutton_0010.jpg,484415,5601eda750e46a1555921c53c81b06eee1d4245cbd42dc033d55fee46a1c696b,Mutton/36 hr Mutton images/5156.jpg|Mutton/36 hr Mutton images/5157.jpg|Mutton/36 hr Mutton images/5158.jpg,3
train,36+ hr Mutton,36_hr_Mutton_0011.jpg,train/36+ hr Mutton/36_hr_Mutton_0011.jpg,547516,8f4dd86a774c9a65dd872e0924aefc0ee31c125c56ac5972daddbbd362420b16,Mutton/36 hr Mutton images/5438.jpg|Mutton/36 hr Mutton images/5439.jpg|Mutton/36 hr Mutton images/5440.jpg,3
train,36+ hr Mutton,36_hr_Mutton_0012.jpg,train/36+ hr Mutton/36_hr_Mutton_0012.jpg,554586,90884d870ea7a1bf6fa232d25bcdb239a7efe1ef665522e9dbd146dd2e43ff40,Mutton/36 hr Mutton images/5120.jpg|Mutton/36 hr Mutton images/5121.jpg|Mutton/36 hr Mutton images/5122.jpg,3
train,36+ hr Mutton,36_hr_Mutton_0013.jpg,train/36+ hr Mutton/36_hr_Mutton_0013.jpg,591839,a89f24c749bb095336b4a7ae7391d416ffc0ba221eb32b293b06b8b4a7b875f9,Mutton/36 hr Mutton images/5360.jpg|Mutton/36 hr Mutton images/5361.jpg|Mutton/36 hr Mutton images/5362.jpg,3
train,36+ hr Mutton,36_hr_Mutton_0014.jpg,train/36+ hr Mutton/36_hr_Mutton_0014.jpg,617505,38501897b0defb1bdd8fdb8567669cca8899510cc0ccd2f81db48b6f3aabd626,Mutton/36 hr Mutton images/5189.jpg|Mutton/36 hr Mutton images/5190.jpg|Mutton/36 hr Mutton images/5191.jpg,3
train,36+ hr Mutton,36_hr_Mutton_0015.jpg,train/36+ hr Mutton/36_hr_Mutton_0015.jpg,511614,34e57d7bfba77c32fa4a00e93c74d8ed55ead67139398f0ee8de90769d49cc7a,Mutton/36 hr Mutton images/5315.jpg|Mutton/36 hr Mutton images/5316.jpg|Mutton/36 hr Mutton images/5317.jpg,3
train,36+ hr Mutton,36_hr_Mutton_0016.jpg,train/36+ hr Mutton/36_hr_Mutton_0016.jpg,546492,80b44ce32681a0abb96d57debedd0e12b19ef75bf7e0b70c46733bc7347d2f6d,Mutton/36 hr Mutton images/5282.jpg|Mutton/36 hr Mutton images/5283.jpg|Mutton/36 hr Mutton images/5284.jpg,3
train,36+ hr Mutton,36_hr_Mutton_0017.jpg,train/36+ hr Mutton/36_hr_Mutton_0017.jpg,508303,2c5a2a9ec77ff114aadf563c29c1f663545c4bb5810a5c7173ddb7304b4d127a,Mutton/36 hr Mutton images/5420.jpg|Mutton/36 hr Mutton images/5421.jpg|Mutton/36 hr Mutton images/5422.jpg,3
train,36+ hr Mutton,36_hr_Mutton_0018.jpg,train/36+ hr Mutton/36_hr_Mutton_0018.jpg,519208,609f7feab5e78eaa0301d0ff8f612deae1f3797f7f0cfba83174045d185012a1,Mutton/36 hr Mutton images/5435.jpg|Mutton/36 hr Mutton images/5436.jpg|Mutton/36 hr Mutton images/5437.jpg,3
train,36+ hr Mutton,36_hr_Mutton_0019.jpg,train/36+ hr Mutton/36_hr_Mutton_0019.jpg,563511,3b4b3f2c4b1c644801a4fcf8d7f940501c63d31b64b56eb1dabc832c7d716c17,Mutton/36 hr Mutton images/5111.jpg|Mutton/36 hr Mutton images/5112.jpg|Mutton/36 hr Mutton images/5113.jpg,3
train,36+ hr Mutton,36_hr_Mutton_0020.jpg,train/36+ hr Mutton/36_hr_Mutton_0020.jpg,590185,9b33b6af1f3a39fc381465bdb58b424183d468d48b551cb21959376dc1030a18,Mutton/36 hr Mutton images/5063.jpg|Mutton/36 hr Mutton images/5064.jpg|Mutton/36 hr Mutton images/5065.jpg,3
train,36+ hr Mutton,36_hr_Mutton_0021.jpg,train/36+ hr Mutton/36_hr_Mutton_0021.jpg,483278,65d9412d2fbb070800577de954a21f34bf1c641898e754970fb0ec9ef16acc64,Mutton/36 hr Mutton images/5321.jpg|Mutton/36 hr Mutton images/5322.jpg|Mutton/36 hr Mutton images/5323.jpg,3
train,36+ hr Mutton,36_hr_Mutton_0022.jpg,train/36+ hr Mutton/36_hr_Mutton_0022.jpg,585316,ca41f4b3e27861f426bf9389b4a5f93fd8ec7c717a04f63befc0b555efd5b3d0,Mutton/36 hr Mutton images/5060.jpg|Mutton/36 hr Mutton images/5061.jpg|Mutton/36 hr Mutton images/5062.jpg,3
train,36+ hr Mutton,36_hr_Mutton_0023.jpg,train/36+ hr Mutton/36_hr_Mutton_0023.jpg,514703,24a13e1fcc692a7a76377bef920410f4b1a144f3ae13f18f7f56ecc4ba12f5a1,Mutton/36 hr Mutton images/5180.jpg|Mutton/36 hr Mutton images/5181.jpg|Mutton/36 hr Mutton images/5182.jpg,3
train,36+ hr Mutton,36_hr_Mutton_0024.jpg,train/36+ hr Mutton/36_hr_Mutton_0024.jpg,534150,dec075f9302dabe6e6ac52b8c36f437986938526dfcaf5d76676828ade01bad6,Mutton/36 hr Mutton images/5363.jpg|Mutton/36 hr Mutton images/5364.jpg|Mutton/36 hr Mutton images/5365.jpg,3
train,36+ hr Mutton,36_hr_Mutton_0025.jpg,train/36+ hr Mutton/36_hr_Mutton_0025.jpg,497667,fba7df45a688b7f9fb72f1b278c11bb9071f7d2d5cdae8fe13b14348adf08ded,Mutton/36 hr Mutton images/5009.jpg|Mutton/36 hr Mutton images/5010.jpg|Mutton/36 hr Mutton images/5011.jpg,3
train,36+ hr Mutton,36_hr_Mutton_0026.jpg,train/36+ hr Mutton/36_hr_Mutton_0026.jpg,606533,c63550bae6ef985ed19b10a28afced22c9ce7d54e88c8b602f49f388b3e6fcda,Mutton/36 hr Mutton images/5309.jpg|Mutton/36 hr Mutton images/5310.jpg|Mutton/36 hr Mutton images/5311.jpg,3
train,36+ hr Mutton,36_hr_Mutton_0027.jpg,train/36+ hr Mutton/36_hr_Mutton_0027.jpg,594021,084c19c3ac32197a174e824d40e9ea22a2d77184912bc2ed98ee92b23420e707,Mutton/36 hr Mutton images/5288.jpg|Mutton/36 hr Mutton images/5289.jpg|Mutton/36 hr Mutton images/5290.jpg,3
train,36+ hr Mutton,36_hr_Mutton_0028.jpg,train/36+ hr Mutton/36_hr_Mutton_0028.jpg,484571,86b39d033f2fbcfde2ad4b3832b1f59acac926241ae235787ac62725809782b7,Mutton/36 hr Mutton images/5081.jpg|Mutton/36 hr Mutton images/5082.jpg|Mutton/36 hr Mutton images/5083.jpg,3
train,36+ hr Mutton,36_hr_Mutton_0029.jpg,train/36+ hr Mutton/36_hr_Mutton_0029.jpg,504896,be2e515c398160b81732b4b6a02064e876aa2b2e5653b56d82aec1fff3c80aef,Mutton/36 hr Mutton images/5183.jpg|Mutton/36 hr Mutton images/5184.jpg|Mutton/36 hr Mutton images/5185.jpg,3
train,36+ hr Mutton,36_hr_Mutton_0030.jpg,train/36+ hr Mutton/36_hr_Mutton_0030.jpg,517912,87d8926a22f6e96cf6c49f33019f413dab9d8cb16dcd18bc070f64bd9fc359c9,Mutton/36 hr Mutton images/5135.jpg|Mutton/36 hr Mutton images/5136.jpg|Mutton/36 hr Mutton images/5137.jpg|Mutton/36 hr Mutton images/5445.jpg,4
train,36+ hr Mutton,36_hr_Mutton_0031.jpg,train/36+ hr Mutton/36_hr_Mutton_0031.jpg,627566,089c58a9861dea225af4801cc28c251aaf294258ce7611c36e1e8b3cab8a5f2f,Mutton/36 hr Mutton images/5213.jpg|Mutton/36 hr Mutton images/5214.jpg|Mutton/36 hr Mutton images/5215.jpg,3
train,36+ hr Mutton,36_hr_Mutton_0032.jpg,train/36+ hr Mutton/36_hr_Mutton_0032.jpg,501241,4de6997b75d1f3d49fcf48d734e095686a54e4c41cb0cdeb4129a99a4f94d33b,Mutton/36 hr Mutton images/5408.jpg|Mutton/36 hr Mutton images/5409.jpg|Mutton/36 hr Mutton images/5410.jpg,3
train,36+ hr Mutton,36_hr_Mutton_0033.jpg,train/36+ hr Mutton/36_hr_Mutton_0033.jpg,460603,65e4bec9d20d5a18d762584b938aff1d605358c7ce0ed935be21670ea5c11c18,Mutton/36 hr Mutton images/5429.jpg|Mutton/36 hr Mutton images/5430.jpg|Mutton/36 hr Mutton images/5431.jpg,3
train,36+ hr Mutton,36_hr_Mutton_0034.jpg,train/36+ hr Mutton/36_hr_Mutton_0034.jpg,555438,a4b150d5b846b9bf15e1c6e74a9ae373e44ed81ed55ea2e780a6ec4e6436aebf,Mutton/36 hr Mutton images/5291.jpg|Mutton/36 hr Mutton images/5292.jpg|Mutton/36 hr Mutton images/5293.jpg,3
train,36+ hr Mutton,36_hr_Mutton_0035.jpg,train/36+ hr Mutton/36_hr_Mutton_0035.jpg,493215,90102d9d525ab44b3bf12d0a270257901ddde1f9c98c575288f96dd5080c38fb,Mutton/36 hr Mutton images/5174.jpg|Mutton/36 hr Mutton images/5175.jpg|Mutton/36 hr Mutton images/5176.jpg,3
train,36+ hr Mutton,36_hr_Mutton_0036.jpg,train/36+ hr Mutton/36_hr_Mutton_0036.jpg,541368,7a55399b410fb04c1698c2237bf3b48513b1fe182fefdf7c1f6aadc9f2c0a6d7,Mutton/36 hr Mutton images/5267.jpg|Mutton/36 hr Mutton images/5268.jpg|Mutton/36 hr Mutton images/5269.jpg,3
train,36+ hr Mutton,36_hr_Mutton_0037.jpg,train/36+ hr Mutton/36_hr_Mutton_0037.jpg,496240,cc66cdd281faab25dbbd967285a2ecb8a5b51ef89adc25579ddb98bd73ab667d,Mutton/36 hr Mutton images/5279.jpg|Mutton/36 hr Mutton images/5280.jpg|Mutton/36 hr Mutton images/5281.jpg|Mutton/36 hr Mutton images/5448.jpg,4
train,36+ hr Mutton,36_hr_Mutton_0038.jpg,train/36+ hr Mutton/36_hr_Mutton_0038.jpg,515300,0183e1f67564668b91e6f86695ebdb5be494cf22a03982c3e348816ba9e0b553,Mutton/36 hr Mutton images/5126.jpg|Mutton/36 hr Mutton images/5127.jpg|Mutton/36 hr Mutton images/5128.jpg,3
train,36+ hr Mutton,36_hr_Mutton_0039.jpg,train/36+ hr Mutton/36_hr_Mutton_0039.jpg,521966,af5ab40ac3ea050a145db8b62a2769ed0c3d64547e053cb1b9ea81b8f35e6b2b,Mutton/36 hr Mutton images/5270.jpg|Mutton/36 hr Mutton images/5271.jpg|Mutton/36 hr Mutton images/5272.jpg,3
train,36+ hr Mutton,36_hr_Mutton_0040.jpg,train/36+ hr Mutton/36_hr_Mutton_0040.jpg,516228,d4b02be9271e723f255f68b214fd155070b7eeb936ba9b0f107a090da4a2f38a,Mutton/36 hr Mutton images/5192.jpg|Mutton/36 hr Mutton images/5193.jpg|Mutton/36 hr Mutton images/5194.jpg,3
train,36+ hr Mutton,36_hr_Mutton_0041.jpg,train/36+ hr Mutton/36_hr_Mutton_0041.jpg,566159,42466064940a78f20792dc1f3124ca3a27f7d90aae46a6db0cbd4a4d5b5f661b,Mutton/36 hr Mutton images/5042.jpg|Mutton/36 hr Mutton images/5043.jpg|Mutton/36 hr Mutton images/5044.jpg,3
train,36+ hr Mutton,36_hr_Mutton_0042.jpg,train/36+ hr Mutton/36_hr_Mutton_0042.jpg,518494,f997c45290fb9cec7bd235e07d92fb89d27887d00d2f2bcd7bebf375a698952f,Mutton/36 hr Mutton images/5105.jpg|Mutton/36 hr Mutton images/5106.jpg|Mutton/36 hr Mutton images/5107.jpg,3
train,36+ hr Mutton,36_hr_Mutton_0043.jpg,train/36+ hr Mutton/36_hr_Mutton_0043.jpg,545290,71b907fdfb6008f1c74f6d02bfe6fc30c7bb18bb5dab790f6ed5a6efd6100a9b,Mutton/36 hr Mutton images/5426.jpg|Mutton/36 hr Mutton images/5427.jpg|Mutton/36 hr Mutton images/5428.jpg,3
train,36+ hr Mutton,36_hr_Mutton_0044.jpg,train/36+ hr Mutton/36_hr_Mutton_0044.jpg,538819,e9b89d82b279046acc4f2bc15e84d73a5e16fa6a775b68e496479af90653c02d,Mutton/36 hr Mutton images/5114.jpg|Mutton/36 hr Mutton images/5115.jpg|Mutton/36 hr Mutton images/5116.jpg,3
train,36+ hr Mutton,36_hr_Mutton_0045.jpg,train/36+ hr Mutton/36_hr_Mutton_0045.jpg,599137,4a6ffac880294d8198dbce98d0fe22ab8a6828f7b26df2a599ea0bef529d10a4,Mutton/36 hr Mutton images/5351.jpg|Mutton/36 hr Mutton images/5352.jpg|Mutton/36 hr Mutton images/5353.jpg,3
train,36+ hr Mutton,36_hr_Mutton_0046.jpg,train/36+ hr Mutton/36_hr_Mutton_0046.jpg,595286,619ca73c0951089da462fc40b3f11079944b6ed7928f0b4acfcb6e07a725f106,Mutton/36 hr Mutton images/5084.jpg|Mutton/36 hr Mutton images/5085.jpg|Mutton/36 hr Mutton images/5086.jpg,3
train,36+ hr Mutton,36_hr_Mutton_0047.jpg,train/36+ hr Mutton/36_hr_Mutton_0047.jpg,488467,11b9d12eb4e96e8e4d9c0f86f95f48a4931308186e36930715a84a3da219f5cc,Mutton/36 hr Mutton images/5147.jpg|Mutton/36 hr Mutton images/5148.jpg|Mutton/36 hr Mutton images/5149.jpg,3
train,36+ hr Mutton,36_hr_Mutton_0048.jpg,train/36+ hr Mutton/36_hr_Mutton_0048.jpg,559736,fb94b05732053a52aff9808ce5154f087e651090acd35619c8b0f0d2ee4c9177,Mutton/36 hr Mutton images/5273.jpg|Mutton/36 hr Mutton images/5274.jpg|Mutton/36 hr Mutton images/5275.jpg,3
train,36+ hr Mutton,36_hr_Mutton_0049.jpg,train/36+ hr Mutton/36_hr_Mutton_0049.jpg,520207,93c75369de5681a5b50798c0a985ba87623c87aa93900cb5d70506d5c86f0fa9,Mutton/36 hr Mutton images/5369.jpg|Mutton/36 hr Mutton images/5370.jpg|Mutton/36 hr Mutton images/5371.jpg,3
train,36+ hr Mutton,36_hr_Mutton_0050.jpg,train/36+ hr Mutton/36_hr_Mutton_0050.jpg,435173,f8433bdb253fe291bc054d060e285244de065e557bfe10147343668491b2cd3b,Mutton/36 hr Mutton images/5390.jpg|Mutton/36 hr Mutton images/5391.jpg|Mutton/36 hr Mutton images/5392.jpg,3
train,36+ hr Mutton,36_hr_Mutton_0051.jpg,train/36+ hr Mutton/36_hr_Mutton_0051.jpg,605830,e1a73219a9bcb2f1d1d24b41dd94d42362dd40d62aaf1c042e22a17fc3069a81,Mutton/36 hr Mutton images/5354.jpg|Mutton/36 hr Mutton images/5355.jpg|Mutton/36 hr Mutton images/5356.jpg,3
train,36+ hr Mutton,36_hr_Mutton_0052.jpg,train/36+ hr Mutton/36_hr_Mutton_0052.jpg,602206,cd7b84ed332123e3d2ced0532cd849477ef33f2b975fcb76e4fab76f777aa0a9,Mutton/36 hr Mutton images/5000.jpg|Mutton/36 hr Mutton images/5001.jpg|Mutton/36 hr Mutton images/5002.jpg,3
train,36+ hr Mutton,36_hr_Mutton_0053.jpg,train/36+ hr Mutton/36_hr_Mutton_0053.jpg,512141,3459b7677138c7886d1070409d5dd9f656fd363547b39791046df572393efe42,Mutton/36 hr Mutton images/5168.jpg|Mutton/36 hr Mutton images/5169.jpg|Mutton/36 hr Mutton images/5170.jpg,3
train,36+ hr Mutton,36_hr_Mutton_0054.jpg,train/36+ hr Mutton/36_hr_Mutton_0054.jpg,559445,65d6d6f03d5fe8ee414538142c86083b7c9394e5433edd246a18692b9ea5e1de,Mutton/36 hr Mutton images/5039.jpg|Mutton/36 hr Mutton images/5040.jpg|Mutton/36 hr Mutton images/5041.jpg,3
train,36+ hr Mutton,36_hr_Mutton_0055.jpg,train/36+ hr Mutton/36_hr_Mutton_0055.jpg,564716,4fcce1e3648f3b55dcf329514bf8723b14ae0106fabcb9ae59019efc56bf5e29,Mutton/36 hr Mutton images/5069.jpg|Mutton/36 hr Mutton images/5070.jpg|Mutton/36 hr Mutton images/5071.jpg,3
train,36+ hr Mutton,36_hr_Mutton_0056.jpg,train/36+ hr Mutton/36_hr_Mutton_0056.jpg,508516,300e6c04af4f875ec5bd02f6a24018161d1d798652dd15c7f7e68d25b0a1c227,Mutton/36 hr Mutton images/5423.jpg|Mutton/36 hr Mutton images/5424.jpg|Mutton/36 hr Mutton images/5425.jpg,3
train,36+ hr Mutton,36_hr_Mutton_0057.jpg,train/36+ hr Mutton/36_hr_Mutton_0057.jpg,526202,eed584146904a81d7254715ed6cf3fdfa5f2f33927bc258b3b84469aca00fa10,Mutton/36 hr Mutton images/5366.jpg|Mutton/36 hr Mutton images/5367.jpg|Mutton/36 hr Mutton images/5368.jpg,3
train,36+ hr Mutton,36_hr_Mutton_0058.jpg,train/36+ hr Mutton/36_hr_Mutton_0058.jpg,601091,8b38e7c3e484357e93bf3ec3f02f52cae0fd16cce2edb37aaf38586377c96441,Mutton/36 hr Mutton images/5243.jpg|Mutton/36 hr Mutton images/5244.jpg|Mutton/36 hr Mutton images/5245.jpg,3
train,36+ hr Mutton,36_hr_Mutton_0059.jpg,train/36+ hr Mutton/36_hr_Mutton_0059.jpg,571705,0b5e98386312145c7ed6c3f70dda043e0760853fc775dec6231718076519d251,Mutton/36 hr Mutton images/5285.jpg|Mutton/36 hr Mutton images/5286.jpg|Mutton/36 hr Mutton images/5287.jpg,3
train,36+ hr Mutton,36_hr_Mutton_0060.jpg,train/36+ hr Mutton/36_hr_Mutton_0060.jpg,489770,dd101d5440eef854bae67d9795385de7ff04484139e0d2f000a8dc6e65c367cd,Mutton/36 hr Mutton images/5012.jpg|Mutton/36 hr Mutton images/5013.jpg|Mutton/36 hr Mutton images/5014.jpg,3
train,36+ hr Mutton,36_hr_Mutton_0061.jpg,train/36+ hr Mutton/36_hr_Mutton_0061.jpg,599927,335e7a356a639dc25734e07b1089a021f61ad30c702faf954e658ce7031a26f5,Mutton/36 hr Mutton images/5339.jpg|Mutton/36 hr Mutton images/5340.jpg|Mutton/36 hr Mutton images/5341.jpg,3
train,36+ hr Mutton,36_hr_Mutton_0062.jpg,train/36+ hr Mutton/36_hr_Mutton_0062.jpg,594869,073bb186fceb09ec72c64f36b5c52be5f4f2b0ea0a0808dcc3de2df3b4c01f9a,Mutton/36 hr Mutton images/5087.jpg|Mutton/36 hr Mutton images/5088.jpg|Mutton/36 hr Mutton images/5089.jpg,3
train,36+ hr Mutton,36_hr_Mutton_0063.jpg,train/36+ hr Mutton/36_hr_Mutton_0063.jpg,624224,ce29ddc9bcd4843d97bead81ae46655e08ff96fff54eb8c43d0177cff7f64927,Mutton/36 hr Mutton images/5090.jpg|Mutton/36 hr Mutton images/5091.jpg|Mutton/36 hr Mutton images/5092.jpg,3
train,36+ hr Mutton,36_hr_Mutton_0064.jpg,train/36+ hr Mutton/36_hr_Mutton_0064.jpg,649457,23b3e493966d5ef728fb94914a27eb4cea83cb69f3a28e6e1745ab1ac0327524,Mutton/36 hr Mutton images/5204.jpg|Mutton/36 hr Mutton images/5205.jpg|Mutton/36 hr Mutton images/5206.jpg,3
train,36+ hr Mutton,36_hr_Mutton_0065.jpg,train/36+ hr Mutton/36_hr_Mutton_0065.jpg,516020,e90da09a2aece9c9e550c2d4ad7a526706a002fa225e57ae79efac85a989c879,Mutton/36 hr Mutton images/5387.jpg|Mutton/36 hr Mutton images/5388.jpg|Mutton/36 hr Mutton images/5389.jpg,3
train,36+ hr Mutton,36_hr_Mutton_0066.jpg,train/36+ hr Mutton/36_hr_Mutton_0066.jpg,480595,000b525c31809ec921cb2f6ce65a184c63a97fa36770ac0208201ca5a29fa6aa,Mutton/36 hr Mutton images/5318.jpg|Mutton/36 hr Mutton images/5319.jpg|Mutton/36 hr Mutton images/5320.jpg,3
train,36+ hr Mutton,36_hr_Mutton_0067.jpg,train/36+ hr Mutton/36_hr_Mutton_0067.jpg,535283,b56eeb8f3a214db7b8e9a8489cc185e95490df9a7eed7fafe03a0ff4ab919365,Mutton/36 hr Mutton images/5018.jpg|Mutton/36 hr Mutton images/5019.jpg|Mutton/36 hr Mutton images/5020.jpg,3
train,36+ hr Mutton,36_hr_Mutton_0068.jpg,train/36+ hr Mutton/36_hr_Mutton_0068.jpg,517684,2e2afd1896d8f0826e33f6cb7fd2e8deae05132dd1c352da2f7f265381ecabb4,Mutton/36 hr Mutton images/5432.jpg|Mutton/36 hr Mutton images/5433.jpg|Mutton/36 hr Mutton images/5434.jpg,3
train,36+ hr Mutton,36_hr_Mutton_0069.jpg,train/36+ hr Mutton/36_hr_Mutton_0069.jpg,493681,b20e6d419fd12b9b9d99a22774eec9f37e31ab5d46339728d3faad010bb0a2bf,Mutton/36 hr Mutton images/5141.jpg|Mutton/36 hr Mutton images/5142.jpg|Mutton/36 hr Mutton images/5143.jpg,3
train,36+ hr Mutton,36_hr_Mutton_0070.jpg,train/36+ hr Mutton/36_hr_Mutton_0070.jpg,589341,16e11210a4e43c304832f1c263466e888a203ca7aed02568575b8a2fbec8f598,Mutton/36 hr Mutton images/5048.jpg|Mutton/36 hr Mutton images/5049.jpg|Mutton/36 hr Mutton images/5050.jpg,3
train,36+ hr Mutton,36_hr_Mutton_0071.jpg,train/36+ hr Mutton/36_hr_Mutton_0071.jpg,483241,af440d20e4e3b76c546f31913c42eb5e6a1c590e241010537618b26ee632325c,Mutton/36 hr Mutton images/5015.jpg|Mutton/36 hr Mutton images/5016.jpg|Mutton/36 hr Mutton images/5017.jpg,3
train,36+ hr Mutton,36_hr_Mutton_0072.jpg,train/36+ hr Mutton/36_hr_Mutton_0072.jpg,514177,d67167929b963e211e52e0fcd2469d7d7b50570808aa668a88ab04f30423ea04,Mutton/36 hr Mutton images/5036.jpg|Mutton/36 hr Mutton images/5037.jpg|Mutton/36 hr Mutton images/5038.jpg,3
train,36+ hr Mutton,36_hr_Mutton_0073.jpg,train/36+ hr Mutton/36_hr_Mutton_0073.jpg,607276,1c147e1ccbcfccd05f02b028776315febe9d261f3f05f7315ff532d53ecc44ff,Mutton/36 hr Mutton images/5054.jpg|Mutton/36 hr Mutton images/5055.jpg|Mutton/36 hr Mutton images/5056.jpg,3
train,36+ hr Mutton,36_hr_Mutton_0074.jpg,train/36+ hr Mutton/36_hr_Mutton_0074.jpg,514172,4c4625cb918f83eef2ff31fab3eadf3208220c477c16497dc35d240754358a10,Mutton/36 hr Mutton images/5144.jpg|Mutton/36 hr Mutton images/5145.jpg|Mutton/36 hr Mutton images/5146.jpg,3
train,36+ hr Mutton,36_hr_Mutton_0075.jpg,train/36+ hr Mutton/36_hr_Mutton_0075.jpg,549940,e46bd58b9e8692dc95de2421adbdd681c0d9dd301d40901edec019d732b991bc,Mutton/36 hr Mutton images/5216.jpg|Mutton/36 hr Mutton images/5217.jpg|Mutton/36 hr Mutton images/5218.jpg,3
train,36+ hr Mutton,36_hr_Mutton_0076.jpg,train/36+ hr Mutton/36_hr_Mutton_0076.jpg,605420,503aac51878b7e918b0f4821a5f461d06b9b962689e32a647a255c4f02dd1f4c,Mutton/36 hr Mutton images/5294.jpg|Mutton/36 hr Mutton images/5295.jpg|Mutton/36 hr Mutton images/5296.jpg,3
train,36+ hr Mutton,36_hr_Mutton_0077.jpg,train/36+ hr Mutton/36_hr_Mutton_0077.jpg,562021,6b4365d51910addd0c310e47c107e6e506e39233e77b8699df29cc8c6f4c1162,Mutton/36 hr Mutton images/5327.jpg|Mutton/36 hr Mutton images/5328.jpg|Mutton/36 hr Mutton images/5329.jpg,3
train,36+ hr Mutton,36_hr_Mutton_0078.jpg,train/36+ hr Mutton/36_hr_Mutton_0078.jpg,458320,dfc8b43674e98be6267745eaad51984ee39c37f12f421da4c9e05776f078ff5a,Mutton/36 hr Mutton images/5417.jpg|Mutton/36 hr Mutton images/5418.jpg|Mutton/36 hr Mutton images/5419.jpg,3
train,36+ hr Mutton,36_hr_Mutton_0079.jpg,train/36+ hr Mutton/36_hr_Mutton_0079.jpg,608991,92afe307a17cdc27b88c1fa4898b5e919291a9ba4bc463e8d196a982a1d04f7b,Mutton/36 hr Mutton images/5306.jpg|Mutton/36 hr Mutton images/5307.jpg|Mutton/36 hr Mutton images/5308.jpg,3
train,36+ hr Mutton,36_hr_Mutton_0080.jpg,train/36+ hr Mutton/36_hr_Mutton_0080.jpg,529208,1fa898834bdecc085cdd6f06e8ac6c1798b605209a72d52455cbb5f844dab5a0,Mutton/36 hr Mutton images/5261.jpg|Mutton/36 hr Mutton images/5262.jpg|Mutton/36 hr Mutton images/5263.jpg,3
train,36+ hr Mutton,36_hr_Mutton_0081.jpg,train/36+ hr Mutton/36_hr_Mutton_0081.jpg,554646,bbdc571177bf57f9e0033fa831ab6d94161990a4e867f9fd9f7e5881533d1f02,Mutton/36 hr Mutton images/5108.jpg|Mutton/36 hr Mutton images/5109.jpg|Mutton/36 hr Mutton images/5110.jpg,3
train,36+ hr Mutton,36_hr_Mutton_0082.jpg,train/36+ hr Mutton/36_hr_Mutton_0082.jpg,572414,9bd56e777e271887857f5ef7d5644cb86783fb582f1e61919a55463d57beb6d5,Mutton/36 hr Mutton images/5072.jpg|Mutton/36 hr Mutton images/5073.jpg|Mutton/36 hr Mutton images/5074.jpg,3
train,36+ hr Mutton,36_hr_Mutton_0083.jpg,train/36+ hr Mutton/36_hr_Mutton_0083.jpg,491070,82cc9f18b41481a7ced369f85c1e02682fb0b35bfb92ef9a642646a709925452,Mutton/36 hr Mutton images/5276.jpg|Mutton/36 hr Mutton images/5277.jpg|Mutton/36 hr Mutton images/5278.jpg,3
train,36+ hr Mutton,36_hr_Mutton_0084.jpg,train/36+ hr Mutton/36_hr_Mutton_0084.jpg,596286,f549c9299c7daec1e12bd6c73c1ae77f85389ef51c0b1d74714ad351e9966576,Mutton/36 hr Mutton images/5159.jpg|Mutton/36 hr Mutton images/5160.jpg|Mutton/36 hr Mutton images/5161.jpg,3
train,36+ hr Mutton,36_hr_Mutton_0085.jpg,train/36+ hr Mutton/36_hr_Mutton_0085.jpg,493298,81074f6b3ad4731862e78e0f2128fad00f7eed031f2131c2ffa8a34be7b78512,Mutton/36 hr Mutton images/5177.jpg|Mutton/36 hr Mutton images/5178.jpg|Mutton/36 hr Mutton images/5179.jpg,3
train,36+ hr Mutton,36_hr_Mutton_0086.jpg,train/36+ hr Mutton/36_hr_Mutton_0086.jpg,498665,1ec67afd1818e36059cb5641e1feaedd2ae1c17c4782c615fa37ba2273b6472d,Mutton/36 hr Mutton images/5075.jpg|Mutton/36 hr Mutton images/5076.jpg|Mutton/36 hr Mutton images/5077.jpg,3
train,36+ hr Mutton,36_hr_Mutton_0087.jpg,train/36+ hr Mutton/36_hr_Mutton_0087.jpg,513823,81cbf26de65c574d3ab2200eaf7dfc63b5889d95e3eed7cedd3501d732ac149e,Mutton/36 hr Mutton images/5165.jpg|Mutton/36 hr Mutton images/5166.jpg|Mutton/36 hr Mutton images/5167.jpg,3
train,36+ hr Mutton,36_hr_Mutton_0088.jpg,train/36+ hr Mutton/36_hr_Mutton_0088.jpg,591454,01a2dd8f41a9508ad5228b7030ef1fd1a289a373c767933f68b5b816b7622e5d,Mutton/36 hr Mutton images/5441.jpg|Mutton/36 hr Mutton images/5442.jpg|Mutton/36 hr Mutton images/5443.jpg,3
train,36+ hr Mutton,36_hr_Mutton_0089.jpg,train/36+ hr Mutton/36_hr_Mutton_0089.jpg,475786,78f0a3822ff6c4e06d7c0ed248b806aeb3d0b3abb6d8f740dd3c7ca5374e0b72,Mutton/36 hr Mutton images/5150.jpg|Mutton/36 hr Mutton images/5151.jpg|Mutton/36 hr Mutton images/5152.jpg,3
train,36+ hr Mutton,36_hr_Mutton_0090.jpg,train/36+ hr Mutton/36_hr_Mutton_0090.jpg,479741,64379674c62fadd5c4b9d942faaa17a3ff0bacf42c12006ec13d83c2a02a6aa3,Mutton/36 hr Mutton images/5201.jpg|Mutton/36 hr Mutton images/5202.jpg|Mutton/36 hr Mutton images/5203.jpg|Mutton/36 hr Mutton images/5449.jpg,4
train,36+ hr Mutton,36_hr_Mutton_0091.jpg,train/36+ hr Mutton/36_hr_Mutton_0091.jpg,607520,344d0806d70705c621d3e16051284c99f439f68616bc56da86520dc7012e217d,Mutton/36 hr Mutton images/5378.jpg|Mutton/36 hr Mutton images/5379.jpg|Mutton/36 hr Mutton images/5380.jpg,3
train,36+ hr Mutton,36_hr_Mutton_0092.jpg,train/36+ hr Mutton/36_hr_Mutton_0092.jpg,614912,8c578b17c4e9b883063e9876c4f626a8311ecf486a0168d036511e5e8bba9398,Mutton/36 hr Mutton images/5336.jpg|Mutton/36 hr Mutton images/5337.jpg|Mutton/36 hr Mutton images/5338.jpg,3
train,36+ hr Mutton,36_hr_Mutton_0093.jpg,train/36+ hr Mutton/36_hr_Mutton_0093.jpg,569345,05df665047925ba830918829c6ff002298877a7f3455e074dc3888132ed24bf6,Mutton/36 hr Mutton images/5030.jpg|Mutton/36 hr Mutton images/5031.jpg|Mutton/36 hr Mutton images/5032.jpg,3
train,36+ hr Mutton,36_hr_Mutton_0094.jpg,train/36+ hr Mutton/36_hr_Mutton_0094.jpg,559776,388f0e85a0b6c6e5beeca591102462c87487fd6a44e12adef49f0b5fb928e756,Mutton/36 hr Mutton images/5033.jpg|Mutton/36 hr Mutton images/5034.jpg|Mutton/36 hr Mutton images/5035.jpg,3
train,36+ hr Mutton,36_hr_Mutton_0095.jpg,train/36+ hr Mutton/36_hr_Mutton_0095.jpg,475550,aeb352c3ff937192a1e0e5a4656e7ff83fe2bc7c771b6f67a52d2db74e033d40,Mutton/36 hr Mutton images/5138.jpg|Mutton/36 hr Mutton images/5139.jpg|Mutton/36 hr Mutton images/5140.jpg,3
train,36+ hr Mutton,36_hr_Mutton_0096.jpg,train/36+ hr Mutton/36_hr_Mutton_0096.jpg,461184,39dd825ebbbe75f748ab9685f88271f07fca5ac3d296b86aa2dce4dd1f6ab99b,Mutton/36 hr Mutton images/5393.jpg|Mutton/36 hr Mutton images/5394.jpg|Mutton/36 hr Mutton images/5395.jpg,3
train,36+ hr Mutton,36_hr_Mutton_0097.jpg,train/36+ hr Mutton/36_hr_Mutton_0097.jpg,575574,64bbccfc5431c4875064c42e16e3b580706af044275cb08fba53e3bdb5625993,Mutton/36 hr Mutton images/5237.jpg|Mutton/36 hr Mutton images/5238.jpg|Mutton/36 hr Mutton images/5239.jpg,3
train,36+ hr Mutton,36_hr_Mutton_0098.jpg,train/36+ hr Mutton/36_hr_Mutton_0098.jpg,536754,0bdcd95a993072fca87dd69ad0c4dfe8fd2b7e64ac312ba2fb4da10e87b5c1da,Mutton/36 hr Mutton images/5225.jpg|Mutton/36 hr Mutton images/5226.jpg|Mutton/36 hr Mutton images/5227.jpg,3
train,36+ hr Mutton,36_hr_Mutton_0099.jpg,train/36+ hr Mutton/36_hr_Mutton_0099.jpg,527391,04a4fb727c533562b01e931bd6fc91cbcba5bae90c76b986692cea769349ff8b,Mutton/36 hr Mutton images/5348.jpg|Mutton/36 hr Mutton images/5349.jpg|Mutton/36 hr Mutton images/5350.jpg,3
train,36+ hr Mutton,36_hr_Mutton_0100.jpg,train/36+ hr Mutton/36_hr_Mutton_0100.jpg,524985,dfdd98bb3daf3713d978d129ff6d5d3488e6818e61aabf2c8ad04e4e7449331b,Mutton/36 hr Mutton images/5195.jpg|Mutton/36 hr Mutton images/5196.jpg|Mutton/36 hr Mutton images/5197.jpg,3
train,36+ hr Mutton,36_hr_Mutton_0101.jpg,train/36+ hr Mutton/36_hr_Mutton_0101.jpg,492506,73e56491f789e90a985c42b94228aef2819412f2acea1b728c942f26d1cfbb1c,Mutton/36 hr Mutton images/5399.jpg|Mutton/36 hr Mutton images/5400.jpg|Mutton/36 hr Mutton images/5401.jpg,3
train,36+ hr Mutton,36_hr_Mutton_0102.jpg,train/36+ hr Mutton/36_hr_Mutton_0102.jpg,501996,9bb06a14beedbdf720e4bd97fa387e5159f175b00313824bf9126c45b8a6b9c4,Mutton/36 hr Mutton images/5171.jpg|Mutton/36 hr Mutton images/5172.jpg|Mutton/36 hr Mutton images/5173.jpg,3
train,36+ hr Mutton,48_hr_Mutton_0000.jpg,train/36+ hr Mutton/48_hr_Mutton_0000.jpg,463863,26c391f2dfd0e652e787227510c1da5c87fcb3bc794a843d6c842e65c147fc80,Mutton/48 hr Mutton images/5766.jpg|Mutton/48 hr Mutton images/5767.jpg,2
train,36+ hr Mutton,48_hr_Mutton_0001.jpg,train/36+ hr Mutton/48_hr_Mutton_0001.jpg,473351,6c64fadb16a986344e26944c2798954552cc0c2cf99fa5ea3b8f6223af7de527,Mutton/48 hr Mutton images/5746.jpg|Mutton/48 hr Mutton images/5747.jpg,2
train,36+ hr Mutton,48_hr_Mutton_0002.jpg,train/36+ hr Mutton/48_hr_Mutton_0002.jpg,496062,dd6bb87543f0a73f6cea00dc242e48086b95c98b89b1eaf3926613c60c65c6eb,Mutton/48 hr Mutton images/5514.jpg|Mutton/48 hr Mutton images/5515.jpg,2
train,36+ hr Mutton,48_hr_Mutton_0003.jpg,train/36+ hr Mutton/48_hr_Mutton_0003.jpg,504689,07e2e3113c35f1135c518a994c3c8ccfca35458d8c380f05db26f738601b7086,Mutton/48 hr Mutton images/5612.jpg|Mutton/48 hr Mutton images/5613.jpg,2
train,36+ hr Mutton,48_hr_Mutton_0004.jpg,train/36+ hr Mutton/48_hr_Mutton_0004.jpg,462710,6039f51bc61051d2a5de708230fa361090dbabc207bbc4805e043a8c6caa1949,Mutton/48 hr Mutton images/5580.jpg|Mutton/48 hr Mutton images/5581.jpg,2
train,36+ hr Mutton,48_hr_Mutton_0005.jpg,train/36+ hr Mutton/48_hr_Mutton_0005.jpg,482068,1d86655d1cfb3dcb3dc761a5c9767c9f13917186970e5d811f27b92e962373cb,Mutton/48 hr Mutton images/5520.jpg|Mutton/48 hr Mutton images/5521.jpg,2
train,36+ hr Mutton,48_hr_Mutton_0006.jpg,train/36+ hr Mutton/48_hr_Mutton_0006.jpg,477648,3273053f27ca7413e454af43efe423272c5017833353c397ebea8be80d78af13,Mutton/48 hr Mutton images/5616.jpg|Mutton/48 hr Mutton images/5617.jpg,2
train,36+ hr Mutton,48_hr_Mutton_0007.jpg,train/36+ hr Mutton/48_hr_Mutton_0007.jpg,465726,0eec7b723a693d868c4a7feb17bfb8453128362d0be935cc12ad52ea6c3ee657,Mutton/48 hr Mutton images/5816.jpg|Mutton/48 hr Mutton images/5817.jpg|Mutton/48 hr Mutton images/5931.jpg,3
train,36+ hr Mutton,48_hr_Mutton_0008.jpg,train/36+ hr Mutton/48_hr_Mutton_0008.jpg,567708,f511244baa107949613e457a05882f3b223d27e8e23f003192416c01d20d21a5,Mutton/48 hr Mutton images/5748.jpg|Mutton/48 hr Mutton images/5749.jpg,2
train,36+ hr Mutton,48_hr_Mutton_0009.jpg,train/36+ hr Mutton/48_hr_Mutton_0009.jpg,465116,fd9be119f00e4a613ff4a639fdcacc6a97621618a05a43f6c8b57c35d7a6ad5b,Mutton/48 hr Mutton images/5552.jpg|Mutton/48 hr Mutton images/5553.jpg,2
train,36+ hr Mutton,48_hr_Mutton_0010.jpg,train/36+ hr Mutton/48_hr_Mutton_0010.jpg,499406,cc02669796441d43cb52dc503fcbfdb5d3606bd9dd3703e405a3de0c3cfa8601,Mutton/48 hr Mutton images/5594.jpg|Mutton/48 hr Mutton images/5595.jpg,2
train,36+ hr Mutton,48_hr_Mutton_0011.jpg,train/36+ hr Mutton/48_hr_Mutton_0011.jpg,399935,3ff762cfce6f779d5a26314b96e5939e50c14a388a0fd399ff6d5bb07dba16bd,Mutton/48 hr Mutton images/5630.jpg|Mutton/48 hr Mutton images/5631.jpg,2
train,36+ hr Mutton,48_hr_Mutton_0012.jpg,train/36+ hr Mutton/48_hr_Mutton_0012.jpg,519689,39d5aa32358a891fd0099d521f5fb1c49969c86fd13ac8a964c0234704f76df1,Mutton/48 hr Mutton images/5626.jpg|Mutton/48 hr Mutton images/5627.jpg,2
train,36+ hr Mutton,48_hr_Mutton_0013.jpg,train/36+ hr Mutton/48_hr_Mutton_0013.jpg,453316,c23514473cb1c17f4fd7008bf01d8edfbc3cac171af9d2546f0b22b837c672a3,Mutton/48 hr Mutton images/5740.jpg|Mutton/48 hr Mutton images/5741.jpg,2
train,36+ hr Mutton,48_hr_Mutton_0014.jpg,train/36+ hr Mutton/48_hr_Mutton_0014.jpg,425277,ca44be2cffd0cfb903971bcc0ec770e6217ecb9728ccaf22d2d8d65d6f11a2d1,Mutton/48 hr Mutton images/5838.jpg|Mutton/48 hr Mutton images/5839.jpg,2
train,36+ hr Mutton,48_hr_Mutton_0015.jpg,train/36+ hr Mutton/48_hr_Mutton_0015.jpg,411353,e34a8f932e2c2e2a085284dcea77e8662d539cd97797f467b4f7050b478eb615,Mutton/48 hr Mutton images/5734.jpg|Mutton/48 hr Mutton images/5735.jpg,2
train,36+ hr Mutton,48_hr_Mutton_0016.jpg,train/36+ hr Mutton/48_hr_Mutton_0016.jpg,462489,c1a0fdb850be958ebed04208667e0562696d55918fe6117ea12447995989c2af,Mutton/48 hr Mutton images/5912.jpg|Mutton/48 hr Mutton images/5913.jpg,2
train,36+ hr Mutton,48_hr_Mutton_0017.jpg,train/36+ hr Mutton/48_hr_Mutton_0017.jpg,506087,4593edb7c3635120e0175f0d604ab73c958b23c1bae0c2f459b550ac6303178a,Mutton/48 hr Mutton images/5914.jpg|Mutton/48 hr Mutton images/5915.jpg,2
train,36+ hr Mutton,48_hr_Mutton_0018.jpg,train/36+ hr Mutton/48_hr_Mutton_0018.jpg,474331,ab409bed173edf337c23e8c877b0eebf6e73b6ece5d8601018ce8f65847b5c58,Mutton/48 hr Mutton images/5876.jpg|Mutton/48 hr Mutton images/5877.jpg,2
train,36+ hr Mutton,48_hr_Mutton_0019.jpg,train/36+ hr Mutton/48_hr_Mutton_0019.jpg,595287,6f48ccec08cdd7f7282e48820484d5736fe8e1a096f5610963c6cc12154ae1eb,Mutton/48 hr Mutton images/5508.jpg|Mutton/48 hr Mutton images/5509.jpg,2
train,36+ hr Mutton,48_hr_Mutton_0020.jpg,train/36+ hr Mutton/48_hr_Mutton_0020.jpg,438061,0f941d44c5ed2e740332f8945881fa524723ffeb8f32b55abb0c98aa7db63d28,Mutton/48 hr Mutton images/5858.jpg|Mutton/48 hr Mutton images/5859.jpg,2
train,36+ hr Mutton,48_hr_Mutton_0021.jpg,train/36+ hr Mutton/48_hr_Mutton_0021.jpg,558460,7823620d4181412ba94cfbe9429513a9c0d08c241505499e131ef281daaba1c4,Mutton/48 hr Mutton images/5706.jpg|Mutton/48 hr Mutton images/5707.jpg,2
train,36+ hr Mutton,48_hr_Mutton_0022.jpg,train/36+ hr Mutton/48_hr_Mutton_0022.jpg,463610,1d3cd2037c9455e681ecc5cc273b2dedd4415fb8a33fe1265277ac36e91033c9,Mutton/48 hr Mutton images/5844.jpg|Mutton/48 hr Mutton images/5845.jpg,2
train,36+ hr Mutton,48_hr_Mutton_0023.jpg,train/36+ hr Mutton/48_hr_Mutton_0023.jpg,522504,1b61fef271f4cdb585eef3f84027bb45314f33aa9dec5fbc597bf66f24bd8dbe,Mutton/48 hr Mutton images/5566.jpg|Mutton/48 hr Mutton images/5567.jpg,2
train,36+ hr Mutton,48_hr_Mutton_0024.jpg,train/36+ hr Mutton/48_hr_Mutton_0024.jpg,439114,f3bdecebfa7a8003b3f23ef06cb408ef98acb00688e6ef886e50452e9271f4ce,Mutton/48 hr Mutton images/5726.jpg|Mutton/48 hr Mutton images/5727.jpg,2
train,36+ hr Mutton,48_hr_Mutton_0025.jpg,train/36+ hr Mutton/48_hr_Mutton_0025.jpg,491744,75043bdb3ddfed87eb7b3c2e95358e4dc9c607162fe6136a2de04a3a701c294b,Mutton/48 hr Mutton images/5856.jpg|Mutton/48 hr Mutton images/5857.jpg,2
train,36+ hr Mutton,48_hr_Mutton_0026.jpg,train/36+ hr Mutton/48_hr_Mutton_0026.jpg,504899,006f6ac88971bffdeaa8b26b48d5f07cfd830f2378de3c55c139d46e5eadbee9,Mutton/48 hr Mutton images/5644.jpg|Mutton/48 hr Mutton images/5645.jpg,2
train,36+ hr Mutton,48_hr_Mutton_0027.jpg,train/36+ hr Mutton/48_hr_Mutton_0027.jpg,526081,71f0866367036db76879f684f0f85b29461b9abebdf3af19f346d2a2f23dcf97,Mutton/48 hr Mutton images/5896.jpg|Mutton/48 hr Mutton images/5897.jpg,2
train,36+ hr Mutton,48_hr_Mutton_0028.jpg,train/36+ hr Mutton/48_hr_Mutton_0028.jpg,420576,f1f9a6d58421d6dc71475b54c15247c3a53bc5bceafdcd549fccd6063462ebbe,Mutton/48 hr Mutton images/5882.jpg|Mutton/48 hr Mutton images/5883.jpg,2
train,36+ hr Mutton,48_hr_Mutton_0029.jpg,train/36+ hr Mutton/48_hr_Mutton_0029.jpg,542916,1a5614534d5804f5be3c536a9d808071c61872a553322a1272dde2b6ed70fa79,Mutton/48 hr Mutton images/5854.jpg|Mutton/48 hr Mutton images/5855.jpg,2
train,36+ hr Mutton,48_hr_Mutton_0030.jpg,train/36+ hr Mutton/48_hr_Mutton_0030.jpg,518712,4d432c4fa71fae2093f8a57b4a40c66e0318fe1904b0f993d2c9a22dd88d09d6,Mutton/48 hr Mutton images/5536.jpg|Mutton/48 hr Mutton images/5537.jpg,2
train,36+ hr Mutton,48_hr_Mutton_0031.jpg,train/36+ hr Mutton/48_hr_Mutton_0031.jpg,473790,f4a14dbd2566e97a04ef322135367dadfe968bf53be837b19640dd77e556be61,Mutton/48 hr Mutton images/5802.jpg|Mutton/48 hr Mutton images/5803.jpg,2
train,36+ hr Mutton,48_hr_Mutton_0032.jpg,train/36+ hr Mutton/48_hr_Mutton_0032.jpg,488265,03b4aafd9c72af42d54cd60dc5ef81c401fc8b3073fb81a8785fcb663e321e7b,Mutton/48 hr Mutton images/5660.jpg|Mutton/48 hr Mutton images/5661.jpg,2
train,36+ hr Mutton,48_hr_Mutton_0033.jpg,train/36+ hr Mutton/48_hr_Mutton_0033.jpg,434719,89765cd874a38d39b1c9925ff83bd7d7f1a2c9ab461c08827637b8edff8f6755,Mutton/48 hr Mutton images/5600.jpg|Mutton/48 hr Mutton images/5601.jpg,2
train,36+ hr Mutton,48_hr_Mutton_0034.jpg,train/36+ hr Mutton/48_hr_Mutton_0034.jpg,510015,c5bc4a75ec65c68acaf12cc68018dc5a57cec5648078812e57e2cdd48ad8d94c,Mutton/48 hr Mutton images/5862.jpg|Mutton/48 hr Mutton images/5863.jpg,2
train,36+ hr Mutton,48_hr_Mutton_0035.jpg,train/36+ hr Mutton/48_hr_Mutton_0035.jpg,523357,a93c65da564aea7768d9688457d86cc620f516b7f6f7d189fa9347ef1dfd292b,Mutton/48 hr Mutton images/5690.jpg|Mutton/48 hr Mutton images/5691.jpg,2
train,36+ hr Mutton,48_hr_Mutton_0036.jpg,train/36+ hr Mutton/48_hr_Mutton_0036.jpg,474020,f79fc7758b086e5bc0d7476a4b722b86cc32f45ad60fe83cc1e67fe43e7fd577,Mutton/48 hr Mutton images/5848.jpg|Mutton/48 hr Mutton images/5849.jpg,2
train,36+ hr Mutton,48_hr_Mutton_0037.jpg,train/36+ hr Mutton/48_hr_Mutton_0037.jpg,564651,5fe67b90129a9c7ce24bdd0f55997562a29b8bff09d941073e4db9e3a4a29f7c,Mutton/48 hr Mutton images/5672.jpg|Mutton/48 hr Mutton images/5673.jpg,2
train,36+ hr Mutton,48_hr_Mutton_0038.jpg,train/36+ hr Mutton/48_hr_Mutton_0038.jpg,441295,01d5c9227a948a6a5f6f638c92d6f165eb1368bcaf9e38c6f5b2e2f7d447401f,Mutton/48 hr Mutton images/5596.jpg|Mutton/48 hr Mutton images/5597.jpg,2
train,36+ hr Mutton,48_hr_Mutton_0039.jpg,train/36+ hr Mutton/48_hr_Mutton_0039.jpg,490590,d995f17b5523fa75fc583951550d4c61ccd8eee5e0aab5f57514ce8cf0fb6742,Mutton/48 hr Mutton images/5922.jpg|Mutton/48 hr Mutton images/5923.jpg,2
train,36+ hr Mutton,48_hr_Mutton_0040.jpg,train/36+ hr Mutton/48_hr_Mutton_0040.jpg,485079,03439e2a8081fde7d09a0d66caa65c859e2babaa2f64d1873d541bd2b35004a8,Mutton/48 hr Mutton images/5622.jpg|Mutton/48 hr Mutton images/5623.jpg,2
train,36+ hr Mutton,48_hr_Mutton_0041.jpg,train/36+ hr Mutton/48_hr_Mutton_0041.jpg,369536,c6403b7f2db893422c1c76b3bd7f669c49fec58474d978c87a49375e4baac3a2,Mutton/48 hr Mutton images/5850.jpg|Mutton/48 hr Mutton images/5851.jpg,2
train,36+ hr Mutton,48_hr_Mutton_0042.jpg,train/36+ hr Mutton/48_hr_Mutton_0042.jpg,480845,c91af987ac08dde9cd41d7fb35b54c59f65a934597f3296fa1b8373b544dc098,Mutton/48 hr Mutton images/5792.jpg|Mutton/48 hr Mutton images/5793.jpg,2
train,36+ hr Mutton,48_hr_Mutton_0043.jpg,train/36+ hr Mutton/48_hr_Mutton_0043.jpg,604081,fd299bab80b99afa812d58192b133835c317f0ef3a60176c1d81054b636acdc9,Mutton/48 hr Mutton images/5510.jpg|Mutton/48 hr Mutton images/5511.jpg,2
train,36+ hr Mutton,48_hr_Mutton_0044.jpg,train/36+ hr Mutton/48_hr_Mutton_0044.jpg,490535,f4b0c0013ec6e4369cd19ca1e70611f0822af9cba111b951e4f35462104eeb56,Mutton/48 hr Mutton images/5636.jpg|Mutton/48 hr Mutton images/5637.jpg,2
train,36+ hr Mutton,48_hr_Mutton_0045.jpg,train/36+ hr Mutton/48_hr_Mutton_0045.jpg,469884,6923a4cc65d9103561c7dfa7b807bd9a4780b50e09b49438e9696e80b9b9857a,Mutton/48 hr Mutton images/5540.jpg|Mutton/48 hr Mutton images/5541.jpg,2
train,36+ hr Mutton,48_hr_Mutton_0046.jpg,train/36+ hr Mutton/48_hr_Mutton_0046.jpg,492224,701dc0c57385ed2736f1f6d11259e7463e3fb6f11de269a3758c23f9a5d37551,Mutton/48 hr Mutton images/5756.jpg|Mutton/48 hr Mutton images/5757.jpg|Mutton/48 hr Mutton images/5949.jpg,3
train,36+ hr Mutton,48_hr_Mutton_0047.jpg,train/36+ hr Mutton/48_hr_Mutton_0047.jpg,583902,0f2cda172b58935e1a2e1e27855c775ebfe387e84991905e9418f3766ff8ecd0,Mutton/48 hr Mutton images/5674.jpg|Mutton/48 hr Mutton images/5675.jpg,2
train,36+ hr Mutton,48_hr_Mutton_0048.jpg,train/36+ hr Mutton/48_hr_Mutton_0048.jpg,467391,0e52b2c94e099b2d8cd78b483cf63a8e49e4fa5fa4d6aa36a0e4e25852bbd55e,Mutton/48 hr Mutton images/5634.jpg|Mutton/48 hr Mutton images/5635.jpg,2
train,36+ hr Mutton,48_hr_Mutton_0049.jpg,train/36+ hr Mutton/48_hr_Mutton_0049.jpg,469932,f9dccf4f3785fd652f816abd42eaf7495b8827d4eac91cf5a2376bfe0bd5b3c8,Mutton/48 hr Mutton images/5784.jpg|Mutton/48 hr Mutton images/5785.jpg,2
train,36+ hr Mutton,48_hr_Mutton_0050.jpg,train/36+ hr Mutton/48_hr_Mutton_0050.jpg,465004,a63ac4955f7582b099651ac429bacdab513d1b81cb1c0158d2901f01f1b67655,Mutton/48 hr Mutton images/5768.jpg|Mutton/48 hr Mutton images/5769.jpg,2
train,36+ hr Mutton,48_hr_Mutton_0051.jpg,train/36+ hr Mutton/48_hr_Mutton_0051.jpg,558980,cfb44d18324501392f1d05daa12aec26f97df69177e9dd8c5409a64c7da7dd8b,Mutton/48 hr Mutton images/5714.jpg|Mutton/48 hr Mutton images/5715.jpg,2
train,36+ hr Mutton,48_hr_Mutton_0052.jpg,train/36+ hr Mutton/48_hr_Mutton_0052.jpg,436720,d9f3bb32e06abd82c5eba7c236586d36fbd2f175f258ebd1822d82dd6ec2951f,Mutton/48 hr Mutton images/5808.jpg|Mutton/48 hr Mutton images/5809.jpg,2
train,36+ hr Mutton,48_hr_Mutton_0053.jpg,train/36+ hr Mutton/48_hr_Mutton_0053.jpg,528559,67855892a0912998f49a56c0e7fce80573ebfcf220b003c6ea54e3bc1884412a,Mutton/48 hr Mutton images/5560.jpg|Mutton/48 hr Mutton images/5561.jpg,2
train,36+ hr Mutton,48_hr_Mutton_0054.jpg,train/36+ hr Mutton/48_hr_Mutton_0054.jpg,537306,ae2e0db2674262d3552c0eedcdd101e6dbb30c6460497db880381fd28ec9368f,Mutton/48 hr Mutton images/5700.jpg|Mutton/48 hr Mutton images/5701.jpg,2
train,36+ hr Mutton,48_hr_Mutton_0055.jpg,train/36+ hr Mutton/48_hr_Mutton_0055.jpg,465835,6660878fa96f566d54fb8dbc7ae75fc5aee8180d98debed2ed4fbc32459fa39a,Mutton/48 hr Mutton images/5840.jpg|Mutton/48 hr Mutton images/5841.jpg,2
train,36+ hr Mutton,48_hr_Mutton_0056.jpg,train/36+ hr Mutton/48_hr_Mutton_0056.jpg,436673,905baeef1ace25bbd28d54af7aeeb49bda04d30bda9c0a0b8f31ece1f9352562,Mutton/48 hr Mutton images/5624.jpg|Mutton/48 hr Mutton images/5625.jpg,2
train,36+ hr Mutton,48_hr_Mutton_0057.jpg,train/36+ hr Mutton/48_hr_Mutton_0057.jpg,481571,722831c9c918d5505c5bff0a6d62e74eeedb1dfae7952eb658f3efa3109de6cc,Mutton/48 hr Mutton images/5590.jpg|Mutton/48 hr Mutton images/5591.jpg|Mutton/48 hr Mutton images/5934.jpg,3
train,36+ hr Mutton,48_hr_Mutton_0058.jpg,train/36+ hr Mutton/48_hr_Mutton_0058.jpg,528594,ba7924d7015a1177ea71e67451f104a82293965b8de37680ff585625bd9cb999,Mutton/48 hr Mutton images/5872.jpg|Mutton/48 hr Mutton images/5873.jpg|Mutton/48 hr Mutton images/5947.jpg,3
train,36+ hr Mutton,48_hr_Mutton_0059.jpg,train/36+ hr Mutton/48_hr_Mutton_0059.jpg,429956,7926e438d2d10a85f9d702f061a0f687e59b137f66a66aad1ff31b5888f438d4,Mutton/48 hr Mutton images/5550.jpg|Mutton/48 hr Mutton images/5551.jpg,2
train,36+ hr Mutton,48_hr_Mutton_0060.jpg,train/36+ hr Mutton/48_hr_Mutton_0060.jpg,497114,83ab622cad1026a216dcff93332e85f2fcaed93f5af11ee47172732a08eafec1,Mutton/48 hr Mutton images/5842.jpg|Mutton/48 hr Mutton images/5843.jpg,2
train,36+ hr Mutton,48_hr_Mutton_0061.jpg,train/36+ hr Mutton/48_hr_Mutton_0061.jpg,481332,8888a515612e22d03484e50017904cdf78548f4ae73f5e0d2e7e77646229d7d2,Mutton/48 hr Mutton images/5680.jpg|Mutton/48 hr Mutton images/5681.jpg,2
train,36+ hr Mutton,48_hr_Mutton_0062.jpg,train/36+ hr Mutton/48_hr_Mutton_0062.jpg,554245,494f8a3c49f96d870c2d32afe091aa413d29268307c732e508580e8eb468d215,Mutton/48 hr Mutton images/5916.jpg|Mutton/48 hr Mutton images/5917.jpg,2
train,36+ hr Mutton,48_hr_Mutton_0063.jpg,train/36+ hr Mutton/48_hr_Mutton_0063.jpg,410821,78f1d995dd66f48a1b9ef6b8e7fcd08ea679bbdc600cc38cbf3ef6f804ab1401,Mutton/48 hr Mutton images/5548.jpg|Mutton/48 hr Mutton images/5549.jpg,2
train,36+ hr Mutton,48_hr_Mutton_0064.jpg,train/36+ hr Mutton/48_hr_Mutton_0064.jpg,497590,1f4a764b72311aae953efcaf9ce0a44e5c3f0a121e49b18834456e900f5befac,Mutton/48 hr Mutton images/5820.jpg|Mutton/48 hr Mutton images/5821.jpg,2
train,36+ hr Mutton,48_hr_Mutton_0065.jpg,train/36+ hr Mutton/48_hr_Mutton_0065.jpg,429406,9f06fcdfcf1ac6b3287e28da0d03538069d4d891c32931e096e2b329f094fe9a,Mutton/48 hr Mutton images/5828.jpg|Mutton/48 hr Mutton images/5829.jpg,2
train,36+ hr Mutton,48_hr_Mutton_0066.jpg,train/36+ hr Mutton/48_hr_Mutton_0066.jpg,472156,c20b5214bf2deed4d3204377d1453d24657a293ed6c595b533d33be88081cfbb,Mutton/48 hr Mutton images/5534.jpg|Mutton/48 hr Mutton images/5535.jpg,2
train,36+ hr Mutton,48_hr_Mutton_0067.jpg,train/36+ hr Mutton/48_hr_Mutton_0067.jpg,431425,77fcf26384fa837e01e8f4852750536593623ec20bd4a6dc9a4a6076da90e744,Mutton/48 hr Mutton images/5846.jpg|Mutton/48 hr Mutton images/5847.jpg,2
train,36+ hr Mutton,48_hr_Mutton_0068.jpg,train/36+ hr Mutton/48_hr_Mutton_0068.jpg,432539,01dbcac4cd77223deeaf790ecd13e90da65955fa691ab984584542d11db4a922,Mutton/48 hr Mutton images/5742.jpg|Mutton/48 hr Mutton images/5743.jpg|Mutton/48 hr Mutton images/5942.jpg,3
train,36+ hr Mutton,48_hr_Mutton_0069.jpg,train/36+ hr Mutton/48_hr_Mutton_0069.jpg,541859,47d95a197510cc2657d4fc05dc9ef697a97d4a212f6d327b118a902ca9e5b28e,Mutton/48 hr Mutton images/5688.jpg|Mutton/48 hr Mutton images/5689.jpg,2
train,36+ hr Mutton,48_hr_Mutton_0070.jpg,train/36+ hr Mutton/48_hr_Mutton_0070.jpg,418848,f0b7822d51fa67da946a2bb127466c0e20cdfd4d8d20a20f6cc31e6abf5d6a72,Mutton/48 hr Mutton images/5578.jpg|Mutton/48 hr Mutton images/5579.jpg|Mutton/48 hr Mutton images/5940.jpg,3
train,36+ hr Mutton,48_hr_Mutton_0071.jpg,train/36+ hr Mutton/48_hr_Mutton_0071.jpg,563913,6408f66e92e68c95d2049b90c62fe61691830621dcaacf28a04e73eccf36dca9,Mutton/48 hr Mutton images/5670.jpg|Mutton/48 hr Mutton images/5671.jpg,2
train,36+ hr Mutton,48_hr_Mutton_0072.jpg,train/36+ hr Mutton/48_hr_Mutton_0072.jpg,441410,abcecb86ccfc01ada2c9b438152bd342162957e17c2bff17820b2f7ccd8a1407,Mutton/48 hr Mutton images/5720.jpg|Mutton/48 hr Mutton images/5721.jpg,2
train,36+ hr Mutton,48_hr_Mutton_0073.jpg,train/36+ hr Mutton/48_hr_Mutton_0073.jpg,492413,ee638903d1bae7faa3cd3da86e94f7437d15f4c2ffdd897b9c4cb080e4ad3a95,Mutton/48 hr Mutton images/5570.jpg|Mutton/48 hr Mutton images/5571.jpg,2
train,36+ hr Mutton,48_hr_Mutton_0074.jpg,train/36+ hr Mutton/48_hr_Mutton_0074.jpg,476653,345f8455ecb82e46941d977aa07b662610cd522bc93eba88ea29bf617ae2b3f7,Mutton/48 hr Mutton images/5824.jpg|Mutton/48 hr Mutton images/5825.jpg,2
train,36+ hr Mutton,48_hr_Mutton_0075.jpg,train/36+ hr Mutton/48_hr_Mutton_0075.jpg,486620,ac66cb0f98c2766ec616c695eab7da661812305d7cd8c0a87796b67b225ff039,Mutton/48 hr Mutton images/5646.jpg|Mutton/48 hr Mutton images/5647.jpg,2
train,36+ hr Mutton,48_hr_Mutton_0076.jpg,train/36+ hr Mutton/48_hr_Mutton_0076.jpg,581614,e14144fb29a7d8a5ed7f02d36500b1fa3e9cc6e7ef3f3dfc7875c0732969ac3c,Mutton/48 hr Mutton images/5558.jpg|Mutton/48 hr Mutton images/5559.jpg,2
train,36+ hr Mutton,48_hr_Mutton_0077.jpg,train/36+ hr Mutton/48_hr_Mutton_0077.jpg,465623,6bfa5dc115e86bc7cc270b38a8b32092db54a39ca977cbdd956ac51ac1633634,Mutton/48 hr Mutton images/5664.jpg|Mutton/48 hr Mutton images/5665.jpg,2
train,36+ hr Mutton,48_hr_Mutton_0078.jpg,train/36+ hr Mutton/48_hr_Mutton_0078.jpg,432427,ff151ee81e8ba309532773b089f6cd55d7cb07fe3bc8d689ef507eb7a08804a2,Mutton/48 hr Mutton images/5884.jpg|Mutton/48 hr Mutton images/5885.jpg|Mutton/48 hr Mutton images/5928.jpg,3
train,36+ hr Mutton,48_hr_Mutton_0079.jpg,train/36+ hr Mutton/48_hr_Mutton_0079.jpg,571420,380ad2ca79241168928ccdc67e0720108b3dc44b97d8f9bf59da326825fad8ee,Mutton/48 hr Mutton images/5686.jpg|Mutton/48 hr Mutton images/5687.jpg,2
train,36+ hr Mutton,48_hr_Mutton_0080.jpg,train/36+ hr Mutton/48_hr_Mutton_0080.jpg,483767,60ef8a6da9467dcccee177305cd5e7955bce47eba730e5ce7b8f15e7070f59bc,Mutton/48 hr Mutton images/5654.jpg|Mutton/48 hr Mutton images/5655.jpg,2
train,36+ hr Mutton,48_hr_Mutton_0081.jpg,train/36+ hr Mutton/48_hr_Mutton_0081.jpg,536809,0897c2f3ee427ca1cf1b723b2e8a6db5aed5a976e44c643b6b4e9898ca66cac4,Mutton/48 hr Mutton images/5852.jpg|Mutton/48 hr Mutton images/5853.jpg,2
train,36+ hr Mutton,48_hr_Mutton_0082.jpg,train/36+ hr Mutton/48_hr_Mutton_0082.jpg,581831,1c2eb7f7128eda6c73241a151dfa6bc32777909f98800968af7eb1f9edba59e8,Mutton/48 hr Mutton images/5504.jpg|Mutton/48 hr Mutton images/5505.jpg,2
train,36+ hr Mutton,48_hr_Mutton_0083.jpg,train/36+ hr Mutton/48_hr_Mutton_0083.jpg,457129,bda6862f43b0739d8b5197bb4385e61f570e1ae8ce2222a283d394ea54eee121,Mutton/48 hr Mutton images/5788.jpg|Mutton/48 hr Mutton images/5789.jpg,2
train,36+ hr Mutton,48_hr_Mutton_0084.jpg,train/36+ hr Mutton/48_hr_Mutton_0084.jpg,569792,dbb41c4b1f4d9c62ab052fa3612500791c91c521eadb4adaad912125d48d2d41,Mutton/48 hr Mutton images/5770.jpg|Mutton/48 hr Mutton images/5771.jpg,2
train,36+ hr Mutton,48_hr_Mutton_0085.jpg,train/36+ hr Mutton/48_hr_Mutton_0085.jpg,544454,287074c587a285ddca66d6b0869dc248d0e89e4f630ffb4d7b90ad02115d3112,Mutton/48 hr Mutton images/5652.jpg|Mutton/48 hr Mutton images/5653.jpg,2
train,36+ hr Mutton,48_hr_Mutton_0086.jpg,train/36+ hr Mutton/48_hr_Mutton_0086.jpg,478075,fcbf83ca31e44f84f7c8a2772ad98fe9d87d5f7d6c68f98966e4edfc04e9a4c9,Mutton/48 hr Mutton images/5780.jpg|Mutton/48 hr Mutton images/5781.jpg,2
train,36+ hr Mutton,48_hr_Mutton_0087.jpg,train/36+ hr Mutton/48_hr_Mutton_0087.jpg,418643,7d9f491c5d429450d6de995ba6dffb25d9f1445340010f91c503309d3585f713,Mutton/48 hr Mutton images/5650.jpg|Mutton/48 hr Mutton images/5651.jpg,2
train,36+ hr Mutton,48_hr_Mutton_0088.jpg,train/36+ hr Mutton/48_hr_Mutton_0088.jpg,495151,11292174c5edb8ac8358b15ad5bb72a24b8e7beced30f84e80964db2ecae6548,Mutton/48 hr Mutton images/5512.jpg|Mutton/48 hr Mutton images/5513.jpg,2
train,36+ hr Mutton,48_hr_Mutton_0089.jpg,train/36+ hr Mutton/48_hr_Mutton_0089.jpg,562801,78483581d1942192c0b4957647d26d8eea554b9a83fe95449a7e6b25c2671a62,Mutton/48 hr Mutton images/5762.jpg|Mutton/48 hr Mutton images/5763.jpg|Mutton/48 hr Mutton images/5926.jpg,3
train,36+ hr Mutton,48_hr_Mutton_0090.jpg,train/36+ hr Mutton/48_hr_Mutton_0090.jpg,507376,6290a46123ef71f7d8084c98207b6c100eac50b31208a53032a1d0e9c87dd514,Mutton/48 hr Mutton images/5598.jpg|Mutton/48 hr Mutton images/5599.jpg,2
train,36+ hr Mutton,48_hr_Mutton_0091.jpg,train/36+ hr Mutton/48_hr_Mutton_0091.jpg,595116,12061ac6a1b0acdb77869fd07fd62283e8fd4184747a036a9abe011d68139a5f,Mutton/48 hr Mutton images/5502.jpg|Mutton/48 hr Mutton images/5503.jpg,2
train,36+ hr Mutton,48_hr_Mutton_0092.jpg,train/36+ hr Mutton/48_hr_Mutton_0092.jpg,455072,c72fa8417af60c7d3985bbb1bf295eb683aaf49491987a4e40813f55815b7c83,Mutton/48 hr Mutton images/5868.jpg|Mutton/48 hr Mutton images/5869.jpg,2
train,36+ hr Mutton,48_hr_Mutton_0093.jpg,train/36+ hr Mutton/48_hr_Mutton_0093.jpg,472804,8f0dd88b9a991ee7c0f9593d7db40f275e37a6e1359a9116d1fa0131fa8aa865,Mutton/48 hr Mutton images/5744.jpg|Mutton/48 hr Mutton images/5745.jpg|Mutton/48 hr Mutton images/5927.jpg,3
train,36+ hr Mutton,48_hr_Mutton_0094.jpg,train/36+ hr Mutton/48_hr_Mutton_0094.jpg,445839,db3d7cb52bc1fcb93f1adba4cccbbd2055905fbf0185d34f3e7093f55f73d45c,Mutton/48 hr Mutton images/5834.jpg|Mutton/48 hr Mutton images/5835.jpg,2
train,36+ hr Mutton,48_hr_Mutton_0095.jpg,train/36+ hr Mutton/48_hr_Mutton_0095.jpg,467842,e6107cfe860b6a867e8aa6762ecbea91b0b6b5a33808c16667284823345ee008,Mutton/48 hr Mutton images/5730.jpg|Mutton/48 hr Mutton images/5731.jpg,2
train,36+ hr Mutton,48_hr_Mutton_0096.jpg,train/36+ hr Mutton/48_hr_Mutton_0096.jpg,467495,4e1a6bee104a67c93e370783ed135b223817bcf87cc472ded0777fe8c3ba30cf,Mutton/48 hr Mutton images/5786.jpg|Mutton/48 hr Mutton images/5787.jpg,2
train,36+ hr Mutton,48_hr_Mutton_0097.jpg,train/36+ hr Mutton/48_hr_Mutton_0097.jpg,437115,bf5ce3200fe25e1fc04e558e61c9c4ec16cad5379e380128bbe6cb02d7b61dd7,Mutton/48 hr Mutton images/5760.jpg|Mutton/48 hr Mutton images/5761.jpg,2
train,36+ hr Mutton,48_hr_Mutton_0098.jpg,train/36+ hr Mutton/48_hr_Mutton_0098.jpg,538887,843db93b385be3c9cda8dd7ee336bb047372fdd2d643cece0d95433e6507cb10,Mutton/48 hr Mutton images/5658.jpg|Mutton/48 hr Mutton images/5659.jpg,2
train,36+ hr Mutton,48_hr_Mutton_0099.jpg,train/36+ hr Mutton/48_hr_Mutton_0099.jpg,366955,0f06298773fb226e3b4cc3de3daaccb073c4864bcff2a3a7f1f6ee9b6cd95231,Mutton/48 hr Mutton images/5728.jpg|Mutton/48 hr Mutton images/5729.jpg,2
train,36+ hr Mutton,48_hr_Mutton_0100.jpg,train/36+ hr Mutton/48_hr_Mutton_0100.jpg,437966,db2fbb215195f171f3e1f9ebd0fb26a48f1dcd2fdfc6212bb14a8129205632c6,Mutton/48 hr Mutton images/5538.jpg|Mutton/48 hr Mutton images/5539.jpg,2
train,36+ hr Mutton,48_hr_Mutton_0101.jpg,train/36+ hr Mutton/48_hr_Mutton_0101.jpg,517046,f950ae60b5cd8985eb2de5d31ca989eae103501cfd824eebd25a63f5f1da832a,Mutton/48 hr Mutton images/5874.jpg|Mutton/48 hr Mutton images/5875.jpg,2
train,36+ hr Mutton,48_hr_Mutton_0102.jpg,train/36+ hr Mutton/48_hr_Mutton_0102.jpg,405810,8ee93196883e8b1bc8e33c207280e41a44717609ade55aec133a2596c9a531fe,Mutton/48 hr Mutton images/5800.jpg|Mutton/48 hr Mutton images/5801.jpg,2
train,36+ hr Mutton,48_hr_Mutton_0103.jpg,train/36+ hr Mutton/48_hr_Mutton_0103.jpg,546003,363596d2c6b5ba758108fb4836927dff4d4c1f7d45d02390b4ecdec0485e0936,Mutton/48 hr Mutton images/5544.jpg|Mutton/48 hr Mutton images/5545.jpg,2
train,36+ hr Mutton,48_hr_Mutton_0104.jpg,train/36+ hr Mutton/48_hr_Mutton_0104.jpg,446010,0e10ae8a2587a79cd0cf6a85a253116d199cfcb85ef54e1b3a36c5d1c607e2dc,Mutton/48 hr Mutton images/5638.jpg|Mutton/48 hr Mutton images/5639.jpg,2
train,36+ hr Mutton,48_hr_Mutton_0105.jpg,train/36+ hr Mutton/48_hr_Mutton_0105.jpg,553430,15829ec8d29ab8e05e840902d5e22ee87f3d5b5aedaa79c43e7bc1d2021140bc,Mutton/48 hr Mutton images/5698.jpg|Mutton/48 hr Mutton images/5699.jpg,2
train,36+ hr Mutton,48_hr_Mutton_0106.jpg,train/36+ hr Mutton/48_hr_Mutton_0106.jpg,476920,da9b02c16254ee5a328d8092f1a7ca85ddee0ae36a9f094344e0808813753835,Mutton/48 hr Mutton images/5752.jpg|Mutton/48 hr Mutton images/5753.jpg,2
train,36+ hr Mutton,48_hr_Mutton_0107.jpg,train/36+ hr Mutton/48_hr_Mutton_0107.jpg,427244,d03f5d53ee7eecf6df6bb296122c6900d9d135f610c486d91fc2446307b6d744,Mutton/48 hr Mutton images/5628.jpg|Mutton/48 hr Mutton images/5629.jpg,2
train,36+ hr Mutton,48_hr_Mutton_0108.jpg,train/36+ hr Mutton/48_hr_Mutton_0108.jpg,518478,1c3d540990eda1ede529aea834d0abe21dcd2a4be44c1ae989d8b20ce8fce847,Mutton/48 hr Mutton images/5904.jpg|Mutton/48 hr Mutton images/5905.jpg,2
train,36+ hr Mutton,48_hr_Mutton_0109.jpg,train/36+ hr Mutton/48_hr_Mutton_0109.jpg,460495,136ca4294c85c2b36d3e2d1b932791482bc899a4f629e01937d8ea9e9aee15ea,Mutton/48 hr Mutton images/5608.jpg|Mutton/48 hr Mutton images/5609.jpg,2
train,36+ hr Mutton,48_hr_Mutton_0110.jpg,train/36+ hr Mutton/48_hr_Mutton_0110.jpg,473954,21c449a34f71d1ddf68a5adfe679f205b126ab06f9ee24f61d359e7974736d75,Mutton/48 hr Mutton images/5542.jpg|Mutton/48 hr Mutton images/5543.jpg,2
train,36+ hr Mutton,48_hr_Mutton_0111.jpg,train/36+ hr Mutton/48_hr_Mutton_0111.jpg,491829,b7a85ee1dcf4dacefc1323cf4ee69e29355918dc3fe804e67ef97eaecc84ac33,Mutton/48 hr Mutton images/5532.jpg|Mutton/48 hr Mutton images/5533.jpg|Mutton/48 hr Mutton images/5929.jpg,3
train,36+ hr Mutton,48_hr_Mutton_0112.jpg,train/36+ hr Mutton/48_hr_Mutton_0112.jpg,436169,e8563c8c26ada65f99c795fa5afcf2074f3e74a07b6effa34fbef6052434dcc0,Mutton/48 hr Mutton images/5776.jpg|Mutton/48 hr Mutton images/5777.jpg,2
train,36+ hr Mutton,48_hr_Mutton_0113.jpg,train/36+ hr Mutton/48_hr_Mutton_0113.jpg,466107,8b566d18a206a216cf21e58bc4afb503dd9d19f3bcaefb9efa019c115123f8c9,Mutton/48 hr Mutton images/5832.jpg|Mutton/48 hr Mutton images/5833.jpg,2
train,36+ hr Mutton,48_hr_Mutton_0114.jpg,train/36+ hr Mutton/48_hr_Mutton_0114.jpg,511514,c56e8e817202bd2400c4f448b4828d890bc04af5e8344a73508716ae0aac5a7f,Mutton/48 hr Mutton images/5870.jpg|Mutton/48 hr Mutton images/5871.jpg|Mutton/48 hr Mutton images/5937.jpg,3
train,36+ hr Mutton,48_hr_Mutton_0115.jpg,train/36+ hr Mutton/48_hr_Mutton_0115.jpg,486810,3976c19141205b1c9d6d84fbd259b6f5d3fecd7800ed51dd8db8cd6836c16d46,Mutton/48 hr Mutton images/5518.jpg|Mutton/48 hr Mutton images/5519.jpg,2
train,36+ hr Mutton,48_hr_Mutton_0116.jpg,train/36+ hr Mutton/48_hr_Mutton_0116.jpg,516606,15929ea4c4236c1cc6912e9a134607f0e4cde0cea25e93bc00f6f3c9de229d7f,Mutton/48 hr Mutton images/5656.jpg|Mutton/48 hr Mutton images/5657.jpg,2
train,36+ hr Mutton,48_hr_Mutton_0117.jpg,train/36+ hr Mutton/48_hr_Mutton_0117.jpg,481852,4df8a5605fc15b8a08363b705f0345cbc391c13d841d06cdc28cf4032f62ce7d,Mutton/48 hr Mutton images/5592.jpg|Mutton/48 hr Mutton images/5593.jpg,2
train,36+ hr Mutton,48_hr_Mutton_0118.jpg,train/36+ hr Mutton/48_hr_Mutton_0118.jpg,465479,9238d82087be31685c76d101d68cba340caaffe5d82c847fed8790afb2060f46,Mutton/48 hr Mutton images/5782.jpg|Mutton/48 hr Mutton images/5783.jpg,2
train,36+ hr Mutton,48_hr_Mutton_0119.jpg,train/36+ hr Mutton/48_hr_Mutton_0119.jpg,514704,1a265706dc93cba12cd6a06f169fb9ce18d9b63654d2198af8afcecfcb6c96e6,Mutton/48 hr Mutton images/5676.jpg|Mutton/48 hr Mutton images/5677.jpg,2
train,36+ hr Mutton,48_hr_Mutton_0120.jpg,train/36+ hr Mutton/48_hr_Mutton_0120.jpg,586593,234ff0997219db55fbdc0eb6701181ee91581f416896c09ec8f3b057c954223f,Mutton/48 hr Mutton images/5694.jpg|Mutton/48 hr Mutton images/5695.jpg,2
train,36+ hr Mutton,48_hr_Mutton_0121.jpg,train/36+ hr Mutton/48_hr_Mutton_0121.jpg,445988,3266b7920c9a81aaafb78e503c02103343f8d850bd22b5ab4e1a77e1c994fc28,Mutton/48 hr Mutton images/5772.jpg|Mutton/48 hr Mutton images/5773.jpg|Mutton/48 hr Mutton images/5948.jpg,3
train,36+ hr Mutton,48_hr_Mutton_0122.jpg,train/36+ hr Mutton/48_hr_Mutton_0122.jpg,474809,5e7611f3f5fcb6b2a54017e9d4c1dc03297c2dc00ca63f952e5801c07c68838a,Mutton/48 hr Mutton images/5900.jpg|Mutton/48 hr Mutton images/5901.jpg|Mutton/48 hr Mutton images/5930.jpg,3
train,36+ hr Mutton,48_hr_Mutton_0123.jpg,train/36+ hr Mutton/48_hr_Mutton_0123.jpg,434824,d65d3f13f4a6dc3ed0eac32a0d5d6de0ec922e7091bc1ecd219f58dd26862449,Mutton/48 hr Mutton images/5642.jpg|Mutton/48 hr Mutton images/5643.jpg,2
train,36+ hr Mutton,48_hr_Mutton_0124.jpg,train/36+ hr Mutton/48_hr_Mutton_0124.jpg,594173,ce4d1f90140a3b98d96cc34ecb5f1a2bde8d2f6cd13eab2b49133e34baa81809,Mutton/48 hr Mutton images/5556.jpg|Mutton/48 hr Mutton images/5557.jpg,2
train,36+ hr Mutton,48_hr_Mutton_0125.jpg,train/36+ hr Mutton/48_hr_Mutton_0125.jpg,485155,b9db21e9f76e181571319fe504ae109bd3b92637d440f29394dc52da32f39775,Mutton/48 hr Mutton images/5640.jpg|Mutton/48 hr Mutton images/5641.jpg,2
train,36+ hr Mutton,48_hr_Mutton_0126.jpg,train/36+ hr Mutton/48_hr_Mutton_0126.jpg,469066,fed955ae4c4be17fddb2463d6832599096833f9b1eba3588c6443d9195d75a83,Mutton/48 hr Mutton images/5822.jpg|Mutton/48 hr Mutton images/5823.jpg,2
train,36+ hr Mutton,48_hr_Mutton_0127.jpg,train/36+ hr Mutton/48_hr_Mutton_0127.jpg,568129,e10a91e300d4e3924be0cad4ae33dc7e6ccea1599a8a01adb51c0e8044895a27,Mutton/48 hr Mutton images/5662.jpg|Mutton/48 hr Mutton images/5663.jpg,2
train,36+ hr Mutton,48_hr_Mutton_0128.jpg,train/36+ hr Mutton/48_hr_Mutton_0128.jpg,539238,78e1ce4aa7268f197ee0e323263ca2db8513ccc39d0f6add0e63ad88f3167f99,Mutton/48 hr Mutton images/5754.jpg|Mutton/48 hr Mutton images/5755.jpg,2
train,36+ hr Mutton,48_hr_Mutton_0129.jpg,train/36+ hr Mutton/48_hr_Mutton_0129.jpg,458729,4592e4f8ff21d80ca52b4bfbaa7401ecaa783ec59b81d9a04f94044c6ad2d824,Mutton/48 hr Mutton images/5722.jpg|Mutton/48 hr Mutton images/5723.jpg,2
train,36+ hr Mutton,48_hr_Mutton_0130.jpg,train/36+ hr Mutton/48_hr_Mutton_0130.jpg,423696,84dc2244dc3fbf16708b4102283c7322630f12d45f4e060ea1308a8ef8de151d,Mutton/48 hr Mutton images/5818.jpg|Mutton/48 hr Mutton images/5819.jpg,2
train,36+ hr Mutton,48_hr_Mutton_0131.jpg,train/36+ hr Mutton/48_hr_Mutton_0131.jpg,527142,532b553348082d0164727d81bd7daff7d5578e809b4eb6f07e355e68248d4517,Mutton/48 hr Mutton images/5524.jpg|Mutton/48 hr Mutton images/5525.jpg,2
train,36+ hr Mutton,48_hr_Mutton_0132.jpg,train/36+ hr Mutton/48_hr_Mutton_0132.jpg,474505,7659908c1db5483c52f3e42b6ebccbc77502b02bd7263914c81b2822deac6904,Mutton/48 hr Mutton images/5750.jpg|Mutton/48 hr Mutton images/5751.jpg,2
train,36+ hr Mutton,48_hr_Mutton_0133.jpg,train/36+ hr Mutton/48_hr_Mutton_0133.jpg,493366,86e4ccb3a0cb03451ed89d744255e09cc515615a79f7166bfe85bb3033d54636,Mutton/48 hr Mutton images/5562.jpg|Mutton/48 hr Mutton images/5563.jpg,2
train,36+ hr Mutton,48_hr_Mutton_0134.jpg,train/36+ hr Mutton/48_hr_Mutton_0134.jpg,533698,c9380d53355112ce1f498dd1ff277c467331475d151e8c46a20b254f0646f89a,Mutton/48 hr Mutton images/5758.jpg|Mutton/48 hr Mutton images/5759.jpg|Mutton/48 hr Mutton images/5943.jpg,3
train,36+ hr Mutton,48_hr_Mutton_0135.jpg,train/36+ hr Mutton/48_hr_Mutton_0135.jpg,521331,be67297d2f39e78de84ef143f9b750bf0c0bb9ff5d8141a633be840cc11feb9e,Mutton/48 hr Mutton images/5718.jpg|Mutton/48 hr Mutton images/5719.jpg,2
train,36+ hr Mutton,48_hr_Mutton_0136.jpg,train/36+ hr Mutton/48_hr_Mutton_0136.jpg,515971,15099b8eecd40a8d39316513341b27b7aaf901f47b9b49c24d01f446dcde19b7,Mutton/48 hr Mutton images/5528.jpg|Mutton/48 hr Mutton images/5529.jpg,2
train,36+ hr Mutton,48_hr_Mutton_0137.jpg,train/36+ hr Mutton/48_hr_Mutton_0137.jpg,452958,18177469495adb21769acebbca0ba9afade604e9837c1d2734d1f5b3adc9ace4,Mutton/48 hr Mutton images/5522.jpg|Mutton/48 hr Mutton images/5523.jpg,2
train,36+ hr Mutton,48_hr_Mutton_0138.jpg,train/36+ hr Mutton/48_hr_Mutton_0138.jpg,424098,3b2183b2111220777be7a005a71f1140e9a170198a91a28891977f09c50a2881,Mutton/48 hr Mutton images/5806.jpg|Mutton/48 hr Mutton images/5807.jpg,2
train,36+ hr Mutton,48_hr_Mutton_0139.jpg,train/36+ hr Mutton/48_hr_Mutton_0139.jpg,506386,00f6abc3ed59bb2b3da33398114b6d12938acc2dcea9aa36ca965bfb3bf7165b,Mutton/48 hr Mutton images/5878.jpg|Mutton/48 hr Mutton images/5879.jpg,2
train,36+ hr Mutton,48_hr_Mutton_0140.jpg,train/36+ hr Mutton/48_hr_Mutton_0140.jpg,582202,370acd33830a222f68ccd9c7d96c9da498fcaecc14feaa6301a48d4ca6e9c706,Mutton/48 hr Mutton images/5500.jpg|Mutton/48 hr Mutton images/5501.jpg|Mutton/48 hr Mutton images/5935.jpg,3
train,36+ hr Mutton,48_hr_Mutton_0141.jpg,train/36+ hr Mutton/48_hr_Mutton_0141.jpg,495437,a98491260dbe68c2852cd0af7e6a800ad2affcd3f8ef0b9f1bdf10e1c70a7e7f,Mutton/48 hr Mutton images/5908.jpg|Mutton/48 hr Mutton images/5909.jpg,2
train,36+ hr Mutton,48_hr_Mutton_0142.jpg,train/36+ hr Mutton/48_hr_Mutton_0142.jpg,481245,45eea37ab3bf0affc901d31dcd4cbbd8517612f7378305731f2435f1f7af51ba,Mutton/48 hr Mutton images/5582.jpg|Mutton/48 hr Mutton images/5583.jpg,2
train,36+ hr Mutton,48_hr_Mutton_0143.jpg,train/36+ hr Mutton/48_hr_Mutton_0143.jpg,549962,d6d356f549e1acfb92be683a3d0f00f3613e197b1669a62887613ceef0cb805a,Mutton/48 hr Mutton images/5682.jpg|Mutton/48 hr Mutton images/5683.jpg,2
train,36+ hr Mutton,48_hr_Mutton_0144.jpg,train/36+ hr Mutton/48_hr_Mutton_0144.jpg,521984,18faa6788c1a9fc8f9418fa625ae0c3211ef015b9f8dfd5204ffd27b229e30b5,Mutton/48 hr Mutton images/5880.jpg|Mutton/48 hr Mutton images/5881.jpg,2
train,36+ hr Mutton,48_hr_Mutton_0145.jpg,train/36+ hr Mutton/48_hr_Mutton_0145.jpg,440472,60517bb2a811f36cfeec05ee02a32f83877c2b70a45f5c3e0b7508440d9a45cd,Mutton/48 hr Mutton images/5618.jpg|Mutton/48 hr Mutton images/5619.jpg,2
train,36+ hr Mutton,48_hr_Mutton_0146.jpg,train/36+ hr Mutton/48_hr_Mutton_0146.jpg,425376,1a9cfef0ab17f2e352b0100d81e3f2f2adaebc1d9b89f270d96a5c018b1a6ca5,Mutton/48 hr Mutton images/5526.jpg|Mutton/48 hr Mutton images/5527.jpg,2
train,36+ hr Mutton,48_hr_Mutton_0147.jpg,train/36+ hr Mutton/48_hr_Mutton_0147.jpg,515515,5b2c0ace46ba156dd9c72abc76a9290408012b9ad2e29fec176fe1d2a84e2b0f,Mutton/48 hr Mutton images/5826.jpg|Mutton/48 hr Mutton images/5827.jpg,2
train,36+ hr Mutton,48_hr_Mutton_0148.jpg,train/36+ hr Mutton/48_hr_Mutton_0148.jpg,497524,5aa913c86251fbcddf47c6ac8c20195edae153e0246794e381393701c032a38e,Mutton/48 hr Mutton images/5764.jpg|Mutton/48 hr Mutton images/5765.jpg|Mutton/48 hr Mutton images/5944.jpg,3
valid,0 hr Beef,0_hr_Beef_0000.jpg,valid/0 hr Beef/0_hr_Beef_0000.jpg,776900,061acbd694db5eb77b8a61cc8569dc9c82a5f02cdc31693cf66772cfb8c70f58,Beef/0 hr Beef images/1154.jpg|Beef/0 hr Beef images/1155.jpg,2
valid,0 hr Beef,0_hr_Beef_0001.jpg,valid/0 hr Beef/0_hr_Beef_0001.jpg,816923,a6775e01bfe19ef4eab7c151b6b70b863f26f159497c5c6647e160bade137829,Beef/0 hr Beef images/1300.jpg|Beef/0 hr Beef images/1301.jpg,2
valid,0 hr Beef,0_hr_Beef_0002.jpg,valid/0 hr Beef/0_hr_Beef_0002.jpg,788861,e246481a9f1a331be03d8a61e577944f80e13ae5ab79cf8eec7cafc664acdd1b,Beef/0 hr Beef images/1084.jpg|Beef/0 hr Beef images/1085.jpg|Beef/0 hr Beef images/1434.jpg,3
valid,0 hr Beef,0_hr_Beef_0003.jpg,valid/0 hr Beef/0_hr_Beef_0003.jpg,772140,d21194bd947667c933f1b63ec5b6e5b12f802d484d3e8a73dc05776561d89eca,Beef/0 hr Beef images/1234.jpg|Beef/0 hr Beef images/1235.jpg|Beef/0 hr Beef images/1428.jpg,3
valid,0 hr Beef,0_hr_Beef_0004.jpg,valid/0 hr Beef/0_hr_Beef_0004.jpg,792685,5eadf384d349a2d2cdde86514abedbcd3b513fecf6f4d0a2d2c8b8aace5432e0,Beef/0 hr Beef images/1322.jpg|Beef/0 hr Beef images/1323.jpg,2
valid,0 hr Beef,0_hr_Beef_0005.jpg,valid/0 hr Beef/0_hr_Beef_0005.jpg,797973,41afd1963424e8c6e05eebaf05210c1c7e90c22c34aecfe564168e6768675ce0,Beef/0 hr Beef images/1052.jpg|Beef/0 hr Beef images/1053.jpg,2
valid,0 hr Beef,0_hr_Beef_0006.jpg,valid/0 hr Beef/0_hr_Beef_0006.jpg,808190,3639d954cae703a958a92b15bf10e51e2276f6b3294d79bfdfc728193b99ac84,Beef/0 hr Beef images/1302.jpg|Beef/0 hr Beef images/1303.jpg,2
valid,0 hr Beef,0_hr_Beef_0007.jpg,valid/0 hr Beef/0_hr_Beef_0007.jpg,742829,76153979e8ea3fbbfa4a9e561321513c3ef61b08e069107a14e18471f9825fd8,Beef/0 hr Beef images/1344.jpg|Beef/0 hr Beef images/1345.jpg,2
valid,0 hr Beef,0_hr_Beef_0008.jpg,valid/0 hr Beef/0_hr_Beef_0008.jpg,821836,5e223d5e268ab913ca43e400d93d31cc41131552a956b05af300124afb6372ab,Beef/0 hr Beef images/1108.jpg|Beef/0 hr Beef images/1109.jpg,2
valid,0 hr Beef,0_hr_Beef_0009.jpg,valid/0 hr Beef/0_hr_Beef_0009.jpg,816797,c8c5e956baaf3db14bc85de01fa71aa04d090df380cdd717494bf0a66217fa40,Beef/0 hr Beef images/1026.jpg|Beef/0 hr Beef images/1027.jpg,2
valid,0 hr Beef,0_hr_Beef_0010.jpg,valid/0 hr Beef/0_hr_Beef_0010.jpg,783946,5e996ba771cf4aebe4f1d9c210f74fcf6d7074c85f5114638338e290a1736cba,Beef/0 hr Beef images/1272.jpg|Beef/0 hr Beef images/1273.jpg,2
valid,0 hr Beef,0_hr_Beef_0011.jpg,valid/0 hr Beef/0_hr_Beef_0011.jpg,805187,462dcd26ee8e5afb805942cafc4123b63318bca93173955dd77bf36ce3e719f4,Beef/0 hr Beef images/1268.jpg|Beef/0 hr Beef images/1269.jpg,2
valid,0 hr Beef,0_hr_Beef_0012.jpg,valid/0 hr Beef/0_hr_Beef_0012.jpg,728884,a7197a3fb21bc5455ec80b4eea989e3fac80bf3cdd64d0675214b3c216079756,Beef/0 hr Beef images/1018.jpg|Beef/0 hr Beef images/1019.jpg,2
valid,0 hr Beef,0_hr_Beef_0013.jpg,valid/0 hr Beef/0_hr_Beef_0013.jpg,769263,04a786277323d4f13e92d5bf664bc34a02644e3f4b013277116425fedc42cc25,Beef/0 hr Beef images/1236.jpg|Beef/0 hr Beef images/1237.jpg|Beef/0 hr Beef images/1425.jpg,3
valid,0 hr Beef,0_hr_Beef_0014.jpg,valid/0 hr Beef/0_hr_Beef_0014.jpg,791521,2ff6f9e7d1a2e79cdf81d5a16d426f08dfe73cea485168fdfd4b95edab60cb33,Beef/0 hr Beef images/1086.jpg|Beef/0 hr Beef images/1087.jpg|Beef/0 hr Beef images/1402.jpg,3
valid,0 hr Beef,0_hr_Beef_0015.jpg,valid/0 hr Beef/0_hr_Beef_0015.jpg,750105,bf6c64c6ed5503c2b05d91cefff0bfab8dbbc5ba6290ec5049c617abefa4df36,Beef/0 hr Beef images/1284.jpg|Beef/0 hr Beef images/1285.jpg,2
valid,0 hr Beef,0_hr_Beef_0016.jpg,valid/0 hr Beef/0_hr_Beef_0016.jpg,772071,e3e040f80dd6ac52347501aac9349a0b83ecfcbd7be6f5b073adc0d0804b07d9,Beef/0 hr Beef images/1386.jpg|Beef/0 hr Beef images/1387.jpg,2
valid,0 hr Beef,0_hr_Beef_0017.jpg,valid/0 hr Beef/0_hr_Beef_0017.jpg,796759,039c05838dedcec0e6504c938b41cdf85ede16cc558c17d1533d77b5387ae129,Beef/0 hr Beef images/1054.jpg|Beef/0 hr Beef images/1055.jpg,2
valid,0 hr Beef,0_hr_Beef_0018.jpg,valid/0 hr Beef/0_hr_Beef_0018.jpg,781388,236dbdf62e81fa152c258a637978123a8044e5a8f4668bf9f61ad39f79dde587,Beef/0 hr Beef images/1238.jpg|Beef/0 hr Beef images/1239.jpg,2
valid,0 hr Beef,0_hr_Beef_0019.jpg,valid/0 hr Beef/0_hr_Beef_0019.jpg,767912,473748b93d5b97d95879822ed87212ac22cb86633dc799f35c8aaea93a2c2819,Beef/0 hr Beef images/1228.jpg|Beef/0 hr Beef images/1229.jpg,2
valid,0 hr Beef,0_hr_Beef_0020.jpg,valid/0 hr Beef/0_hr_Beef_0020.jpg,809805,1be4e67e9c75192d08989cab93258411192b71503bd6084c596bad9b84c1d785,Beef/0 hr Beef images/1044.jpg|Beef/0 hr Beef images/1045.jpg,2
valid,0 hr Beef,0_hr_Beef_0021.jpg,valid/0 hr Beef/0_hr_Beef_0021.jpg,775208,68e1d786acd2af7386635ef291703bd69fe708042be68db616b90a10f37ea54c,Beef/0 hr Beef images/1006.jpg|Beef/0 hr Beef images/1007.jpg,2
valid,0 hr Beef,0_hr_Beef_0022.jpg,valid/0 hr Beef/0_hr_Beef_0022.jpg,802426,b768cd1a035190d157da3905947a104888a5d6623a87e6ec29d7678a8726480b,Beef/0 hr Beef images/1090.jpg|Beef/0 hr Beef images/1091.jpg|Beef/0 hr Beef images/1433.jpg,3
valid,0 hr Beef,0_hr_Beef_0023.jpg,valid/0 hr Beef/0_hr_Beef_0023.jpg,801740,e8b2db14be972269530288ee3e5ef27e9798e6e472d3cd5e78f289d8c49b4a27,Beef/0 hr Beef images/1164.jpg|Beef/0 hr Beef images/1165.jpg,2
valid,0 hr Beef,0_hr_Beef_0024.jpg,valid/0 hr Beef/0_hr_Beef_0024.jpg,817569,c809c4c7b170b196dbcf5b9960a80c4b9e03cd4a41efe93ce8d2353cffb3eba1,Beef/0 hr Beef images/1092.jpg|Beef/0 hr Beef images/1093.jpg,2
valid,0 hr Beef,0_hr_Beef_0025.jpg,valid/0 hr Beef/0_hr_Beef_0025.jpg,781516,5937155c620100855711a7e5ec1189cdfbc0a173e6e830eb831a1ad69654c5ea,Beef/0 hr Beef images/1374.jpg|Beef/0 hr Beef images/1375.jpg,2
valid,0 hr Beef,0_hr_Beef_0026.jpg,valid/0 hr Beef/0_hr_Beef_0026.jpg,723761,c666dbaeafeda58a55d5fdb8bdfebcd2cb1884194652f3b87c913d5db717b921,Beef/0 hr Beef images/1368.jpg|Beef/0 hr Beef images/1369.jpg|Beef/0 hr Beef images/1419.jpg,3
valid,0 hr Beef,0_hr_Beef_0027.jpg,valid/0 hr Beef/0_hr_Beef_0027.jpg,742456,630c84ac958525b99b0ff186e30745dff0a474daef46086c2cfbe26b23305e52,Beef/0 hr Beef images/1352.jpg|Beef/0 hr Beef images/1353.jpg,2
valid,0 hr Beef,0_hr_Beef_0028.jpg,valid/0 hr Beef/0_hr_Beef_0028.jpg,747096,eb118434e587bd2e30f1fc5d7b422743d8d555fc45ea98697784ebd9cf7d0a86,Beef/0 hr Beef images/1290.jpg|Beef/0 hr Beef images/1291.jpg|Beef/0 hr Beef images/1442.jpg,3
valid,0 hr Beef,0_hr_Beef_0029.jpg,valid/0 hr Beef/0_hr_Beef_0029.jpg,746720,d8a934266ba1c811b48178ce2a49fd47233a769bd6ce41ebc5014b58731502a5,Beef/0 hr Beef images/1288.jpg|Beef/0 hr Beef images/1289.jpg,2
valid,0 hr Mutton,0_hr_Mutton_0000.jpg,valid/0 hr Mutton/0_hr_Mutton_0000.jpg,488511,d7501cf2c75949ed74fd573c558c321ee03d3c3d6edc5edf185843d14b48bfff,Mutton/0 hr Mutton images/3626.jpg|Mutton/0 hr Mutton images/3627.jpg,2
valid,0 hr Mutton,0_hr_Mutton_0001.jpg,valid/0 hr Mutton/0_hr_Mutton_0001.jpg,516373,c97efba8bfd19b16e6f4c1e229541229c1b8be1fa962fed618571064c1a551a8,Mutton/0 hr Mutton images/3734.jpg|Mutton/0 hr Mutton images/3735.jpg,2
valid,0 hr Mutton,0_hr_Mutton_0002.jpg,valid/0 hr Mutton/0_hr_Mutton_0002.jpg,537574,204deb2af9a40c515c0d70607723e7d137e2fb0908e3d36e315ac1fd7b6e3f7d,Mutton/0 hr Mutton images/3718.jpg|Mutton/0 hr Mutton images/3719.jpg|Mutton/0 hr Mutton images/3917.jpg,3
valid,0 hr Mutton,0_hr_Mutton_0003.jpg,valid/0 hr Mutton/0_hr_Mutton_0003.jpg,625604,ebac9ef94f8e6f6bb0fe7d7ff514595c440cdac8af99a7346dded12fb180e57a,Mutton/0 hr Mutton images/3808.jpg|Mutton/0 hr Mutton images/3809.jpg,2
valid,0 hr Mutton,0_hr_Mutton_0004.jpg,valid/0 hr Mutton/0_hr_Mutton_0004.jpg,614638,36a51e5645108d09a872efa29b3a3d2e9c3992bfb34a28a443d2464deefa5a18,Mutton/0 hr Mutton images/3500.jpg|Mutton/0 hr Mutton images/3501.jpg,2
valid,0 hr Mutton,0_hr_Mutton_0005.jpg,valid/0 hr Mutton/0_hr_Mutton_0005.jpg,477589,52a145da749d37d4934285c40737113ae62871e9558d02d6bb8ec54818b27803,Mutton/0 hr Mutton images/3730.jpg|Mutton/0 hr Mutton images/3731.jpg,2
valid,0 hr Mutton,0_hr_Mutton_0006.jpg,valid/0 hr Mutton/0_hr_Mutton_0006.jpg,632764,af78a672b9f20a7d0dd5f9b4983212150591a085d0dc8b50d70e698160a311a2,Mutton/0 hr Mutton images/3820.jpg|Mutton/0 hr Mutton images/3821.jpg,2
valid,0 hr Mutton,0_hr_Mutton_0007.jpg,valid/0 hr Mutton/0_hr_Mutton_0007.jpg,548991,fce3b33da5e8fcd10494cb8d3d40b40f7b4ff6112dd6a58e8e1835ca2c41ac6c,Mutton/0 hr Mutton images/3684.jpg|Mutton/0 hr Mutton images/3685.jpg,2
valid,0 hr Mutton,0_hr_Mutton_0008.jpg,valid/0 hr Mutton/0_hr_Mutton_0008.jpg,477038,2fdf55790f46c34ee03c1c34f4293e4bf0eda97ff932dfacb4d7df1ec9cb4a28,Mutton/0 hr Mutton images/3830.jpg|Mutton/0 hr Mutton images/3831.jpg,2
valid,0 hr Mutton,0_hr_Mutton_0009.jpg,valid/0 hr Mutton/0_hr_Mutton_0009.jpg,501896,012b2330338574ff98e39b90d486d246721bd23210f1d990217aff360a080907,Mutton/0 hr Mutton images/3858.jpg|Mutton/0 hr Mutton images/3859.jpg,2
valid,0 hr Mutton,0_hr_Mutton_0010.jpg,valid/0 hr Mutton/0_hr_Mutton_0010.jpg,486021,60735c7d6542459a06dc746ce5297947cd3ba18c5048b8ca0a64a2bf746a2c7d,Mutton/0 hr Mutton images/3672.jpg|Mutton/0 hr Mutton images/3673.jpg,2
valid,0 hr Mutton,0_hr_Mutton_0011.jpg,valid/0 hr Mutton/0_hr_Mutton_0011.jpg,531765,ff74549d0e0880fad08249da4c80410554797d66992674c9779db7fbf1d0c843,Mutton/0 hr Mutton images/3822.jpg|Mutton/0 hr Mutton images/3823.jpg,2
valid,0 hr Mutton,0_hr_Mutton_0012.jpg,valid/0 hr Mutton/0_hr_Mutton_0012.jpg,479007,76dbb2148c60f6158a3978fc8834cddb2ef2b836b1c5aa1e4b1c9b4df7b229bc,Mutton/0 hr Mutton images/3668.jpg|Mutton/0 hr Mutton images/3669.jpg|Mutton/0 hr Mutton images/3914.jpg,3
valid,0 hr Mutton,0_hr_Mutton_0013.jpg,valid/0 hr Mutton/0_hr_Mutton_0013.jpg,636282,4be424737cf9e721474b63dafdf669b5c55ad00ad7047ee2593bb6364ce0d0e3,Mutton/0 hr Mutton images/3508.jpg|Mutton/0 hr Mutton images/3509.jpg,2
valid,0 hr Mutton,0_hr_Mutton_0014.jpg,valid/0 hr Mutton/0_hr_Mutton_0014.jpg,501759,aa0f4bdd4b998a93539a707d24c0751df64e0922673879e19cd840980baf7ae1,Mutton/0 hr Mutton images/3638.jpg|Mutton/0 hr Mutton images/3639.jpg,2
valid,0 hr Mutton,0_hr_Mutton_0015.jpg,valid/0 hr Mutton/0_hr_Mutton_0015.jpg,528972,bc2d3e8591e7f060d9039f218c062560222cdc836e18ab2aa2e8d9b023cfbe96,Mutton/0 hr Mutton images/3896.jpg|Mutton/0 hr Mutton images/3897.jpg,2
valid,0 hr Mutton,0_hr_Mutton_0016.jpg,valid/0 hr Mutton/0_hr_Mutton_0016.jpg,520730,a87bd0f431b77335706fdb44c2cf95f711cf61007e2e07542eae50dd0f1b8088,Mutton/0 hr Mutton images/3866.jpg|Mutton/0 hr Mutton images/3867.jpg,2
valid,0 hr Mutton,0_hr_Mutton_0017.jpg,valid/0 hr Mutton/0_hr_Mutton_0017.jpg,586635,954dbba45739e1148aae9ca74bb6040aaeaed150be4a4e66d5abfd2793cc74f2,Mutton/0 hr Mutton images/3620.jpg|Mutton/0 hr Mutton images/3621.jpg,2
valid,0 hr Mutton,0_hr_Mutton_0018.jpg,valid/0 hr Mutton/0_hr_Mutton_0018.jpg,574553,89a6b0f156ef13f847a72c5ca8e6a8221f2bee5fe852113610246312b051a785,Mutton/0 hr Mutton images/3664.jpg|Mutton/0 hr Mutton images/3665.jpg,2
valid,0 hr Mutton,0_hr_Mutton_0019.jpg,valid/0 hr Mutton/0_hr_Mutton_0019.jpg,556142,3f4d11593a51980f580e6cc988c0e80f3e8a7af2dcb5a669e0b3fcb06538eb7b,Mutton/0 hr Mutton images/3702.jpg|Mutton/0 hr Mutton images/3703.jpg,2
valid,0 hr Mutton,0_hr_Mutton_0020.jpg,valid/0 hr Mutton/0_hr_Mutton_0020.jpg,626582,2dd1ad970c433224ce27fa4ec1831aec8168c71475f38f52502d03be999498be,Mutton/0 hr Mutton images/3676.jpg|Mutton/0 hr Mutton images/3677.jpg,2
valid,0 hr Mutton,0_hr_Mutton_0021.jpg,valid/0 hr Mutton/0_hr_Mutton_0021.jpg,475078,794ebf7158821a9d76be8a9cbdc482849775301c81b44d55f1164c240e7a4645,Mutton/0 hr Mutton images/3900.jpg|Mutton/0 hr Mutton images/3901.jpg,2
valid,0 hr Mutton,0_hr_Mutton_0022.jpg,valid/0 hr Mutton/0_hr_Mutton_0022.jpg,602625,dfae853c456890e4130b0eff5ad8d023974ff6491e22ea6243aee5a3f94817a8,Mutton/0 hr Mutton images/3530.jpg|Mutton/0 hr Mutton images/3531.jpg,2
valid,0 hr Mutton,0_hr_Mutton_0023.jpg,valid/0 hr Mutton/0_hr_Mutton_0023.jpg,549565,ff5bd2629b190d012a2b6c4ffb0cb99f97747cf3f5c6f34ab1b793d3dd81fb6b,Mutton/0 hr Mutton images/3578.jpg|Mutton/0 hr Mutton images/3579.jpg,2
valid,0 hr Mutton,0_hr_Mutton_0024.jpg,valid/0 hr Mutton/0_hr_Mutton_0024.jpg,502362,ca2c814da2fc26f079d7f1f5e6e9f050577bbad17a4ae6acb7f74dfcf0cc7d5e,Mutton/0 hr Mutton images/3862.jpg|Mutton/0 hr Mutton images/3863.jpg,2
valid,0 hr Mutton,0_hr_Mutton_0025.jpg,valid/0 hr Mutton/0_hr_Mutton_0025.jpg,518511,329be7b3c65e0be0db59c9c87e2f7e4d40fa6644519b5d70cc788682a1769c3f,Mutton/0 hr Mutton images/3510.jpg|Mutton/0 hr Mutton images/3511.jpg,2
valid,0 hr Mutton,0_hr_Mutton_0026.jpg,valid/0 hr Mutton/0_hr_Mutton_0026.jpg,554838,0414ca3fc5379f7461aef5a0329c2ee0d5e3243a65720de4a83d6b6e8d76cb81,Mutton/0 hr Mutton images/3520.jpg|Mutton/0 hr Mutton images/3521.jpg,2
valid,0 hr Mutton,0_hr_Mutton_0027.jpg,valid/0 hr Mutton/0_hr_Mutton_0027.jpg,498950,4e55f1308775674f54b6ba57d2f0443fdbcaf8ddd3c0c40aada554372dacac44,Mutton/0 hr Mutton images/3604.jpg|Mutton/0 hr Mutton images/3605.jpg,2
valid,0 hr Mutton,0_hr_Mutton_0028.jpg,valid/0 hr Mutton/0_hr_Mutton_0028.jpg,556741,7c40c71fb0d735ad8e833c61896db297c6a7b4302907b8784608df449cb33db3,Mutton/0 hr Mutton images/3686.jpg|Mutton/0 hr Mutton images/3687.jpg,2
valid,0 hr Mutton,0_hr_Mutton_0029.jpg,valid/0 hr Mutton/0_hr_Mutton_0029.jpg,539019,e615f737c05e94cc7c9e19fd95c7a93a03521566d5b295f03884771a804e9efb,Mutton/0 hr Mutton images/3546.jpg|Mutton/0 hr Mutton images/3547.jpg,2
valid,0 hr Mutton,0_hr_Mutton_0030.jpg,valid/0 hr Mutton/0_hr_Mutton_0030.jpg,527329,8b4bdd101f7e3a8e1dda6b38c6338a50df5297a2785302c3bb04c65c6363d2ce,Mutton/0 hr Mutton images/3740.jpg|Mutton/0 hr Mutton images/3741.jpg,2
valid,12 hr Beef,12_hr_Beef_0000.jpg,valid/12 hr Beef/12_hr_Beef_0000.jpg,456499,0b7d14e33574ba032166714102b29e32f6f1420cade27557b994fac80fa947e5,Beef/12 hr Beef images/1754.jpg|Beef/12 hr Beef images/1755.jpg,2
valid,12 hr Beef,12_hr_Beef_0001.jpg,valid/12 hr Beef/12_hr_Beef_0001.jpg,461181,42e4a004ba1554f374a00b6cd46dc01eade484553084ce4a84390df539028856,Beef/12 hr Beef images/1696.jpg|Beef/12 hr Beef images/1697.jpg,2
valid,12 hr Beef,12_hr_Beef_0002.jpg,valid/12 hr Beef/12_hr_Beef_0002.jpg,473553,0bd994665c061c53eb52ab6be8ead9f75ddbc570af457830a2a0722f16ba2d5f,Beef/12 hr Beef images/1588.jpg|Beef/12 hr Beef images/1589.jpg,2
valid,12 hr Beef,12_hr_Beef_0003.jpg,valid/12 hr Beef/12_hr_Beef_0003.jpg,545972,80888df7caf2ae5cce0cbda86347a35144284e0b42bc569c0c7f25ab12b1dd18,Beef/12 hr Beef images/1536.jpg|Beef/12 hr Beef images/1537.jpg,2
valid,12 hr Beef,12_hr_Beef_0004.jpg,valid/12 hr Beef/12_hr_Beef_0004.jpg,458940,93f18ff9f00898bb5a60b1f60bf53964058ff23ee3c94948d801278e0e8e7f58,Beef/12 hr Beef images/1706.jpg|Beef/12 hr Beef images/1707.jpg,2
valid,12 hr Beef,12_hr_Beef_0005.jpg,valid/12 hr Beef/12_hr_Beef_0005.jpg,461578,48993ea07ec9abc4343432fa98a33bf5502aff6ecc6a36403b3456bc6cfbb079,Beef/12 hr Beef images/1788.jpg|Beef/12 hr Beef images/1789.jpg,2
valid,12 hr Beef,12_hr_Beef_0006.jpg,valid/12 hr Beef/12_hr_Beef_0006.jpg,473671,94d8e7819c2024642586741dbe9e33b675c2dad32ceed6ec7c682ad735daf950,Beef/12 hr Beef images/1856.jpg|Beef/12 hr Beef images/1857.jpg,2
valid,12 hr Beef,12_hr_Beef_0007.jpg,valid/12 hr Beef/12_hr_Beef_0007.jpg,437092,9e8cf9ddb6043bc5dd5881f36326a8150d504b496c30300799f912ff26caaa72,Beef/12 hr Beef images/1648.jpg|Beef/12 hr Beef images/1649.jpg,2
valid,12 hr Beef,12_hr_Beef_0008.jpg,valid/12 hr Beef/12_hr_Beef_0008.jpg,462365,fa0c02039d67f0ddd4d9a6f0913c482c84a2c072c78d4ba930d023ebfa66077c,Beef/12 hr Beef images/1578.jpg|Beef/12 hr Beef images/1579.jpg|Beef/12 hr Beef images/1909.jpg,3
valid,12 hr Beef,12_hr_Beef_0009.jpg,valid/12 hr Beef/12_hr_Beef_0009.jpg,547570,4cf27ab6d6b5924f47089a269516adbd037c3b819cc64395cca6fe3e9d162ec4,Beef/12 hr Beef images/1508.jpg|Beef/12 hr Beef images/1509.jpg|Beef/12 hr Beef images/1939.jpg,3
valid,12 hr Beef,12_hr_Beef_0010.jpg,valid/12 hr Beef/12_hr_Beef_0010.jpg,448241,51ba683cac5b1194872f36478a3cbe2379158e41e671351e20c88fcb9a0d731b,Beef/12 hr Beef images/1758.jpg|Beef/12 hr Beef images/1759.jpg,2
valid,12 hr Beef,12_hr_Beef_0011.jpg,valid/12 hr Beef/12_hr_Beef_0011.jpg,459009,510be3094be3f9b41b3faa5c147bd22eb0c945510d5d1c6c0bdd0a9a6eb6b232,Beef/12 hr Beef images/1708.jpg|Beef/12 hr Beef images/1709.jpg,2
valid,12 hr Beef,12_hr_Beef_0012.jpg,valid/12 hr Beef/12_hr_Beef_0012.jpg,492167,6d2ffddeb96dcd75f33bddd62e17476e762ea21068ed08ae558a65500432ba6f,Beef/12 hr Beef images/1582.jpg|Beef/12 hr Beef images/1583.jpg|Beef/12 hr Beef images/1947.jpg,3
valid,12 hr Beef,12_hr_Beef_0013.jpg,valid/12 hr Beef/12_hr_Beef_0013.jpg,445808,69e12795964853c45a2f719a4ee7b4a333cb5852e62d5141a2824285513f7785,Beef/12 hr Beef images/1800.jpg|Beef/12 hr Beef images/1801.jpg,2
valid,12 hr Beef,12_hr_Beef_0014.jpg,valid/12 hr Beef/12_hr_Beef_0014.jpg,492917,129042f9796cbe892b6e742b52eb619bddca784ac025cd810fae1803c9499c38,Beef/12 hr Beef images/1884.jpg|Beef/12 hr Beef images/1885.jpg|Beef/12 hr Beef images/1934.jpg,3
valid,12 hr Beef,12_hr_Beef_0015.jpg,valid/12 hr Beef/12_hr_Beef_0015.jpg,423083,e32ec828f712bb78c00cd95b1051a4444b32aaf21c7f248ba817f45990b962ca,Beef/12 hr Beef images/1744.jpg|Beef/12 hr Beef images/1745.jpg,2
valid,12 hr Beef,12_hr_Beef_0016.jpg,valid/12 hr Beef/12_hr_Beef_0016.jpg,457977,7f4b1c5ee778179bb001b890369f7321ea52ab335607cffe9ffd8f20627bb31e,Beef/12 hr Beef images/1724.jpg|Beef/12 hr Beef images/1725.jpg,2
valid,12 hr Beef,12_hr_Beef_0017.jpg,valid/12 hr Beef/12_hr_Beef_0017.jpg,455601,0cc8ec2b8a7cea549c3f63493ed2e984cfc7df994e31f94fd1d88ce4a94e789b,Beef/12 hr Beef images/1740.jpg|Beef/12 hr Beef images/1741.jpg,2
valid,12 hr Beef,12_hr_Beef_0018.jpg,valid/12 hr Beef/12_hr_Beef_0018.jpg,459409,5f5ab0a9c2f83f8897a0f1801fa9372fb0466e1e5afb1c1c6e22efd0105ea6e6,Beef/12 hr Beef images/1738.jpg|Beef/12 hr Beef images/1739.jpg,2
valid,12 hr Beef,12_hr_Beef_0019.jpg,valid/12 hr Beef/12_hr_Beef_0019.jpg,481035,97c5460ae0c137d8932017d856915851ed0a471d18da2d2e877c0886bd6f923c,Beef/12 hr Beef images/1666.jpg|Beef/12 hr Beef images/1667.jpg,2
valid,12 hr Beef,12_hr_Beef_0020.jpg,valid/12 hr Beef/12_hr_Beef_0020.jpg,482900,9c768f7e0dea9ee7c05937186b5c5aeda4b723422102d85a32e47347e422cec5,Beef/12 hr Beef images/1712.jpg|Beef/12 hr Beef images/1713.jpg,2
valid,12 hr Beef,12_hr_Beef_0021.jpg,valid/12 hr Beef/12_hr_Beef_0021.jpg,458349,e8eedb462859b539c0fa2495a4ff05a95e7072f333d218bb57ba69794f9da226,Beef/12 hr Beef images/1700.jpg|Beef/12 hr Beef images/1701.jpg|Beef/12 hr Beef images/1928.jpg,3
valid,12 hr Beef,12_hr_Beef_0022.jpg,valid/12 hr Beef/12_hr_Beef_0022.jpg,448382,5225bd1f4035109013a61b47f9e159bf46d7b8de19f4f606150bf81007785c07,Beef/12 hr Beef images/1756.jpg|Beef/12 hr Beef images/1757.jpg,2
valid,12 hr Beef,12_hr_Beef_0023.jpg,valid/12 hr Beef/12_hr_Beef_0023.jpg,437169,ad40cd7e0156834a74d92d4f0fbacd743272a96d371601437c4e2e2140cb60f4,Beef/12 hr Beef images/1716.jpg|Beef/12 hr Beef images/1717.jpg,2
valid,12 hr Beef,12_hr_Beef_0024.jpg,valid/12 hr Beef/12_hr_Beef_0024.jpg,475089,614ac955f36fbf1d19c837cf6d5239689972ce146fb082492071e658565b7582,Beef/12 hr Beef images/1664.jpg|Beef/12 hr Beef images/1665.jpg,2
valid,12 hr Beef,12_hr_Beef_0025.jpg,valid/12 hr Beef/12_hr_Beef_0025.jpg,486154,8a4cae1127c6eab9a044d77849a27c78f704f7da2b328ea394e8d7579543a3f4,Beef/12 hr Beef images/1816.jpg|Beef/12 hr Beef images/1817.jpg,2
valid,12 hr Beef,12_hr_Beef_0026.jpg,valid/12 hr Beef/12_hr_Beef_0026.jpg,508642,c494427e8ef86cdd683f6d607dc63fad1b0ccb1e53c8b31455cca7b8d6406fe9,Beef/12 hr Beef images/1772.jpg|Beef/12 hr Beef images/1773.jpg,2
valid,12 hr Beef,12_hr_Beef_0027.jpg,valid/12 hr Beef/12_hr_Beef_0027.jpg,489316,96a6df1be295c1d88d1300030d31de062992c93061fc02d6f9c778877e7212d2,Beef/12 hr Beef images/1632.jpg|Beef/12 hr Beef images/1633.jpg,2
valid,12 hr Beef,12_hr_Beef_0028.jpg,valid/12 hr Beef/12_hr_Beef_0028.jpg,420154,a8bb5890cdeb1e3802c74fc66b9049112fcfc494f4949e10642d4dc8b09ec28b,Beef/12 hr Beef images/1644.jpg|Beef/12 hr Beef images/1645.jpg,2
valid,12 hr Beef,12_hr_Beef_0029.jpg,valid/12 hr Beef/12_hr_Beef_0029.jpg,473778,3ad1166dfd3a2d2294c66907f8206214573bbbfb7a621c6f8a415abb185cf48d,Beef/12 hr Beef images/1818.jpg|Beef/12 hr Beef images/1819.jpg,2
valid,12 hr Beef,12_hr_Beef_0030.jpg,valid/12 hr Beef/12_hr_Beef_0030.jpg,429272,cd79b56391fb3c7648991fc8096e5b3c64db0cf83692c8f9f5e9504a4cf7702f,Beef/12 hr Beef images/1646.jpg|Beef/12 hr Beef images/1647.jpg,2
valid,12 hr Mutton,12_hr_Mutton_0000.jpg,valid/12 hr Mutton/12_hr_Mutton_0000.jpg,440704,36d66586590f52c1c845c3fc8a5dd653be9f7baaeb00234bdb691f32da30bc40,Mutton/12 hr Mutton images/4384.jpg|Mutton/12 hr Mutton images/4385.jpg,2
valid,12 hr Mutton,12_hr_Mutton_0001.jpg,valid/12 hr Mutton/12_hr_Mutton_0001.jpg,472094,60b02456216e8068d57f323a8a54cec40025290f4da1abe810509a615e2d0c88,Mutton/12 hr Mutton images/4138.jpg|Mutton/12 hr Mutton images/4139.jpg,2
valid,12 hr Mutton,12_hr_Mutton_0002.jpg,valid/12 hr Mutton/12_hr_Mutton_0002.jpg,556265,b279418df0188ed0b10e760f61530ca214f08583a95b0c161195c67a8f51946d,Mutton/12 hr Mutton images/4318.jpg|Mutton/12 hr Mutton images/4319.jpg,2
valid,12 hr Mutton,12_hr_Mutton_0003.jpg,valid/12 hr Mutton/12_hr_Mutton_0003.jpg,457007,a5145b55da65223906aea6071add9ea83918065fc6ba163572ed590d836a1c9a,Mutton/12 hr Mutton images/4294.jpg|Mutton/12 hr Mutton images/4295.jpg,2
valid,12 hr Mutton,12_hr_Mutton_0004.jpg,valid/12 hr Mutton/12_hr_Mutton_0004.jpg,554895,6b2921084e246b200a6e094712db7605f1e53e4e4b6a6061411d6baf1ed472a5,Mutton/12 hr Mutton images/4084.jpg|Mutton/12 hr Mutton images/4085.jpg,2
valid,12 hr Mutton,12_hr_Mutton_0005.jpg,valid/12 hr Mutton/12_hr_Mutton_0005.jpg,410653,5d1b6d0a9352b52278c5e353a7c84d41eade668dab15f6bd5949aabaf605ea03,Mutton/12 hr Mutton images/4286.jpg|Mutton/12 hr Mutton images/4287.jpg,2
valid,12 hr Mutton,12_hr_Mutton_0006.jpg,valid/12 hr Mutton/12_hr_Mutton_0006.jpg,463014,d3eb8d7a58f16f8627c1ba6127749b5e9e749e5fcbd308fac2c164230865bac0,Mutton/12 hr Mutton images/4082.jpg|Mutton/12 hr Mutton images/4083.jpg,2
valid,12 hr Mutton,12_hr_Mutton_0007.jpg,valid/12 hr Mutton/12_hr_Mutton_0007.jpg,464746,1a2f69ad6502ffb5089b5f62f235af73b5f3be0e9f82b84dfc8d38fc1e655649,Mutton/12 hr Mutton images/4246.jpg|Mutton/12 hr Mutton images/4247.jpg,2
valid,12 hr Mutton,12_hr_Mutton_0008.jpg,valid/12 hr Mutton/12_hr_Mutton_0008.jpg,562787,bfc787010a720e91acf00a3184c6b1ccc00ad49aecb56bc12732608ecdf2537a,Mutton/12 hr Mutton images/4004.jpg|Mutton/12 hr Mutton images/4005.jpg,2
valid,12 hr Mutton,12_hr_Mutton_0009.jpg,valid/12 hr Mutton/12_hr_Mutton_0009.jpg,485686,00b080a622db0d2145d54b2b80699d390f10091466646bfffa3145656a024ce0,Mutton/12 hr Mutton images/4022.jpg|Mutton/12 hr Mutton images/4023.jpg,2
valid,12 hr Mutton,12_hr_Mutton_0010.jpg,valid/12 hr Mutton/12_hr_Mutton_0010.jpg,521663,35653cb1a60bba91135ef9b92b573f426e3cbec91ae02e1406e89733bc43ff92,Mutton/12 hr Mutton images/4364.jpg|Mutton/12 hr Mutton images/4365.jpg,2
valid,12 hr Mutton,12_hr_Mutton_0011.jpg,valid/12 hr Mutton/12_hr_Mutton_0011.jpg,512355,0042f2f514f1f4c4e8f95cf8633c198dcc259d24283cbe4b1a2554520e6552ab,Mutton/12 hr Mutton images/4330.jpg|Mutton/12 hr Mutton images/4331.jpg|Mutton/12 hr Mutton images/4435.jpg,3
valid,12 hr Mutton,12_hr_Mutton_0012.jpg,valid/12 hr Mutton/12_hr_Mutton_0012.jpg,560353,8a42e2de0d2e7e22f995b3a864925c08b96cc238ce962692bc182708eebe7aee,Mutton/12 hr Mutton images/4010.jpg|Mutton/12 hr Mutton images/4011.jpg,2
valid,12 hr Mutton,12_hr_Mutton_0013.jpg,valid/12 hr Mutton/12_hr_Mutton_0013.jpg,492194,047703857accc70ef98342a7c11d68e5b83ef305adacf04d8d7a0ad81a9ebc7d,Mutton/12 hr Mutton images/4366.jpg|Mutton/12 hr Mutton images/4367.jpg,2
valid,12 hr Mutton,12_hr_Mutton_0014.jpg,valid/12 hr Mutton/12_hr_Mutton_0014.jpg,503774,b61250afa349d05edd5bf6eb7bd6207f21e6b5671b2b1bbd1547bff5613ee6ca,Mutton/12 hr Mutton images/4262.jpg|Mutton/12 hr Mutton images/4263.jpg,2
valid,12 hr Mutton,12_hr_Mutton_0015.jpg,valid/12 hr Mutton/12_hr_Mutton_0015.jpg,479004,fc8fc43d39676007d597139713496196c03f27521fc10f6442197279e68637d4,Mutton/12 hr Mutton images/4196.jpg|Mutton/12 hr Mutton images/4197.jpg,2
valid,12 hr Mutton,12_hr_Mutton_0016.jpg,valid/12 hr Mutton/12_hr_Mutton_0016.jpg,465126,ece6f866f5462a677d1965943615000a93b7d3b69c0da7fec724a03c0d7ca3ac,Mutton/12 hr Mutton images/4360.jpg|Mutton/12 hr Mutton images/4361.jpg,2
valid,12 hr Mutton,12_hr_Mutton_0017.jpg,valid/12 hr Mutton/12_hr_Mutton_0017.jpg,500394,6985bd1179d4b74cbcf9869b5c557fd082bb4b24a241dff07cd843c6e484f45f,Mutton/12 hr Mutton images/4088.jpg|Mutton/12 hr Mutton images/4089.jpg,2
valid,12 hr Mutton,12_hr_Mutton_0018.jpg,valid/12 hr Mutton/12_hr_Mutton_0018.jpg,446957,f3e6d922eb304acb93d47e23c219a81f8285675bb5323cc307b083194890f0a1,Mutton/12 hr Mutton images/4416.jpg|Mutton/12 hr Mutton images/4417.jpg,2
valid,12 hr Mutton,12_hr_Mutton_0019.jpg,valid/12 hr Mutton/12_hr_Mutton_0019.jpg,505533,b73413492421ab37cf38e25de471ff224b3a4f3d3088ec5164db88e7572b1ff3,Mutton/12 hr Mutton images/4342.jpg|Mutton/12 hr Mutton images/4343.jpg,2
valid,12 hr Mutton,12_hr_Mutton_0020.jpg,valid/12 hr Mutton/12_hr_Mutton_0020.jpg,531039,ce11167384e1a137a4a29cf0738c0a20a7aecc3576ceeecab761d99ade141d56,Mutton/12 hr Mutton images/4356.jpg|Mutton/12 hr Mutton images/4357.jpg,2
valid,12 hr Mutton,12_hr_Mutton_0021.jpg,valid/12 hr Mutton/12_hr_Mutton_0021.jpg,454394,6c1b82e3b18bcec203ecb0336dfbcc5653754e7acb1c8d180f4e467de1f474b1,Mutton/12 hr Mutton images/4264.jpg|Mutton/12 hr Mutton images/4265.jpg,2
valid,12 hr Mutton,12_hr_Mutton_0022.jpg,valid/12 hr Mutton/12_hr_Mutton_0022.jpg,427226,d0fd4e4054147d124afd18d91a8a9ed62801597f59da3d400ed0ce3a7fa4abaf,Mutton/12 hr Mutton images/4400.jpg|Mutton/12 hr Mutton images/4401.jpg,2
valid,12 hr Mutton,12_hr_Mutton_0023.jpg,valid/12 hr Mutton/12_hr_Mutton_0023.jpg,436668,e8d4e32fca5ac7b90d7e0b7397e4e081aaeaaa769380d931b232e464d5dbfd8c,Mutton/12 hr Mutton images/4208.jpg|Mutton/12 hr Mutton images/4209.jpg,2
valid,12 hr Mutton,12_hr_Mutton_0024.jpg,valid/12 hr Mutton/12_hr_Mutton_0024.jpg,475956,768369cbf7bedc452e2e2c9ebd260aa77e90c4b70825b8459b383d63852a1f68,Mutton/12 hr Mutton images/4130.jpg|Mutton/12 hr Mutton images/4131.jpg,2
valid,12 hr Mutton,12_hr_Mutton_0025.jpg,valid/12 hr Mutton/12_hr_Mutton_0025.jpg,527932,a9764890808692ce7a0bd6cd42506596f66a44e961154ee377aece67f008edbb,Mutton/12 hr Mutton images/4018.jpg|Mutton/12 hr Mutton images/4019.jpg,2
valid,12 hr Mutton,12_hr_Mutton_0026.jpg,valid/12 hr Mutton/12_hr_Mutton_0026.jpg,475047,4d902fa9e4ad97561bbb62fad2ed9a3984c6c235a40d647a6b01b62936f41a35,Mutton/12 hr Mutton images/4168.jpg|Mutton/12 hr Mutton images/4169.jpg,2
valid,12 hr Mutton,12_hr_Mutton_0027.jpg,valid/12 hr Mutton/12_hr_Mutton_0027.jpg,524614,8d1f0aec10dba21df7900ff13e99bd1557bb916cace418cb0936c087f8c7a423,Mutton/12 hr Mutton images/4078.jpg|Mutton/12 hr Mutton images/4079.jpg,2
valid,12 hr Mutton,12_hr_Mutton_0028.jpg,valid/12 hr Mutton/12_hr_Mutton_0028.jpg,482948,ac570e05ebb84c547c7c0d3ac00d75ec6f6643cb4c57219fb370cecd053c5c41,Mutton/12 hr Mutton images/4390.jpg|Mutton/12 hr Mutton images/4391.jpg,2
valid,12 hr Mutton,12_hr_Mutton_0029.jpg,valid/12 hr Mutton/12_hr_Mutton_0029.jpg,437204,9e6ea8682093ec7d8da967475ab5a3a180cd1a59dc46799c3a38e5b1e6c00932,Mutton/12 hr Mutton images/4350.jpg|Mutton/12 hr Mutton images/4351.jpg,2
valid,12 hr Mutton,12_hr_Mutton_0030.jpg,valid/12 hr Mutton/12_hr_Mutton_0030.jpg,541816,f29e0a502244c99149e162de082d0e98d134ae79b71cb700ca6c08a2e0ec32b6,Mutton/12 hr Mutton images/4312.jpg|Mutton/12 hr Mutton images/4313.jpg,2
valid,24 hr Beef,24_hr_Beef_0000.jpg,valid/24 hr Beef/24_hr_Beef_0000.jpg,549928,d11d81f8e5f7044e4d11e85b8fe7434deef9bd4efb450b8696edd26adbe47f94,Beef/24 hr Beef images/2116.jpg|Beef/24 hr Beef images/2289.jpg,2
valid,24 hr Beef,24_hr_Beef_0001.jpg,valid/24 hr Beef/24_hr_Beef_0001.jpg,436736,dacf5b9f74085b609afe4250d4b477acbd7ef9a4ac23b5a2708e958894b68888,Beef/24 hr Beef images/2155.jpg|Beef/24 hr Beef images/2246.jpg,2
valid,24 hr Beef,24_hr_Beef_0002.jpg,valid/24 hr Beef/24_hr_Beef_0002.jpg,471388,d2ac70108bc3994851a5b9f1967536a1d9f3c96e083a3f8f86ec70d6f31ae2b6,Beef/24 hr Beef images/2164.jpg|Beef/24 hr Beef images/2353.jpg,2
valid,24 hr Beef,24_hr_Beef_0003.jpg,valid/24 hr Beef/24_hr_Beef_0003.jpg,472159,2aa52e8d48d183f89528d9d3b2495cd58570fa124c6e5fb5e1a057ff16709b1e,Beef/24 hr Beef images/2133.jpg|Beef/24 hr Beef images/2230.jpg,2
valid,24 hr Beef,24_hr_Beef_0004.jpg,valid/24 hr Beef/24_hr_Beef_0004.jpg,443909,3cda59ef5eb4f54b9289e5f0a058b2b150d1fe0f0006990f2a8f12a3afe3d95d,Beef/24 hr Beef images/2212.jpg|Beef/24 hr Beef images/2350.jpg,2
valid,24 hr Beef,24_hr_Beef_0005.jpg,valid/24 hr Beef/24_hr_Beef_0005.jpg,536373,e558ca0200f0fdfd7694292ed8aaf36c3694fbda19b22552371dd94475eca8db,Beef/24 hr Beef images/2021.jpg|Beef/24 hr Beef images/2318.jpg,2
valid,24 hr Beef,24_hr_Beef_0006.jpg,valid/24 hr Beef/24_hr_Beef_0006.jpg,482223,e670dc6069cc899987f6b8ffd5a7a801c1aff27ab1afa8bc71b83b21f02d2d3f,Beef/24 hr Beef images/2143.jpg|Beef/24 hr Beef images/2345.jpg,2
valid,24 hr Beef,24_hr_Beef_0007.jpg,valid/24 hr Beef/24_hr_Beef_0007.jpg,510120,b1635e87bce339727d49d185fdddc8986dad76719cdc3a68f6c477cb612649d4,Beef/24 hr Beef images/2195.jpg|Beef/24 hr Beef images/2317.jpg,2
valid,24 hr Beef,24_hr_Beef_0008.jpg,valid/24 hr Beef/24_hr_Beef_0008.jpg,457166,8cf0f9c50ea69765f830a6ef566b7501e448c99d54a91afc99ec960ad0f5c961,Beef/24 hr Beef images/2070.jpg|Beef/24 hr Beef images/2442.jpg,2
valid,24 hr Beef,24_hr_Beef_0009.jpg,valid/24 hr Beef/24_hr_Beef_0009.jpg,450586,ee71c79c3ed42633958c2970c669610dc05038fa76d090b01bfb976331667568,Beef/24 hr Beef images/2055.jpg|Beef/24 hr Beef images/2413.jpg,2
valid,24 hr Beef,24_hr_Beef_0010.jpg,valid/24 hr Beef/24_hr_Beef_0010.jpg,529167,b3ca9b6d2f29afba22702b271027032c022fecc6661896bf8ebb3a6b8c4cf69d,Beef/24 hr Beef images/2162.jpg|Beef/24 hr Beef images/2362.jpg,2
valid,24 hr Beef,24_hr_Beef_0011.jpg,valid/24 hr Beef/24_hr_Beef_0011.jpg,498033,fdd111b7123f8b3d78404cad23ce588368ba738201ecb8d21c8bad42c78a4026,Beef/24 hr Beef images/2072.jpg|Beef/24 hr Beef images/2340.jpg,2
valid,24 hr Beef,24_hr_Beef_0012.jpg,valid/24 hr Beef/24_hr_Beef_0012.jpg,481561,83e9bffd06883e23981091a368bc12502a11f57f323e1a72623c89bfe567c85c,Beef/24 hr Beef images/2141.jpg|Beef/24 hr Beef images/2424.jpg,2
valid,24 hr Beef,24_hr_Beef_0013.jpg,valid/24 hr Beef/24_hr_Beef_0013.jpg,455284,a8ab57920bc41a69fcc84540432dd1d1c802da1db1b535e9faa4f37c2591d297,Beef/24 hr Beef images/2186.jpg|Beef/24 hr Beef images/2241.jpg,2
valid,24 hr Beef,24_hr_Beef_0014.jpg,valid/24 hr Beef/24_hr_Beef_0014.jpg,482383,cc39de8b117b02a2043e3610d12f4480c44cb8c94e6583ac3eea0983fc69d73e,Beef/24 hr Beef images/2059.jpg|Beef/24 hr Beef images/2339.jpg,2
valid,24 hr Beef,24_hr_Beef_0015.jpg,valid/24 hr Beef/24_hr_Beef_0015.jpg,547494,f5d47943f86313ae5ebec6061ed576b95f286f992a62f520566bde7c3b6b33aa,Beef/24 hr Beef images/2107.jpg|Beef/24 hr Beef images/2351.jpg,2
valid,24 hr Beef,24_hr_Beef_0016.jpg,valid/24 hr Beef/24_hr_Beef_0016.jpg,439222,f836019a3bd7ebae6c4eac719ce127db6538c1bcfc38dcc9be77bb2a5aceac0a,Beef/24 hr Beef images/2095.jpg|Beef/24 hr Beef images/2286.jpg,2
valid,24 hr Beef,24_hr_Beef_0017.jpg,valid/24 hr Beef/24_hr_Beef_0017.jpg,432617,5272461e767ddd7d82e28e555eae33859ddefe11b28ee7e650825c6c5e08b52d,Beef/24 hr Beef images/2017.jpg|Beef/24 hr Beef images/2235.jpg,2
valid,24 hr Beef,24_hr_Beef_0018.jpg,valid/24 hr Beef/24_hr_Beef_0018.jpg,486554,8cff6073792a081392e803c5a9f01a0f0d3605c3bd9cedaa48f1f7373aad3fe1,Beef/24 hr Beef images/2225.jpg|Beef/24 hr Beef images/2439.jpg,2
valid,24 hr Beef,24_hr_Beef_0019.jpg,valid/24 hr Beef/24_hr_Beef_0019.jpg,539807,481f923b725ba013c03e163ceb8837e0a998c7f9da3171cef04d89c3857e359c,Beef/24 hr Beef images/2098.jpg|Beef/24 hr Beef images/2376.jpg,2
valid,24 hr Beef,24_hr_Beef_0020.jpg,valid/24 hr Beef/24_hr_Beef_0020.jpg,546750,6c97e12e555e8505ee03ef8b0228aaf74114d59e5f44335c676c786ca2a63ad8,Beef/24 hr Beef images/2127.jpg|Beef/24 hr Beef images/2311.jpg,2
valid,24 hr Beef,24_hr_Beef_0021.jpg,valid/24 hr Beef/24_hr_Beef_0021.jpg,526314,fcd8c8ffcf9277e89ecb59432345ce1bd0f3c4c38250410712c50b86607d5c66,Beef/24 hr Beef images/2161.jpg|Beef/24 hr Beef images/2447.jpg,2
valid,24 hr Beef,24_hr_Beef_0022.jpg,valid/24 hr Beef/24_hr_Beef_0022.jpg,574011,5c27c561bec3d88014621b87e70685bb0adc27af62def24a1edc128359701959,Beef/24 hr Beef images/2078.jpg|Beef/24 hr Beef images/2319.jpg,2
valid,24 hr Beef,24_hr_Beef_0023.jpg,valid/24 hr Beef/24_hr_Beef_0023.jpg,547227,567fef891685d25b9fce075be43f3a9da5967d5fe97339010a099faf96dc8202,Beef/24 hr Beef images/2007.jpg|Beef/24 hr Beef images/2374.jpg,2
valid,24 hr Beef,24_hr_Beef_0024.jpg,valid/24 hr Beef/24_hr_Beef_0024.jpg,444174,2422fff0b141d4e188d76bd0b03254304bf2fd6eb9fd71b33083085dbb217819,Beef/24 hr Beef images/2136.jpg|Beef/24 hr Beef images/2275.jpg,2
valid,24 hr Beef,24_hr_Beef_0025.jpg,valid/24 hr Beef/24_hr_Beef_0025.jpg,538886,f7a7d89f8d3ace979f0b457503efa08f06fa5f7ddd770ad6d357d2462dc006f8,Beef/24 hr Beef images/2183.jpg|Beef/24 hr Beef images/2290.jpg,2
valid,24 hr Beef,24_hr_Beef_0026.jpg,valid/24 hr Beef/24_hr_Beef_0026.jpg,512238,fdcd985fd172cc927dff2c0461aad19c2b884de68c1c1af77a4a1501bd3b050f,Beef/24 hr Beef images/2102.jpg|Beef/24 hr Beef images/2335.jpg,2
valid,24 hr Beef,24_hr_Beef_0027.jpg,valid/24 hr Beef/24_hr_Beef_0027.jpg,568604,51ad43b604c0a78401f0c437fd8321ce01dcd2b669e853ffb2c8d171632ad4d6,Beef/24 hr Beef images/2071.jpg|Beef/24 hr Beef images/2444.jpg,2
valid,24 hr Beef,24_hr_Beef_0028.jpg,valid/24 hr Beef/24_hr_Beef_0028.jpg,398351,67eead868f28d9fdc373b06739933cdd3f7801ab3859cc424b38bacf7db27c4b,Beef/24 hr Beef images/2146.jpg|Beef/24 hr Beef images/2393.jpg,2
valid,24 hr Beef,24_hr_Beef_0029.jpg,valid/24 hr Beef/24_hr_Beef_0029.jpg,480641,c7cebf552b0d4ff31a0399d1e06134a88d270706a1b46853b2249883ea650070,Beef/24 hr Beef images/2152.jpg|Beef/24 hr Beef images/2425.jpg,2
valid,24 hr Beef,24_hr_Beef_0030.jpg,valid/24 hr Beef/24_hr_Beef_0030.jpg,410799,397de6edb367545754b101121664d459f32871cc22f55bd32f7fa898b26fb6e0,Beef/24 hr Beef images/2145.jpg|Beef/24 hr Beef images/2244.jpg,2
valid,24 hr Beef,24_hr_Beef_0031.jpg,valid/24 hr Beef/24_hr_Beef_0031.jpg,556400,62e31d27ad078e00f89c421b5bb1e378de36b8cf69b8c88cb0766c5586d08110,Beef/24 hr Beef images/2126.jpg|Beef/24 hr Beef images/2349.jpg,2
valid,24 hr Beef,24_hr_Beef_0032.jpg,valid/24 hr Beef/24_hr_Beef_0032.jpg,421865,529536e09867e401bfe06b18ec453500595e0a6cdc9b02052e169c2765e66a2b,Beef/24 hr Beef images/2019.jpg|Beef/24 hr Beef images/2251.jpg,2
valid,24 hr Beef,24_hr_Beef_0033.jpg,valid/24 hr Beef/24_hr_Beef_0033.jpg,478346,679347f3959ecf809a16e97e4e9c53bde000c95cb78a017423155c2f1d4274e2,Beef/24 hr Beef images/2151.jpg|Beef/24 hr Beef images/2269.jpg,2
valid,24 hr Mutton,24_hr_Mutton_0000.jpg,valid/24 hr Mutton/24_hr_Mutton_0000.jpg,450480,6028b38f7e0432ab1cfdfc38c6d86887d938f7af997d903a84844eec7f5e18e5,Mutton/24 hr Mutton images/4804.jpg|Mutton/24 hr Mutton images/4805.jpg|Mutton/24 hr Mutton images/4947.jpg,3
valid,24 hr Mutton,24_hr_Mutton_0001.jpg,valid/24 hr Mutton/24_hr_Mutton_0001.jpg,483841,c85a9a1276b21704a51903397bf7eddc25d2b4b217b3c5513823b010f96a4988,Mutton/24 hr Mutton images/4640.jpg|Mutton/24 hr Mutton images/4641.jpg,2
valid,24 hr Mutton,24_hr_Mutton_0002.jpg,valid/24 hr Mutton/24_hr_Mutton_0002.jpg,450914,750fa86119597bb3ad7f463eac61a76495bdaee3414a7bdb41da67700d2f18ba,Mutton/24 hr Mutton images/4870.jpg|Mutton/24 hr Mutton images/4871.jpg,2
valid,24 hr Mutton,24_hr_Mutton_0003.jpg,valid/24 hr Mutton/24_hr_Mutton_0003.jpg,449698,1fcbb7f8cc7c470ca688dcc3f521d0f158a7be11ee6016fc61ec20db7ef7ba6a,Mutton/24 hr Mutton images/4758.jpg|Mutton/24 hr Mutton images/4759.jpg,2
valid,24 hr Mutton,24_hr_Mutton_0004.jpg,valid/24 hr Mutton/24_hr_Mutton_0004.jpg,525282,ead81390dedaebc70bafb6a026d7cb2e0a1a53a6b642965351030f8feb42c456,Mutton/24 hr Mutton images/4746.jpg|Mutton/24 hr Mutton images/4747.jpg,2
valid,24 hr Mutton,24_hr_Mutton_0005.jpg,valid/24 hr Mutton/24_hr_Mutton_0005.jpg,415017,a8e1d3b3b914d457f5257501949551b2eca252fc71f5a216158b890879078ed1,Mutton/24 hr Mutton images/4926.jpg|Mutton/24 hr Mutton images/4927.jpg,2
valid,24 hr Mutton,24_hr_Mutton_0006.jpg,valid/24 hr Mutton/24_hr_Mutton_0006.jpg,459798,0738351b95906fb3b0ccc2c1cf1e7da707f5d45f4f46f8fa8d9f029c7a2c07fe,Mutton/24 hr Mutton images/4764.jpg|Mutton/24 hr Mutton images/4765.jpg,2
valid,24 hr Mutton,24_hr_Mutton_0007.jpg,valid/24 hr Mutton/24_hr_Mutton_0007.jpg,526866,cda6c955101bd6cc32a4c640e24ce2ea4bf1edc7ea986336ae720d84ae6e7ddd,Mutton/24 hr Mutton images/4748.jpg|Mutton/24 hr Mutton images/4749.jpg,2
valid,24 hr Mutton,24_hr_Mutton_0008.jpg,valid/24 hr Mutton/24_hr_Mutton_0008.jpg,499695,23c0274484e57aafee5d16b174c398ef0b791db49d97d846bc6c8320ec486748,Mutton/24 hr Mutton images/4696.jpg|Mutton/24 hr Mutton images/4697.jpg,2
valid,24 hr Mutton,24_hr_Mutton_0009.jpg,valid/24 hr Mutton/24_hr_Mutton_0009.jpg,438940,cbc61a9861c4d80202c6084911e086d0d8aa7397d6f75c514ef56d7f795d6cb9,Mutton/24 hr Mutton images/4794.jpg|Mutton/24 hr Mutton images/4795.jpg,2
valid,24 hr Mutton,24_hr_Mutton_0010.jpg,valid/24 hr Mutton/24_hr_Mutton_0010.jpg,557125,87d0fbdb5a3571ae3d18ca259847433038ed944def365b8e66840a8e398c69d1,Mutton/24 hr Mutton images/4634.jpg|Mutton/24 hr Mutton images/4635.jpg,2
valid,24 hr Mutton,24_hr_Mutton_0011.jpg,valid/24 hr Mutton/24_hr_Mutton_0011.jpg,400528,62e534113db957e92a366a3f0091a668b57c95ecf02b49121a7370f0e6fa65d9,Mutton/24 hr Mutton images/4608.jpg|Mutton/24 hr Mutton images/4609.jpg,2
valid,24 hr Mutton,24_hr_Mutton_0012.jpg,valid/24 hr Mutton/24_hr_Mutton_0012.jpg,478526,8d02c735c5455f2f85dc4613cf826b02160780c71cc4ac8f43694234e75e14d2,Mutton/24 hr Mutton images/4918.jpg|Mutton/24 hr Mutton images/4919.jpg,2
valid,24 hr Mutton,24_hr_Mutton_0013.jpg,valid/24 hr Mutton/24_hr_Mutton_0013.jpg,490263,656ef91d455843c4542fe0a9e29d71a9f2b5aca1a7051e17eb513dce1f5327c5,Mutton/24 hr Mutton images/4724.jpg|Mutton/24 hr Mutton images/4725.jpg,2
valid,24 hr Mutton,24_hr_Mutton_0014.jpg,valid/24 hr Mutton/24_hr_Mutton_0014.jpg,465037,a32753d4272e0d23e59a19d4dfeb7fb88311cdeabf4780bd531ae7cd05ed3254,Mutton/24 hr Mutton images/4876.jpg|Mutton/24 hr Mutton images/4877.jpg,2
valid,24 hr Mutton,24_hr_Mutton_0015.jpg,valid/24 hr Mutton/24_hr_Mutton_0015.jpg,417492,e48029e8948066e9b697282ee861850a733eb9f94d38d9d41c6e7c9c67336350,Mutton/24 hr Mutton images/4692.jpg|Mutton/24 hr Mutton images/4693.jpg,2
valid,24 hr Mutton,24_hr_Mutton_0016.jpg,valid/24 hr Mutton/24_hr_Mutton_0016.jpg,416461,c1e82508da89b62042191b625cd8164f9c1db96532e33413fbcb4bf9815ed2c3,Mutton/24 hr Mutton images/4594.jpg|Mutton/24 hr Mutton images/4595.jpg,2
valid,24 hr Mutton,24_hr_Mutton_0017.jpg,valid/24 hr Mutton/24_hr_Mutton_0017.jpg,432881,b0098a3f84083560c2284b629e403c9184756d21d217ae881ff2885b8560199f,Mutton/24 hr Mutton images/4642.jpg|Mutton/24 hr Mutton images/4643.jpg,2
valid,24 hr Mutton,24_hr_Mutton_0018.jpg,valid/24 hr Mutton/24_hr_Mutton_0018.jpg,489800,0e4848dd1aaa5870636e8e4fa885a9e045ae2c30333e4e59035874b4174a5edf,Mutton/24 hr Mutton images/4552.jpg|Mutton/24 hr Mutton images/4553.jpg,2
valid,24 hr Mutton,24_hr_Mutton_0019.jpg,valid/24 hr Mutton/24_hr_Mutton_0019.jpg,481371,f233c4776ce43cfcf0d82b1c98f2127037daa683a52e0578377c3e1fa46f2483,Mutton/24 hr Mutton images/4562.jpg|Mutton/24 hr Mutton images/4563.jpg,2
valid,24 hr Mutton,24_hr_Mutton_0020.jpg,valid/24 hr Mutton/24_hr_Mutton_0020.jpg,488509,6d571f7b8f8f974da89ffe99fb151ba122ffa5b90ed69c31989757370a875fc4,Mutton/24 hr Mutton images/4518.jpg|Mutton/24 hr Mutton images/4519.jpg,2
valid,24 hr Mutton,24_hr_Mutton_0021.jpg,valid/24 hr Mutton/24_hr_Mutton_0021.jpg,483678,6f293e03d42509030dd53ded759d2d991e68ba02d7ec84ea0e6ae39b2e0479e3,Mutton/24 hr Mutton images/4866.jpg|Mutton/24 hr Mutton images/4867.jpg,2
valid,24 hr Mutton,24_hr_Mutton_0022.jpg,valid/24 hr Mutton/24_hr_Mutton_0022.jpg,483891,17a334006843b6a766beea9f63a7094a8a939fa38ced469f1052b0bc41275687,Mutton/24 hr Mutton images/4810.jpg|Mutton/24 hr Mutton images/4811.jpg,2
valid,24 hr Mutton,24_hr_Mutton_0023.jpg,valid/24 hr Mutton/24_hr_Mutton_0023.jpg,411193,64d0316fb0800981c4d87f121aa787f959c7c121905ed289d3b23c8d04d7837b,Mutton/24 hr Mutton images/4882.jpg|Mutton/24 hr Mutton images/4883.jpg,2
valid,24 hr Mutton,24_hr_Mutton_0024.jpg,valid/24 hr Mutton/24_hr_Mutton_0024.jpg,472407,5773bdcb47b3c82559a33f559a0f0274709a88d839c63a49970825d7ea23691a,Mutton/24 hr Mutton images/4722.jpg|Mutton/24 hr Mutton images/4723.jpg,2
valid,24 hr Mutton,24_hr_Mutton_0025.jpg,valid/24 hr Mutton/24_hr_Mutton_0025.jpg,480549,51a808d102480000ef5abd41454babe843b63948fdbdbfe28ca63962da2bf216,Mutton/24 hr Mutton images/4566.jpg|Mutton/24 hr Mutton images/4567.jpg,2
valid,24 hr Mutton,24_hr_Mutton_0026.jpg,valid/24 hr Mutton/24_hr_Mutton_0026.jpg,506884,752d987bf3263a0cd97f6da9ed1f48978354a88b001ea5c4c6e10fab926d8bb2,Mutton/24 hr Mutton images/4834.jpg|Mutton/24 hr Mutton images/4835.jpg,2
valid,24 hr Mutton,24_hr_Mutton_0027.jpg,valid/24 hr Mutton/24_hr_Mutton_0027.jpg,528696,6c2d2da640c7737dd1f776fc3f6e9097965156062041ec839b23e07c51ad7871,Mutton/24 hr Mutton images/4542.jpg|Mutton/24 hr Mutton images/4543.jpg,2
valid,24 hr Mutton,24_hr_Mutton_0028.jpg,valid/24 hr Mutton/24_hr_Mutton_0028.jpg,476151,25db0c3750b7672c27061f2761e4b308c91e467548deccb1d2eba80e22fd3944,Mutton/24 hr Mutton images/4582.jpg|Mutton/24 hr Mutton images/4583.jpg|Mutton/24 hr Mutton images/4946.jpg,3
valid,24 hr Mutton,24_hr_Mutton_0029.jpg,valid/24 hr Mutton/24_hr_Mutton_0029.jpg,478957,3d1c1ad36070b6248a7b1657b344b90335743619325791be2e6c7cb3db9bb353,Mutton/24 hr Mutton images/4874.jpg|Mutton/24 hr Mutton images/4875.jpg,2
valid,24 hr Mutton,24_hr_Mutton_0030.jpg,valid/24 hr Mutton/24_hr_Mutton_0030.jpg,403072,556dd4a968b278e1f4c0d6bdd01288d2491d35f46f72026042977a11167ab2c7,Mutton/24 hr Mutton images/4772.jpg|Mutton/24 hr Mutton images/4773.jpg,2
valid,24 hr Mutton,24_hr_Mutton_0031.jpg,valid/24 hr Mutton/24_hr_Mutton_0031.jpg,498594,556252b6538c4ee6ed18557f833db967e803c0e00e81697bf0cb2d39221dd1df,Mutton/24 hr Mutton images/4698.jpg|Mutton/24 hr Mutton images/4699.jpg,2
valid,36+ hr Beef,36+_hr_Beef_0000.jpg,valid/36+ hr Beef/36+_hr_Beef_0000.jpg,544379,f96c80d37ca972927b234e7dd00442d32d0ff9f3d8c951cb2ba49f75b84d7745,Beef/36 hr Beef images/2518.jpg|Beef/36 hr Beef images/2519.jpg|Beef/48 hr Beef images/3018.jpg|Beef/48 hr Beef images/3019.jpg,4
valid,36+ hr Beef,36+_hr_Beef_0001.jpg,valid/36+ hr Beef/36+_hr_Beef_0001.jpg,516184,e6412ccbba79e172e44adca170a491965983235f6c3e8712b4ce8736bda7f303,Beef/36 hr Beef images/2688.jpg|Beef/36 hr Beef images/2689.jpg|Beef/48 hr Beef images/3188.jpg|Beef/48 hr Beef images/3189.jpg,4
valid,36+ hr Beef,36+_hr_Beef_0002.jpg,valid/36+ hr Beef/36+_hr_Beef_0002.jpg,515907,22383db45a5ee1db00fc8c862bbf78954878a62344850beebaa05ec8ea318eb4,Beef/36 hr Beef images/2906.jpg|Beef/36 hr Beef images/2907.jpg|Beef/48 hr Beef images/3406.jpg|Beef/48 hr Beef images/3407.jpg,4
valid,36+ hr Beef,36+_hr_Beef_0003.jpg,valid/36+ hr Beef/36+_hr_Beef_0003.jpg,549967,b7938f37aa3315f1df5dbf596e9ec5520e2c7cc6601a43889017daccbc680c9b,Beef/36 hr Beef images/2738.jpg|Beef/36 hr Beef images/2739.jpg|Beef/48 hr Beef images/3238.jpg|Beef/48 hr Beef images/3239.jpg,4
valid,36+ hr Beef,36+_hr_Beef_0004.jpg,valid/36+ hr Beef/36+_hr_Beef_0004.jpg,570938,70ef709101aa3f16cb4ce659996373a4bbd7e6d3c7f32aaaad52440f536a31e4,Beef/36 hr Beef images/2708.jpg|Beef/36 hr Beef images/2709.jpg|Beef/48 hr Beef images/3208.jpg|Beef/48 hr Beef images/3209.jpg,4
valid,36+ hr Beef,36+_hr_Beef_0005.jpg,valid/36+ hr Beef/36+_hr_Beef_0005.jpg,563268,8cc8acd5f01cf0ea8e30125cef7cf74b9b3e6bc3306b33daf94d0486e0d03abb,Beef/36 hr Beef images/2588.jpg|Beef/36 hr Beef images/2589.jpg|Beef/48 hr Beef images/3088.jpg|Beef/48 hr Beef images/3089.jpg,4
valid,36+ hr Beef,36+_hr_Beef_0006.jpg,valid/36+ hr Beef/36+_hr_Beef_0006.jpg,486982,6b5cc46d95247b5dab69d535121ad4e3199342cd40cb8d760631cdb5c3a498eb,Beef/36 hr Beef images/2916.jpg|Beef/36 hr Beef images/2917.jpg|Beef/48 hr Beef images/3416.jpg|Beef/48 hr Beef images/3417.jpg,4
valid,36+ hr Beef,36+_hr_Beef_0007.jpg,valid/36+ hr Beef/36+_hr_Beef_0007.jpg,566803,e05be3cdcd7c8ccb7b8a7480ae85c7591fa8bec2dc34093d2b948203481a5e21,Beef/36 hr Beef images/2704.jpg|Beef/36 hr Beef images/2705.jpg|Beef/48 hr Beef images/3204.jpg|Beef/48 hr Beef images/3205.jpg,4
valid,36+ hr Beef,36+_hr_Beef_0008.jpg,valid/36+ hr Beef/36+_hr_Beef_0008.jpg,498144,f90f98e8e6d553c699c347026a21ac0444a2d66530a62892827c35206b2f8fbd,Beef/36 hr Beef images/2908.jpg|Beef/36 hr Beef images/2909.jpg|Beef/48 hr Beef images/3408.jpg|Beef/48 hr Beef images/3409.jpg,4
valid,36+ hr Beef,36+_hr_Beef_0009.jpg,valid/36+ hr Beef/36+_hr_Beef_0009.jpg,548928,ee1a35d73a442d8d670a93f3157829e0c934dd1dcd61e2b49ba399b4137b655d,Beef/36 hr Beef images/2778.jpg|Beef/36 hr Beef images/2779.jpg|Beef/48 hr Beef images/3278.jpg|Beef/48 hr Beef images/3279.jpg,4
valid,36+ hr Beef,36+_hr_Beef_0010.jpg,valid/36+ hr Beef/36+_hr_Beef_0010.jpg,549441,bb664eb96015de4ecbaf85bc9c4a4f8c24ee66414511744d57dd6970763846d7,Beef/36 hr Beef images/2774.jpg|Beef/36 hr Beef images/2775.jpg|Beef/48 hr Beef images/3274.jpg|Beef/48 hr Beef images/3275.jpg,4
valid,36+ hr Beef,36+_hr_Beef_0011.jpg,valid/36+ hr Beef/36+_hr_Beef_0011.jpg,565939,5ea0a370be56a2a5208ff47162d1b9360c7749a16512499c3a975082dd696777,Beef/36 hr Beef images/2624.jpg|Beef/36 hr Beef images/2625.jpg|Beef/48 hr Beef images/3124.jpg|Beef/48 hr Beef images/3125.jpg,4
valid,36+ hr Beef,36+_hr_Beef_0012.jpg,valid/36+ hr Beef/36+_hr_Beef_0012.jpg,558016,3f52a01c168916fe08fd763fddf31fe8576c25970b5d3b062e7d2cbdb9a85a11,Beef/36 hr Beef images/2560.jpg|Beef/36 hr Beef images/2561.jpg|Beef/48 hr Beef images/3060.jpg|Beef/48 hr Beef images/3061.jpg,4
valid,36+ hr Beef,36+_hr_Beef_0013.jpg,valid/36+ hr Beef/36+_hr_Beef_0013.jpg,573333,9f8b59e9c12bb2b7296c912bf8118e358e8b7b02b7ca3d40318946f600939be0,Beef/36 hr Beef images/2618.jpg|Beef/36 hr Beef images/2619.jpg|Beef/48 hr Beef images/3118.jpg|Beef/48 hr Beef images/3119.jpg,4
valid,36+ hr Beef,36+_hr_Beef_0014.jpg,valid/36+ hr Beef/36+_hr_Beef_0014.jpg,574271,db54f50d4d7315acb3c3e1e99a5d876179b3491024dadd7daa425cad52169d53,Beef/36 hr Beef images/2690.jpg|Beef/36 hr Beef images/2691.jpg|Beef/48 hr Beef images/3190.jpg|Beef/48 hr Beef images/3191.jpg,4
valid,36+ hr Beef,36+_hr_Beef_0015.jpg,valid/36+ hr Beef/36+_hr_Beef_0015.jpg,541999,69af9612014e569d87986f0b17a071fbd26b5620307b44ec7e490d80d26bad74,Beef/36 hr Beef images/2524.jpg|Beef/36 hr Beef images/2525.jpg|Beef/48 hr Beef images/3024.jpg|Beef/48 hr Beef images/3025.jpg,4
valid,36+ hr Beef,36+_hr_Beef_0016.jpg,valid/36+ hr Beef/36+_hr_Beef_0016.jpg,635901,caa12333d5d5ea3a99c788d897ee6e17acc3d2b3802d522777771ab690f912ad,Beef/36 hr Beef images/2512.jpg|Beef/36 hr Beef images/2513.jpg|Beef/48 hr Beef images/3012.jpg|Beef/48 hr Beef images/3013.jpg,4
valid,36+ hr Beef,36+_hr_Beef_0017.jpg,valid/36+ hr Beef/36+_hr_Beef_0017.jpg,569021,6e4d2e80b5b1b0a50eb299cbba9d503c4339b761c2ca943e7066b4f9c9e28b22,Beef/36 hr Beef images/2844.jpg|Beef/36 hr Beef images/2845.jpg|Beef/48 hr Beef images/3344.jpg|Beef/48 hr Beef images/3345.jpg,4
valid,36+ hr Beef,36+_hr_Beef_0018.jpg,valid/36+ hr Beef/36+_hr_Beef_0018.jpg,555663,fea11689148a4357fa2bf188ee2898ab05fc05db151015f24aedc2c0f7196689,Beef/36 hr Beef images/2748.jpg|Beef/36 hr Beef images/2749.jpg|Beef/48 hr Beef images/3248.jpg|Beef/48 hr Beef images/3249.jpg,4
valid,36+ hr Beef,36+_hr_Beef_0019.jpg,valid/36+ hr Beef/36+_hr_Beef_0019.jpg,486732,67a9024b8b0de0f44a83a11180be6ed5725abf09efaab623c8df73217a0780d8,Beef/36 hr Beef images/2914.jpg|Beef/36 hr Beef images/2915.jpg|Beef/48 hr Beef images/3414.jpg|Beef/48 hr Beef images/3415.jpg,4
valid,36+ hr Beef,36+_hr_Beef_0020.jpg,valid/36+ hr Beef/36+_hr_Beef_0020.jpg,593497,7e35f49d857cea9420d0990c14260cdd0757c8e653f3cf096245fb6d1dd545bd,Beef/36 hr Beef images/2638.jpg|Beef/36 hr Beef images/2639.jpg|Beef/48 hr Beef images/3138.jpg|Beef/48 hr Beef images/3139.jpg,4
valid,36+ hr Beef,36+_hr_Beef_0021.jpg,valid/36+ hr Beef/36+_hr_Beef_0021.jpg,524095,bc3530a1f51c61214c7516f0fd82b663aade20374aab044199bef3b1f324b013,Beef/36 hr Beef images/2786.jpg|Beef/36 hr Beef images/2787.jpg|Beef/48 hr Beef images/3286.jpg|Beef/48 hr Beef images/3287.jpg,4
valid,36+ hr Beef,36+_hr_Beef_0022.jpg,valid/36+ hr Beef/36+_hr_Beef_0022.jpg,555103,6c24e31fa072a80add5d0dea5a27cf1203bc8aa5cf2845298137e02510252bf0,Beef/36 hr Beef images/2742.jpg|Beef/36 hr Beef images/2743.jpg|Beef/48 hr Beef images/3242.jpg|Beef/48 hr Beef images/3243.jpg,4
valid,36+ hr Beef,36+_hr_Beef_0023.jpg,valid/36+ hr Beef/36+_hr_Beef_0023.jpg,509264,a8ea0680c95ab4a7a7072dfbda29e8335995d34c990003db37ac6859444e590d,Beef/36 hr Beef images/2596.jpg|Beef/36 hr Beef images/2597.jpg|Beef/48 hr Beef images/3096.jpg|Beef/48 hr Beef images/3097.jpg,4
valid,36+ hr Beef,36+_hr_Beef_0024.jpg,valid/36+ hr Beef/36+_hr_Beef_0024.jpg,591189,fd9fa1fc85d7b52d63311d7859bd6462ce585c1445aa99e0d90efe90f3770e3b,Beef/36 hr Beef images/2674.jpg|Beef/36 hr Beef images/2675.jpg|Beef/48 hr Beef images/3174.jpg|Beef/48 hr Beef images/3175.jpg,4
valid,36+ hr Beef,36+_hr_Beef_0025.jpg,valid/36+ hr Beef/36+_hr_Beef_0025.jpg,514767,36336bd4f05fc77152a58d67158e70b831f0bcef3b26afb7ae052aea2357314a,Beef/36 hr Beef images/2904.jpg|Beef/36 hr Beef images/2905.jpg|Beef/48 hr Beef images/3404.jpg|Beef/48 hr Beef images/3405.jpg,4
valid,36+ hr Beef,36+_hr_Beef_0026.jpg,valid/36+ hr Beef/36+_hr_Beef_0026.jpg,474074,de9a17e917dac7535a11d8ad8cfc768a43809b1aa18f788faccf66e9364659ed,Beef/36 hr Beef images/2938.jpg|Beef/36 hr Beef images/2939.jpg|Beef/48 hr Beef images/3438.jpg|Beef/48 hr Beef images/3439.jpg,4
valid,36+ hr Beef,36+_hr_Beef_0027.jpg,valid/36+ hr Beef/36+_hr_Beef_0027.jpg,560465,8990fc6c63b04806b2346a76538b8b9405fdf368a7a258af6cec42efbebc24fb,Beef/36 hr Beef images/2828.jpg|Beef/36 hr Beef images/2829.jpg|Beef/48 hr Beef images/3328.jpg|Beef/48 hr Beef images/3329.jpg,4
valid,36+ hr Beef,36+_hr_Beef_0028.jpg,valid/36+ hr Beef/36+_hr_Beef_0028.jpg,554736,190a83782875329e1e51b04e85b65cf59e399c3f64fee617bf9456ef76e9710a,Beef/36 hr Beef images/2858.jpg|Beef/36 hr Beef images/2859.jpg|Beef/48 hr Beef images/3358.jpg|Beef/48 hr Beef images/3359.jpg,4
valid,36+ hr Beef,36+_hr_Beef_0029.jpg,valid/36+ hr Beef/36+_hr_Beef_0029.jpg,557360,b27935e2be9f54cca91a9f37644c0b22a6256fee95975cd91e732c9365513a92,Beef/36 hr Beef images/2942.jpg|Beef/36 hr Beef images/2943.jpg|Beef/48 hr Beef images/3442.jpg|Beef/48 hr Beef images/3443.jpg,4
valid,36+ hr Beef,36+_hr_Beef_0030.jpg,valid/36+ hr Beef/36+_hr_Beef_0030.jpg,499167,9e19cbe58cc5097a0c26094c5388913f8b46047414eb5b00aa55c6bf9adf81ce,Beef/36 hr Beef images/2604.jpg|Beef/36 hr Beef images/2605.jpg|Beef/48 hr Beef images/3104.jpg|Beef/48 hr Beef images/3105.jpg,4
valid,36+ hr Beef,36+_hr_Beef_0031.jpg,valid/36+ hr Beef/36+_hr_Beef_0031.jpg,561039,01dd0a164e4da82383bce76e7abde99ab473aba020564f3ca5e2ea213d80ac10,Beef/36 hr Beef images/2592.jpg|Beef/36 hr Beef images/2593.jpg|Beef/48 hr Beef images/3092.jpg|Beef/48 hr Beef images/3093.jpg,4
valid,36+ hr Beef,36+_hr_Beef_0032.jpg,valid/36+ hr Beef/36+_hr_Beef_0032.jpg,559429,e4e81e52e88635333fdb71796d65318641627710a680ecbd1a46fa59cb0eaf18,Beef/36 hr Beef images/2898.jpg|Beef/36 hr Beef images/2899.jpg|Beef/48 hr Beef images/3398.jpg|Beef/48 hr Beef images/3399.jpg,4
valid,36+ hr Beef,36+_hr_Beef_0033.jpg,valid/36+ hr Beef/36+_hr_Beef_0033.jpg,536323,2a13f22fca5dc6910ecea9ad10f5faedfb6fb30766a02a91dc2a264300de0fd7,Beef/36 hr Beef images/2616.jpg|Beef/36 hr Beef images/2617.jpg|Beef/48 hr Beef images/3116.jpg|Beef/48 hr Beef images/3117.jpg,4
valid,36+ hr Mutton,36_hr_Mutton_0000.jpg,valid/36+ hr Mutton/36_hr_Mutton_0000.jpg,504632,0f7022d09a2ec7d2f8207e382684fb1e805a5dd844ef9588e8faa595f8ec1949,Mutton/36 hr Mutton images/5330.jpg|Mutton/36 hr Mutton images/5331.jpg|Mutton/36 hr Mutton images/5332.jpg,3
valid,36+ hr Mutton,36_hr_Mutton_0001.jpg,valid/36+ hr Mutton/36_hr_Mutton_0001.jpg,475962,26523caba39281fbf3b95a1ad2f23fbf2ecb38ad11edbbf38dd818c6b48ccb48,Mutton/36 hr Mutton images/5231.jpg|Mutton/36 hr Mutton images/5232.jpg|Mutton/36 hr Mutton images/5233.jpg,3
valid,36+ hr Mutton,36_hr_Mutton_0002.jpg,valid/36+ hr Mutton/36_hr_Mutton_0002.jpg,542656,7857cb1a86077bb8fa4806476854ad37d02a112b2a999302abee1f17cbb95ba9,Mutton/36 hr Mutton images/5066.jpg|Mutton/36 hr Mutton images/5067.jpg|Mutton/36 hr Mutton images/5068.jpg,3
valid,36+ hr Mutton,36_hr_Mutton_0003.jpg,valid/36+ hr Mutton/36_hr_Mutton_0003.jpg,609998,a714d3bd7a1bf627c3261ae183857d5e37b993988e0e47bf8486d77c16b9cb45,Mutton/36 hr Mutton images/5246.jpg|Mutton/36 hr Mutton images/5247.jpg|Mutton/36 hr Mutton images/5248.jpg,3
valid,36+ hr Mutton,36_hr_Mutton_0004.jpg,valid/36+ hr Mutton/36_hr_Mutton_0004.jpg,467810,81b253072ce1dab63e845ad88ce498320a2adcd1f154b1e8fd05e8f280f9a5ad,Mutton/36 hr Mutton images/5153.jpg|Mutton/36 hr Mutton images/5154.jpg|Mutton/36 hr Mutton images/5155.jpg,3
valid,36+ hr Mutton,36_hr_Mutton_0005.jpg,valid/36+ hr Mutton/36_hr_Mutton_0005.jpg,466249,997a97d37bd6cbfa1ddc71662c13da31908955547e46e248f5512c8a9b4a85d9,Mutton/36 hr Mutton images/5129.jpg|Mutton/36 hr Mutton images/5130.jpg|Mutton/36 hr Mutton images/5131.jpg,3
valid,36+ hr Mutton,36_hr_Mutton_0006.jpg,valid/36+ hr Mutton/36_hr_Mutton_0006.jpg,585054,dc2de1fcb5e730d8a1be0f12190b5e57d6309411d82bfd31284cdacef9f0345f,Mutton/36 hr Mutton images/5372.jpg|Mutton/36 hr Mutton images/5373.jpg|Mutton/36 hr Mutton images/5374.jpg,3
valid,36+ hr Mutton,36_hr_Mutton_0007.jpg,valid/36+ hr Mutton/36_hr_Mutton_0007.jpg,474880,ee06c975a89fca287b281819d25dd6cfecde7afde8f72262800f0743e96a044f,Mutton/36 hr Mutton images/5414.jpg|Mutton/36 hr Mutton images/5415.jpg|Mutton/36 hr Mutton images/5416.jpg,3
valid,36+ hr Mutton,36_hr_Mutton_0008.jpg,valid/36+ hr Mutton/36_hr_Mutton_0008.jpg,498115,7716ac920cf3050012ceb6badd8ae5ae06aa357cf9225a76a61be45fd60653bc,Mutton/36 hr Mutton images/5078.jpg|Mutton/36 hr Mutton images/5079.jpg|Mutton/36 hr Mutton images/5080.jpg,3
valid,36+ hr Mutton,36_hr_Mutton_0009.jpg,valid/36+ hr Mutton/36_hr_Mutton_0009.jpg,473912,ad4485bdf8e91165098ff5bcf7ca92470597dfc23ed3e70b28d36581b9027b93,Mutton/36 hr Mutton images/5396.jpg|Mutton/36 hr Mutton images/5397.jpg|Mutton/36 hr Mutton images/5398.jpg,3
valid,36+ hr Mutton,36_hr_Mutton_0010.jpg,valid/36+ hr Mutton/36_hr_Mutton_0010.jpg,511131,65813447382eaee3fa648ecccb7b8badead8deaa0544452e42489988733d99be,Mutton/36 hr Mutton images/5099.jpg|Mutton/36 hr Mutton images/5100.jpg|Mutton/36 hr Mutton images/5101.jpg,3
valid,36+ hr Mutton,36_hr_Mutton_0011.jpg,valid/36+ hr Mutton/36_hr_Mutton_0011.jpg,573813,b036e5f6bade32d966055501027f64e264f384d4306c9e0bf010a0bc4fa39784,Mutton/36 hr Mutton images/5024.jpg|Mutton/36 hr Mutton images/5025.jpg|Mutton/36 hr Mutton images/5026.jpg|Mutton/36 hr Mutton images/5446.jpg,4
valid,36+ hr Mutton,36_hr_Mutton_0012.jpg,valid/36+ hr Mutton/36_hr_Mutton_0012.jpg,607951,d20ff4e9fd9d7d05c98e8903f6df638ecd2349a815f964c5de07769dc2bb421b,Mutton/36 hr Mutton images/5093.jpg|Mutton/36 hr Mutton images/5094.jpg|Mutton/36 hr Mutton images/5095.jpg,3
valid,36+ hr Mutton,36_hr_Mutton_0013.jpg,valid/36+ hr Mutton/36_hr_Mutton_0013.jpg,554825,a0a46b29bf14fa0f4a6d1105a817b9e840918328fd1f33bfac5da60073cbb0c7,Mutton/36 hr Mutton images/5219.jpg|Mutton/36 hr Mutton images/5220.jpg|Mutton/36 hr Mutton images/5221.jpg,3
valid,36+ hr Mutton,36_hr_Mutton_0014.jpg,valid/36+ hr Mutton/36_hr_Mutton_0014.jpg,503035,2ebdec2d5f0408e1cafb2e30a049cd3f20cabca26ef0df4d27aee212349d9807,Mutton/36 hr Mutton images/5342.jpg|Mutton/36 hr Mutton images/5343.jpg|Mutton/36 hr Mutton images/5344.jpg,3
valid,36+ hr Mutton,36_hr_Mutton_0015.jpg,valid/36+ hr Mutton/36_hr_Mutton_0015.jpg,529560,1d09f0b877be1bb93830d626e0390864935868d789b6c2c159dd06efa7686f90,Mutton/36 hr Mutton images/5096.jpg|Mutton/36 hr Mutton images/5097.jpg|Mutton/36 hr Mutton images/5098.jpg,3
valid,36+ hr Mutton,36_hr_Mutton_0016.jpg,valid/36+ hr Mutton/36_hr_Mutton_0016.jpg,576830,03491d455cbf5e395dbb8af0a73338bbe7dc5a61b55a2569624335bfc0c195a7,Mutton/36 hr Mutton images/5117.jpg|Mutton/36 hr Mutton images/5118.jpg|Mutton/36 hr Mutton images/5119.jpg,3
valid,36+ hr Mutton,36_hr_Mutton_0017.jpg,valid/36+ hr Mutton/36_hr_Mutton_0017.jpg,509864,5a8dc23e695c5b525b8576e1823bcc91bf9570dccf0356723426f1736b231428,Mutton/36 hr Mutton images/5258.jpg|Mutton/36 hr Mutton images/5259.jpg|Mutton/36 hr Mutton images/5260.jpg,3
valid,36+ hr Mutton,36_hr_Mutton_0018.jpg,valid/36+ hr Mutton/36_hr_Mutton_0018.jpg,532681,05f94d38cb8eeb4bb7756ca9e6c77cb63af1a5144fad2ecf9002327159da3df2,Mutton/36 hr Mutton images/5357.jpg|Mutton/36 hr Mutton images/5358.jpg|Mutton/36 hr Mutton images/5359.jpg,3
valid,36+ hr Mutton,36_hr_Mutton_0019.jpg,valid/36+ hr Mutton/36_hr_Mutton_0019.jpg,534730,b3b4519941d650a4226b235113dfc1598a36e986b8dc45db86d9189d7f83aca5,Mutton/36 hr Mutton images/5249.jpg|Mutton/36 hr Mutton images/5250.jpg|Mutton/36 hr Mutton images/5251.jpg,3
valid,36+ hr Mutton,36_hr_Mutton_0020.jpg,valid/36+ hr Mutton/36_hr_Mutton_0020.jpg,453468,624ee21df8bbf41f4b8fbc8666cd9e0503a1fa0b870f5e0fa30696048c596dfc,Mutton/36 hr Mutton images/5255.jpg|Mutton/36 hr Mutton images/5256.jpg|Mutton/36 hr Mutton images/5257.jpg,3
valid,36+ hr Mutton,36_hr_Mutton_0021.jpg,valid/36+ hr Mutton/36_hr_Mutton_0021.jpg,614673,7286375c8d7dfff139b0db7420531b7c5feddfd998e566abab98562005ca11d5,Mutton/36 hr Mutton images/5345.jpg|Mutton/36 hr Mutton images/5346.jpg|Mutton/36 hr Mutton images/5347.jpg,3
valid,36+ hr Mutton,48_hr_Mutton_0000.jpg,valid/36+ hr Mutton/48_hr_Mutton_0000.jpg,470690,83855dad7e0ed9039c8f27f28bd7a50433d45b60c5cd1f9796a3b698dedeeb70,Mutton/48 hr Mutton images/5576.jpg|Mutton/48 hr Mutton images/5577.jpg,2
valid,36+ hr Mutton,48_hr_Mutton_0001.jpg,valid/36+ hr Mutton/48_hr_Mutton_0001.jpg,483132,0db7927c75619d1e37def78a04be43f8084d578cb737d16a96058a72a6876f88,Mutton/48 hr Mutton images/5530.jpg|Mutton/48 hr Mutton images/5531.jpg,2
valid,36+ hr Mutton,48_hr_Mutton_0002.jpg,valid/36+ hr Mutton/48_hr_Mutton_0002.jpg,364898,c16f2e8e5b1629d088545d20c2e74b0f75d04c7ac7b4b81a5cbc84179f3cbb61,Mutton/48 hr Mutton images/5732.jpg|Mutton/48 hr Mutton images/5733.jpg|Mutton/48 hr Mutton images/5933.jpg,3
valid,36+ hr Mutton,48_hr_Mutton_0003.jpg,valid/36+ hr Mutton/48_hr_Mutton_0003.jpg,468684,ceaa9c2785e7619cae639d1468a803ef0e238cb019fd7184bd17e160d42af50c,Mutton/48 hr Mutton images/5696.jpg|Mutton/48 hr Mutton images/5697.jpg|Mutton/48 hr Mutton images/5938.jpg,3
valid,36+ hr Mutton,48_hr_Mutton_0004.jpg,valid/36+ hr Mutton/48_hr_Mutton_0004.jpg,460371,01352309e00f5509ecd25434e5c4470fae83c599cac41550c1252f5374643300,Mutton/48 hr Mutton images/5890.jpg|Mutton/48 hr Mutton images/5891.jpg,2
valid,36+ hr Mutton,48_hr_Mutton_0005.jpg,valid/36+ hr Mutton/48_hr_Mutton_0005.jpg,418799,83f20c8c7dd1be19c735b6ab995f582f5eb1ed0bf26b9c5f57f2e94307c35ce2,Mutton/48 hr Mutton images/5620.jpg|Mutton/48 hr Mutton images/5621.jpg,2
valid,36+ hr Mutton,48_hr_Mutton_0006.jpg,valid/36+ hr Mutton/48_hr_Mutton_0006.jpg,470322,0de39c930e7b7d881376dfd1938074b4cbae2dc4117c7ce511a9a70df3c92c2e,Mutton/48 hr Mutton images/5814.jpg|Mutton/48 hr Mutton images/5815.jpg,2
valid,36+ hr Mutton,48_hr_Mutton_0007.jpg,valid/36+ hr Mutton/48_hr_Mutton_0007.jpg,488523,208b70ee2d7302bce5a849c3fb4b5103a73d2b81925ed3f948b8099b0002fd8c,Mutton/48 hr Mutton images/5610.jpg|Mutton/48 hr Mutton images/5611.jpg,2
valid,36+ hr Mutton,48_hr_Mutton_0008.jpg,valid/36+ hr Mutton/48_hr_Mutton_0008.jpg,442444,c4071a993c644823405a4ee6c37e3105e20cdea27a752fde804c331f2fb20acb,Mutton/48 hr Mutton images/5678.jpg|Mutton/48 hr Mutton images/5679.jpg,2
valid,36+ hr Mutton,48_hr_Mutton_0009.jpg,valid/36+ hr Mutton/48_hr_Mutton_0009.jpg,499902,077203fe9740670695e19deb94950cff6096064df1089f2e375324b093a3abd6,Mutton/48 hr Mutton images/5736.jpg|Mutton/48 hr Mutton images/5737.jpg|Mutton/48 hr Mutton images/5945.jpg,3
valid,36+ hr Mutton,48_hr_Mutton_0010.jpg,valid/36+ hr Mutton/48_hr_Mutton_0010.jpg,467364,f7a2f2196be0c4b9261591d6915b192819315ce959b596f83f15641741a5a980,Mutton/48 hr Mutton images/5588.jpg|Mutton/48 hr Mutton images/5589.jpg,2
valid,36+ hr Mutton,48_hr_Mutton_0011.jpg,valid/36+ hr Mutton/48_hr_Mutton_0011.jpg,536162,cb7ebb5b15496c516ab4304c4b57cbe2a4fd3b52a0f956f7bba471c9af292fa2,Mutton/48 hr Mutton images/5716.jpg|Mutton/48 hr Mutton images/5717.jpg,2
valid,36+ hr Mutton,48_hr_Mutton_0012.jpg,valid/36+ hr Mutton/48_hr_Mutton_0012.jpg,490862,6e463c30a39869a42a4290c01b5371759246962c35e82a52de186fadc8052aa3,Mutton/48 hr Mutton images/5574.jpg|Mutton/48 hr Mutton images/5575.jpg,2
valid,36+ hr Mutton,48_hr_Mutton_0013.jpg,valid/36+ hr Mutton/48_hr_Mutton_0013.jpg,438981,2b4f957b19fbf08d002eaeef4d772eb62a3464c019e435497dce20cb981ad1ce,Mutton/48 hr Mutton images/5774.jpg|Mutton/48 hr Mutton images/5775.jpg,2
valid,36+ hr Mutton,48_hr_Mutton_0014.jpg,valid/36+ hr Mutton/48_hr_Mutton_0014.jpg,541642,4af7189694a69695b32d533b75ae8e520c7ef56f988b36b370ca9e9c4fab7a84,Mutton/48 hr Mutton images/5684.jpg|Mutton/48 hr Mutton images/5685.jpg,2
valid,36+ hr Mutton,48_hr_Mutton_0015.jpg,valid/36+ hr Mutton/48_hr_Mutton_0015.jpg,451255,eaaf1a870583b4bf72a2a292748acb8a1f276ec2a73e8f35f9eb86ca1be81049,Mutton/48 hr Mutton images/5836.jpg|Mutton/48 hr Mutton images/5837.jpg,2
valid,36+ hr Mutton,48_hr_Mutton_0016.jpg,valid/36+ hr Mutton/48_hr_Mutton_0016.jpg,501021,3ba51e452502dec020eed4c8e9d72f16ead8171dfe27bcb66e111d18c2e7284a,Mutton/48 hr Mutton images/5910.jpg|Mutton/48 hr Mutton images/5911.jpg,2
valid,36+ hr Mutton,48_hr_Mutton_0017.jpg,valid/36+ hr Mutton/48_hr_Mutton_0017.jpg,415563,f7e8b87867af00d16d451bedeab27bb3ba66e8a2329b99407fa40c4f86ad78fa,Mutton/48 hr Mutton images/5724.jpg|Mutton/48 hr Mutton images/5725.jpg,2
valid,36+ hr Mutton,48_hr_Mutton_0018.jpg,valid/36+ hr Mutton/48_hr_Mutton_0018.jpg,547855,256be820b6fc138cab3a34d1a93b0625c66941df02fbaa0deebd69e5744cc125,Mutton/48 hr Mutton images/5554.jpg|Mutton/48 hr Mutton images/5555.jpg,2
valid,36+ hr Mutton,48_hr_Mutton_0019.jpg,valid/36+ hr Mutton/48_hr_Mutton_0019.jpg,598567,375f1ff01bfcdef2bfcf2b386a81b66a2e919682778a6ae9beb7705be078f220,Mutton/48 hr Mutton images/5666.jpg|Mutton/48 hr Mutton images/5667.jpg,2
valid,36+ hr Mutton,48_hr_Mutton_0020.jpg,valid/36+ hr Mutton/48_hr_Mutton_0020.jpg,519765,4c0a8a9b0489dc822c82b947e208c2c888488de1295f1ff39a4a496e59b1e464,Mutton/48 hr Mutton images/5568.jpg|Mutton/48 hr Mutton images/5569.jpg,2
valid,36+ hr Mutton,48_hr_Mutton_0021.jpg,valid/36+ hr Mutton/48_hr_Mutton_0021.jpg,444895,280f4f958cd7f875932c8d8066a3bcaa54a06b5b6564e51107e1f542fd51f22c,Mutton/48 hr Mutton images/5614.jpg|Mutton/48 hr Mutton images/5615.jpg|Mutton/48 hr Mutton images/5946.jpg,3
valid,36+ hr Mutton,48_hr_Mutton_0022.jpg,valid/36+ hr Mutton/48_hr_Mutton_0022.jpg,601885,b4866e3487be615f11bf341af2e9d5a64ab8b347b6fd904e06d50c0cdd6bdfa8,Mutton/48 hr Mutton images/5894.jpg|Mutton/48 hr Mutton images/5895.jpg,2
valid,36+ hr Mutton,48_hr_Mutton_0023.jpg,valid/36+ hr Mutton/48_hr_Mutton_0023.jpg,532746,90510b83f5c07a3a7b819f9f8493728a83f0f25e795bb3ab404bb3d70d1acaed,Mutton/48 hr Mutton images/5704.jpg|Mutton/48 hr Mutton images/5705.jpg,2
valid,36+ hr Mutton,48_hr_Mutton_0024.jpg,valid/36+ hr Mutton/48_hr_Mutton_0024.jpg,507101,e6982683934fd2de751b9efa4418220b27aae80e3174450866590900d36be125,Mutton/48 hr Mutton images/5710.jpg|Mutton/48 hr Mutton images/5711.jpg|Mutton/48 hr Mutton images/5932.jpg,3
valid,36+ hr Mutton,48_hr_Mutton_0025.jpg,valid/36+ hr Mutton/48_hr_Mutton_0025.jpg,420715,c81717a8dc8c98f0168e3dcf8e34ed765805f0eb4443fd4f7f65e0b098aa4469,Mutton/48 hr Mutton images/5810.jpg|Mutton/48 hr Mutton images/5811.jpg,2
valid,36+ hr Mutton,48_hr_Mutton_0026.jpg,valid/36+ hr Mutton/48_hr_Mutton_0026.jpg,501295,1f064f69b5670d2fe553f519cd5e3cb57ac0483a022fc2ade4c1b30b93f7ff24,Mutton/48 hr Mutton images/5796.jpg|Mutton/48 hr Mutton images/5797.jpg,2
valid,36+ hr Mutton,48_hr_Mutton_0027.jpg,valid/36+ hr Mutton/48_hr_Mutton_0027.jpg,484808,6ab738e8bb46e3ea2832861ad0c30e1c56942c34e6751b5810aa0c459a9dd8d7,Mutton/48 hr Mutton images/5898.jpg|Mutton/48 hr Mutton images/5899.jpg,2
valid,36+ hr Mutton,48_hr_Mutton_0028.jpg,valid/36+ hr Mutton/48_hr_Mutton_0028.jpg,421518,e06cbf333c78b3ce4d620fc564425e3672ea88fca5d2a4a2ac00a22f43b2b8c1,Mutton/48 hr Mutton images/5798.jpg|Mutton/48 hr Mutton images/5799.jpg|Mutton/48 hr Mutton images/5941.jpg,3
valid,36+ hr Mutton,48_hr_Mutton_0029.jpg,valid/36+ hr Mutton/48_hr_Mutton_0029.jpg,488375,76501e85de63bcb8c0c19e7572cfeca74ee3edce31bb9a14509b30557e762c90,Mutton/48 hr Mutton images/5584.jpg|Mutton/48 hr Mutton images/5585.jpg,2
valid,36+ hr Mutton,48_hr_Mutton_0030.jpg,valid/36+ hr Mutton/48_hr_Mutton_0030.jpg,450609,d72aaef4290e929b8732f5ea9f90cab0d3b16d42ae78deb42e93c7dfbd11cb99,Mutton/48 hr Mutton images/5860.jpg|Mutton/48 hr Mutton images/5861.jpg,2
valid,36+ hr Mutton,48_hr_Mutton_0031.jpg,valid/36+ hr Mutton/48_hr_Mutton_0031.jpg,606398,7f2b321f075c7dfec4f357580c8a479cc644ee4f9db88e3dc272d066737f9c3d,Mutton/48 hr Mutton images/5506.jpg|Mutton/48 hr Mutton images/5507.jpg,2
test,0 hr Beef,0_hr_Beef_0000.jpg,test/0 hr Beef/0_hr_Beef_0000.jpg,806569,dd1033b53c5a4a298561aaad78e81be0eb47fe32cd7b3ad476dee6cb9d29e396,Beef/0 hr Beef images/1056.jpg|Beef/0 hr Beef images/1057.jpg,2
test,0 hr Beef,0_hr_Beef_0001.jpg,test/0 hr Beef/0_hr_Beef_0001.jpg,730807,ff89e554163e1ade4d573a2fe9a93db9f62d146389debd0ef33fa7d2cee89814,Beef/0 hr Beef images/1296.jpg|Beef/0 hr Beef images/1297.jpg|Beef/0 hr Beef images/1424.jpg,3
test,0 hr Beef,0_hr_Beef_0002.jpg,test/0 hr Beef/0_hr_Beef_0002.jpg,800467,f04aaef78c81381f0f26970b6989dcc67bd8e35eacc3077d68eedbc091a28981,Beef/0 hr Beef images/1334.jpg|Beef/0 hr Beef images/1335.jpg,2
test,0 hr Beef,0_hr_Beef_0003.jpg,test/0 hr Beef/0_hr_Beef_0003.jpg,811425,4ecd0af1715750d590807c0e3ee01b265bfee8a918e546f13758af560ab98819,Beef/0 hr Beef images/1028.jpg|Beef/0 hr Beef images/1029.jpg|Beef/0 hr Beef images/1411.jpg,3
test,0 hr Beef,0_hr_Beef_0004.jpg,test/0 hr Beef/0_hr_Beef_0004.jpg,774162,0e1337b8326d72f1426d75669b2c305cf8e31463dca0f4dd6fd7cadcf1822c59,Beef/0 hr Beef images/1158.jpg|Beef/0 hr Beef images/1159.jpg,2
test,0 hr Beef,0_hr_Beef_0005.jpg,test/0 hr Beef/0_hr_Beef_0005.jpg,799832,1a068bdaf1f7cc16b501b3484b410302edcb10ab8c80e0e452ed0884978cbec7,Beef/0 hr Beef images/1220.jpg|Beef/0 hr Beef images/1221.jpg|Beef/0 hr Beef images/1444.jpg,3
test,0 hr Beef,0_hr_Beef_0006.jpg,test/0 hr Beef/0_hr_Beef_0006.jpg,805545,0604e2bfa123c5e45c8928a472f1560f1c4907fd2579e62360fb46e6b5de0af6,Beef/0 hr Beef images/1100.jpg|Beef/0 hr Beef images/1101.jpg,2
test,0 hr Beef,0_hr_Beef_0007.jpg,test/0 hr Beef/0_hr_Beef_0007.jpg,776838,7e26cf4ebb2aeeabb522cc7f8945992d37d082bd817e4123edc39b14bf2e7ecc,Beef/0 hr Beef images/1148.jpg|Beef/0 hr Beef images/1149.jpg,2
test,0 hr Beef,0_hr_Beef_0008.jpg,test/0 hr Beef/0_hr_Beef_0008.jpg,761408,05eef8a35f14182a25ca581547616d5ab9686f95736d3e28e410fe48d7279a66,Beef/0 hr Beef images/1116.jpg|Beef/0 hr Beef images/1117.jpg,2
test,0 hr Beef,0_hr_Beef_0009.jpg,test/0 hr Beef/0_hr_Beef_0009.jpg,807955,fac8b42fd5c860d621141d6c13408b997965e91f7441b2a83c98ea8918a02f8a,Beef/0 hr Beef images/1270.jpg|Beef/0 hr Beef images/1271.jpg,2
test,0 hr Beef,0_hr_Beef_0010.jpg,test/0 hr Beef/0_hr_Beef_0010.jpg,810602,ea703d35cbfb1b44a26807b3c484033a76a0cc5addb61cc7e2b5f236f6b442e1,Beef/0 hr Beef images/1140.jpg|Beef/0 hr Beef images/1141.jpg,2
test,0 hr Beef,0_hr_Beef_0011.jpg,test/0 hr Beef/0_hr_Beef_0011.jpg,783913,e2f4c02e9ed541b25eef6752e91781827d6e6885366d9b9fb537bf72ee37cc00,Beef/0 hr Beef images/1356.jpg|Beef/0 hr Beef images/1357.jpg,2
test,0 hr Beef,0_hr_Beef_0012.jpg,test/0 hr Beef/0_hr_Beef_0012.jpg,782556,bb8176ec5075bec680c5b8f4c2ef3c15636285d60a6cc696b40e6dc0d75204af,Beef/0 hr Beef images/1350.jpg|Beef/0 hr Beef images/1351.jpg,2
test,0 hr Beef,0_hr_Beef_0013.jpg,test/0 hr Beef/0_hr_Beef_0013.jpg,808090,06246cc5484de66d9d78b2fed0034ad95b9b7a34164415edd6a3ef08d83b1503,Beef/0 hr Beef images/1178.jpg|Beef/0 hr Beef images/1179.jpg,2
test,0 hr Beef,0_hr_Beef_0014.jpg,test/0 hr Beef/0_hr_Beef_0014.jpg,789732,fb666f0d2e1b6ef0ac346fdc224be32e05444a5349bdc274716107ec0df4d9ea,Beef/0 hr Beef images/1150.jpg|Beef/0 hr Beef images/1151.jpg,2
test,0 hr Beef,0_hr_Beef_0015.jpg,test/0 hr Beef/0_hr_Beef_0015.jpg,810151,af7a4d462d84355902e795a16ae098bf546145a3684e36d09793a27eb9ac8f2f,Beef/0 hr Beef images/1048.jpg|Beef/0 hr Beef images/1049.jpg|Beef/0 hr Beef images/1447.jpg,3
test,0 hr Beef,0_hr_Beef_0016.jpg,test/0 hr Beef/0_hr_Beef_0016.jpg,783694,2b99e1fac9362887c54a6b32a4cea4b841fa61256ea1747dfd00a1ac63e6d765,Beef/0 hr Beef images/1314.jpg|Beef/0 hr Beef images/1315.jpg,2
test,0 hr Beef,0_hr_Beef_0017.jpg,test/0 hr Beef/0_hr_Beef_0017.jpg,734593,db4df0c2951e2978654922e401ed80a4ddd4854f37ea44496684ea78e5119a95,Beef/0 hr Beef images/1342.jpg|Beef/0 hr Beef images/1343.jpg|Beef/0 hr Beef images/1436.jpg,3
test,0 hr Beef,0_hr_Beef_0018.jpg,test/0 hr Beef/0_hr_Beef_0018.jpg,728154,8fa161d617f1e4d9a0c42564cc142e12e96b6ed2028d1205f88bc8c3b3812c2f,Beef/0 hr Beef images/1298.jpg|Beef/0 hr Beef images/1299.jpg,2
test,0 hr Beef,0_hr_Beef_0019.jpg,test/0 hr Beef/0_hr_Beef_0019.jpg,771126,7e934df73ec42a6254fe18436b8699891725b5aece209799775e94e10152c4bf,Beef/0 hr Beef images/1160.jpg|Beef/0 hr Beef images/1161.jpg,2
test,0 hr Beef,0_hr_Beef_0020.jpg,test/0 hr Beef/0_hr_Beef_0020.jpg,800256,59c5fa90385c02ccddc06876db7875f584b70cc35623733d05a73082a20b8b49,Beef/0 hr Beef images/1348.jpg|Beef/0 hr Beef images/1349.jpg|Beef/0 hr Beef images/1429.jpg,3
test,0 hr Beef,0_hr_Beef_0021.jpg,test/0 hr Beef/0_hr_Beef_0021.jpg,753498,2878e9cee78d9ef94a7b979a1e0efd45a42bdfd904ba1cfae0005448c85668d8,Beef/0 hr Beef images/1146.jpg|Beef/0 hr Beef images/1147.jpg,2
test,0 hr Beef,0_hr_Beef_0022.jpg,test/0 hr Beef/0_hr_Beef_0022.jpg,735109,ce77b8acbbc49201b5fdfed991a46961d7b00afd2e3f523e46165c9e9012ee93,Beef/0 hr Beef images/1002.jpg|Beef/0 hr Beef images/1003.jpg,2
test,0 hr Beef,0_hr_Beef_0023.jpg,test/0 hr Beef/0_hr_Beef_0023.jpg,792462,d9b1d20a02e6262db8cb16c6ba138ea94f5b8a3bdbc8d91b40c397ef03a228e3,Beef/0 hr Beef images/1360.jpg|Beef/0 hr Beef images/1361.jpg|Beef/0 hr Beef images/1423.jpg,3
test,0 hr Beef,0_hr_Beef_0024.jpg,test/0 hr Beef/0_hr_Beef_0024.jpg,770916,2238a9f0c822ce0a951d868fa3420c3c5eadb855f238a4fdf93c0437fa4776c4,Beef/0 hr Beef images/1394.jpg|Beef/0 hr Beef images/1395.jpg,2
test,0 hr Beef,0_hr_Beef_0025.jpg,test/0 hr Beef/0_hr_Beef_0025.jpg,776445,de2d4c14ae3092057baa2011fed4c45c4bb965af79e07290e50b0af22c5f62ba,Beef/0 hr Beef images/1182.jpg|Beef/0 hr Beef images/1183.jpg,2
test,0 hr Beef,0_hr_Beef_0026.jpg,test/0 hr Beef/0_hr_Beef_0026.jpg,777171,5763a3a0a215ba2aa6ee0b96924840a00b001d6c1141a7d3760f951498118d35,Beef/0 hr Beef images/1330.jpg|Beef/0 hr Beef images/1331.jpg,2
test,0 hr Beef,0_hr_Beef_0027.jpg,test/0 hr Beef/0_hr_Beef_0027.jpg,795076,5a9c1e97ba9ece5ce15cbcb989d6a085daca9ef583523333a6beb05b64cd25d5,Beef/0 hr Beef images/1214.jpg|Beef/0 hr Beef images/1215.jpg,2
test,0 hr Beef,0_hr_Beef_0028.jpg,test/0 hr Beef/0_hr_Beef_0028.jpg,777771,73f20acce6bc2b73abc083564280bd6ca08d2fd3f3b043ded5eb4422a1257e59,Beef/0 hr Beef images/1384.jpg|Beef/0 hr Beef images/1385.jpg|Beef/0 hr Beef images/1413.jpg,3
test,0 hr Beef,0_hr_Beef_0029.jpg,test/0 hr Beef/0_hr_Beef_0029.jpg,780163,fc62ebecf76e0847d888ef80833923f287ee9bf4c24f7511704a2d34bf0091fc,Beef/0 hr Beef images/1184.jpg|Beef/0 hr Beef images/1185.jpg,2
test,0 hr Beef,0_hr_Beef_0030.jpg,test/0 hr Beef/0_hr_Beef_0030.jpg,835494,edb34d3765ca15627d933dd583bec47a4cd3b4d83f3d891ff3b49432a2a0823b,Beef/0 hr Beef images/1400.jpg|Beef/0 hr Beef images/1401.jpg,2
test,0 hr Mutton,0_hr_Mutton_0000.jpg,test/0 hr Mutton/0_hr_Mutton_0000.jpg,512701,3256100fa453b73da5eb8bb9c403c9098e0d4f6efb99b51fb6a48b6108159dff,Mutton/0 hr Mutton images/3836.jpg|Mutton/0 hr Mutton images/3837.jpg,2
test,0 hr Mutton,0_hr_Mutton_0001.jpg,test/0 hr Mutton/0_hr_Mutton_0001.jpg,546491,204c68daf46f124055b1a7d4a0cd605e9938c1ba415734ce34ded46d71628b1e,Mutton/0 hr Mutton images/3878.jpg|Mutton/0 hr Mutton images/3879.jpg,2
test,0 hr Mutton,0_hr_Mutton_0002.jpg,test/0 hr Mutton/0_hr_Mutton_0002.jpg,507735,9ddcd9fffbd1bdcce3c1d093471ced3470da9c6dbde7a289dfa023cdcd5e4d46,Mutton/0 hr Mutton images/3742.jpg|Mutton/0 hr Mutton images/3743.jpg|Mutton/0 hr Mutton images/3918.jpg,3
test,0 hr Mutton,0_hr_Mutton_0003.jpg,test/0 hr Mutton/0_hr_Mutton_0003.jpg,624614,1d68e8157c506cc28730636484557d6616e7451a3adb6c11718c87e6dd398a1f,Mutton/0 hr Mutton images/3694.jpg|Mutton/0 hr Mutton images/3695.jpg,2
test,0 hr Mutton,0_hr_Mutton_0004.jpg,test/0 hr Mutton/0_hr_Mutton_0004.jpg,560528,cbea15b507c5c0566d68aa0b5e7a1b00ea107734ada81160e1fd706a0e9775c3,Mutton/0 hr Mutton images/3782.jpg|Mutton/0 hr Mutton images/3783.jpg,2
test,0 hr Mutton,0_hr_Mutton_0005.jpg,test/0 hr Mutton/0_hr_Mutton_0005.jpg,515178,65dd673b47aa52bdf19ad36d8f446d462b110cbce1d67b0a56dfd9320db93dfa,Mutton/0 hr Mutton images/3776.jpg|Mutton/0 hr Mutton images/3777.jpg,2
test,0 hr Mutton,0_hr_Mutton_0006.jpg,test/0 hr Mutton/0_hr_Mutton_0006.jpg,567715,ab568bbd6db0bd690b494d254b10a6a81e42f065427ef42ec47494004e609c90,Mutton/0 hr Mutton images/3512.jpg|Mutton/0 hr Mutton images/3513.jpg,2
test,0 hr Mutton,0_hr_Mutton_0007.jpg,test/0 hr Mutton/0_hr_Mutton_0007.jpg,495504,5c5ba4eef2ad6b545e14f41cfe069e537df87e87f42031cb115f9bb4a6a78640,Mutton/0 hr Mutton images/3902.jpg|Mutton/0 hr Mutton images/3903.jpg,2
test,0 hr Mutton,0_hr_Mutton_0008.jpg,test/0 hr Mutton/0_hr_Mutton_0008.jpg,497853,32a386ed61998fec7c02546935e4360321d2d0afa3433f2e000fbbc68cf67719,Mutton/0 hr Mutton images/3758.jpg|Mutton/0 hr Mutton images/3759.jpg|Mutton/0 hr Mutton images/3923.jpg,3
test,0 hr Mutton,0_hr_Mutton_0009.jpg,test/0 hr Mutton/0_hr_Mutton_0009.jpg,565333,dcefc1aded371e4fad1a4a6b18a6a1c1700befc0e29c4f015a3b62233285a75a,Mutton/0 hr Mutton images/3880.jpg|Mutton/0 hr Mutton images/3881.jpg,2
test,0 hr Mutton,0_hr_Mutton_0010.jpg,test/0 hr Mutton/0_hr_Mutton_0010.jpg,589541,96d7c32a914a0585c33a71da822c70ee399334dedf6ad7af2f942e949fdf8699,Mutton/0 hr Mutton images/3708.jpg|Mutton/0 hr Mutton images/3709.jpg,2
test,0 hr Mutton,0_hr_Mutton_0011.jpg,test/0 hr Mutton/0_hr_Mutton_0011.jpg,555969,853109bc50c9b7cdd8e0b1d8edd2d2e49263440ae5ec9d84a8b343b00e04e4b4,Mutton/0 hr Mutton images/3692.jpg|Mutton/0 hr Mutton images/3693.jpg|Mutton/0 hr Mutton images/3943.jpg,3
test,0 hr Mutton,0_hr_Mutton_0012.jpg,test/0 hr Mutton/0_hr_Mutton_0012.jpg,486194,57108414e6549b4cdb6839769651af8fb9afd2b8ea81fe83552b14aa0da012b0,Mutton/0 hr Mutton images/3566.jpg|Mutton/0 hr Mutton images/3567.jpg,2
test,0 hr Mutton,0_hr_Mutton_0013.jpg,test/0 hr Mutton/0_hr_Mutton_0013.jpg,596603,5b7d0df0655c7a80660485a52784388d1322dc47ce364487a2f8d022a4b0dd82,Mutton/0 hr Mutton images/3504.jpg|Mutton/0 hr Mutton images/3505.jpg,2
test,0 hr Mutton,0_hr_Mutton_0014.jpg,test/0 hr Mutton/0_hr_Mutton_0014.jpg,468526,07b4b7ebfe8d01ff5980126646b0241efca98144fbf9184f960c37890b0d5dfe,Mutton/0 hr Mutton images/3732.jpg|Mutton/0 hr Mutton images/3733.jpg,2
test,0 hr Mutton,0_hr_Mutton_0015.jpg,test/0 hr Mutton/0_hr_Mutton_0015.jpg,581756,4a76c4dfedd2c42aafd69aa372954418f9d5b701b212f1b26fda19ddcc142a1c,Mutton/0 hr Mutton images/3764.jpg|Mutton/0 hr Mutton images/3765.jpg,2
test,0 hr Mutton,0_hr_Mutton_0016.jpg,test/0 hr Mutton/0_hr_Mutton_0016.jpg,494301,1c52cd5ca2afd077243e92da84015f53307e536820c31f71da76dc976f9e141f,Mutton/0 hr Mutton images/3842.jpg|Mutton/0 hr Mutton images/3843.jpg,2
test,0 hr Mutton,0_hr_Mutton_0017.jpg,test/0 hr Mutton/0_hr_Mutton_0017.jpg,510082,7aa0bbaaa347da985f4b1be7c22830a1ccca7b87cb050a1bc7f0f1d826ba5ddf,Mutton/0 hr Mutton images/3634.jpg|Mutton/0 hr Mutton images/3635.jpg,2
test,0 hr Mutton,0_hr_Mutton_0018.jpg,test/0 hr Mutton/0_hr_Mutton_0018.jpg,525011,cb1d8690499e3870d16056f5b30b2ca6b00ab6042253defe21ae8384def3dcaf,Mutton/0 hr Mutton images/3890.jpg|Mutton/0 hr Mutton images/3891.jpg,2
test,0 hr Mutton,0_hr_Mutton_0019.jpg,test/0 hr Mutton/0_hr_Mutton_0019.jpg,548202,e18c7b992ccd66b222ca98c38ad36cf0d08bbc08288fd52900f8abf87206052e,Mutton/0 hr Mutton images/3542.jpg|Mutton/0 hr Mutton images/3543.jpg,2
test,0 hr Mutton,0_hr_Mutton_0020.jpg,test/0 hr Mutton/0_hr_Mutton_0020.jpg,541598,03d3b529cd694ebfe41a713baca14895b49639c7468f35ec0b39aada11b1850c,Mutton/0 hr Mutton images/3704.jpg|Mutton/0 hr Mutton images/3705.jpg,2
test,0 hr Mutton,0_hr_Mutton_0021.jpg,test/0 hr Mutton/0_hr_Mutton_0021.jpg,562561,04748e1c7bb45ff8835d933a01c6bb37d7909d0f6065db86b27e022833e514b0,Mutton/0 hr Mutton images/3556.jpg|Mutton/0 hr Mutton images/3557.jpg,2
test,0 hr Mutton,0_hr_Mutton_0022.jpg,test/0 hr Mutton/0_hr_Mutton_0022.jpg,610119,6cd879b1fad32e2ae136848bdca98b54476ce360b4c82047ef6089f4e1e9d1ae,Mutton/0 hr Mutton images/3526.jpg|Mutton/0 hr Mutton images/3527.jpg,2
test,0 hr Mutton,0_hr_Mutton_0023.jpg,test/0 hr Mutton/0_hr_Mutton_0023.jpg,533704,bc1794d4ccd4e9b116f8f144eddb108064adf229558134dd91c8ca96a4906f8e,Mutton/0 hr Mutton images/3792.jpg|Mutton/0 hr Mutton images/3793.jpg,2
test,0 hr Mutton,0_hr_Mutton_0024.jpg,test/0 hr Mutton/0_hr_Mutton_0024.jpg,479474,b27b554ebe23c411dbdbd06d5fcc549d7005d452fe96d9bedcb733faed85d144,Mutton/0 hr Mutton images/3720.jpg|Mutton/0 hr Mutton images/3721.jpg,2
test,0 hr Mutton,0_hr_Mutton_0025.jpg,test/0 hr Mutton/0_hr_Mutton_0025.jpg,589625,589318ae7e13604cc2d0f280ff21d387bc5795fbc8a024f1f1a15e54d9d9b78d,Mutton/0 hr Mutton images/3616.jpg|Mutton/0 hr Mutton images/3617.jpg,2
test,0 hr Mutton,0_hr_Mutton_0026.jpg,test/0 hr Mutton/0_hr_Mutton_0026.jpg,570876,f961c5ebf4e66e16254f458626b87b49af6adcc2d2d1f1c75c36adeab58e7378,Mutton/0 hr Mutton images/3586.jpg|Mutton/0 hr Mutton images/3587.jpg|Mutton/0 hr Mutton images/3946.jpg,3
test,0 hr Mutton,0_hr_Mutton_0027.jpg,test/0 hr Mutton/0_hr_Mutton_0027.jpg,554856,3e438c079e36d6587dedd10a642013a510963db1ebfecd85eccf07c2f504ba15,Mutton/0 hr Mutton images/3698.jpg|Mutton/0 hr Mutton images/3699.jpg,2
test,0 hr Mutton,0_hr_Mutton_0028.jpg,test/0 hr Mutton/0_hr_Mutton_0028.jpg,496168,6368d9d2bdb359c5e47292e12e9e03b5102e59486d1a0770f04522cb8f6b05be,Mutton/0 hr Mutton images/3652.jpg|Mutton/0 hr Mutton images/3653.jpg,2
test,0 hr Mutton,0_hr_Mutton_0029.jpg,test/0 hr Mutton/0_hr_Mutton_0029.jpg,631413,1fd2f77c132ff321cc2e0c12a699940f72aea2a2c3d376241bb324037d9299d1,Mutton/0 hr Mutton images/3608.jpg|Mutton/0 hr Mutton images/3609.jpg|Mutton/0 hr Mutton images/3912.jpg,3
test,0 hr Mutton,0_hr_Mutton_0030.jpg,test/0 hr Mutton/0_hr_Mutton_0030.jpg,595464,62cd097c8c5e58e341d11f175c48d8d7592b464c22befa4a2af888b14407e6e7,Mutton/0 hr Mutton images/3598.jpg|Mutton/0 hr Mutton images/3599.jpg,2
test,12 hr Beef,12_hr_Beef_0000.jpg,test/12 hr Beef/12_hr_Beef_0000.jpg,471635,211e47562651f09dce3dffb6aae7327d4d0b69dd578ce6176a9c88af85d10bb9,Beef/12 hr Beef images/1604.jpg|Beef/12 hr Beef images/1605.jpg,2
test,12 hr Beef,12_hr_Beef_0001.jpg,test/12 hr Beef/12_hr_Beef_0001.jpg,514173,27669594be34a8fe11e4414c3a50eba579989094e31618c899e63e1a8074788d,Beef/12 hr Beef images/1780.jpg|Beef/12 hr Beef images/1781.jpg,2
test,12 hr Beef,12_hr_Beef_0002.jpg,test/12 hr Beef/12_hr_Beef_0002.jpg,477597,91815549c70e976dd2e223eee7bc260c32644cea6e711d531791cb1523371233,Beef/12 hr Beef images/1832.jpg|Beef/12 hr Beef images/1833.jpg,2
test,12 hr Beef,12_hr_Beef_0003.jpg,test/12 hr Beef/12_hr_Beef_0003.jpg,463560,f50861cee09eacea5d4c00032c1d39cab990a6da1daffffc44de1c640e1f462e,Beef/12 hr Beef images/1718.jpg|Beef/12 hr Beef images/1719.jpg,2
test,12 hr Beef,12_hr_Beef_0004.jpg,test/12 hr Beef/12_hr_Beef_0004.jpg,482325,cf8ca6847588aacf516336aac4c088706a02c3da5d35441df45b0111c4c1482b,Beef/12 hr Beef images/1906.jpg|Beef/12 hr Beef images/1907.jpg,2
test,12 hr Beef,12_hr_Beef_0005.jpg,test/12 hr Beef/12_hr_Beef_0005.jpg,478614,a12e89df1c208862af555b8b99fa6554a6bcb94b23bc355a80f4b595275395cc,Beef/12 hr Beef images/1748.jpg|Beef/12 hr Beef images/1749.jpg,2
test,12 hr Beef,12_hr_Beef_0006.jpg,test/12 hr Beef/12_hr_Beef_0006.jpg,464230,56c6ff0f3ccd02156dee520922a1477ba127ae6a07391612f61aafd15be8b32f,Beef/12 hr Beef images/1714.jpg|Beef/12 hr Beef images/1715.jpg,2
test,12 hr Beef,12_hr_Beef_0007.jpg,test/12 hr Beef/12_hr_Beef_0007.jpg,463036,578d49be8bf32d9cd12a2ce74586e77337887397b6585fb46497255355b5efe9,Beef/12 hr Beef images/1592.jpg|Beef/12 hr Beef images/1593.jpg,2
test,12 hr Beef,12_hr_Beef_0008.jpg,test/12 hr Beef/12_hr_Beef_0008.jpg,542889,64554a14005ec84abe843ae5a75d48fe2c8878d0a13547dbae26c9a2f048c625,Beef/12 hr Beef images/1510.jpg|Beef/12 hr Beef images/1511.jpg,2
test,12 hr Beef,12_hr_Beef_0009.jpg,test/12 hr Beef/12_hr_Beef_0009.jpg,509569,25e91c966d2b467cd2af0de27397f455bec0aef4d2631c5bcee1247b26a27ac0,Beef/12 hr Beef images/1500.jpg|Beef/12 hr Beef images/1501.jpg|Beef/12 hr Beef images/1925.jpg,3
test,12 hr Beef,12_hr_Beef_0010.jpg,test/12 hr Beef/12_hr_Beef_0010.jpg,455858,1717f25d24cdcefc4ccf21f9c12a7b10395595f2f1d83554945650d4c3d523f8,Beef/12 hr Beef images/1702.jpg|Beef/12 hr Beef images/1703.jpg,2
test,12 hr Beef,12_hr_Beef_0011.jpg,test/12 hr Beef/12_hr_Beef_0011.jpg,507761,4aac69157870e2138df632f3834b12413f142ad82dfd841051a77ba03ab07f4a,Beef/12 hr Beef images/1808.jpg|Beef/12 hr Beef images/1809.jpg,2
test,12 hr Beef,12_hr_Beef_0012.jpg,test/12 hr Beef/12_hr_Beef_0012.jpg,468918,a57827be3413f1db19bde3ecab97bc1806906cfca9e47a7b769bab4aca30cb6e,Beef/12 hr Beef images/1606.jpg|Beef/12 hr Beef images/1607.jpg,2
test,12 hr Beef,12_hr_Beef_0013.jpg,test/12 hr Beef/12_hr_Beef_0013.jpg,502760,92470f19356a00a6e4058dbc2900034f3c9f176531dc8285363e39e5203e81e0,Beef/12 hr Beef images/1870.jpg|Beef/12 hr Beef images/1871.jpg,2
test,12 hr Beef,12_hr_Beef_0014.jpg,test/12 hr Beef/12_hr_Beef_0014.jpg,467243,0021a8539eb5c3231b9e53c65e77653d714dd13d4cc4bfa8b91ba32985e8c21e,Beef/12 hr Beef images/1690.jpg|Beef/12 hr Beef images/1691.jpg,2
test,12 hr Beef,12_hr_Beef_0015.jpg,test/12 hr Beef/12_hr_Beef_0015.jpg,503995,9943ddbce1a0ae6ebe09377a78521f75bead75aaf005f6dfe0b4a517b9b76713,Beef/12 hr Beef images/1622.jpg|Beef/12 hr Beef images/1623.jpg,2
test,12 hr Beef,12_hr_Beef_0016.jpg,test/12 hr Beef/12_hr_Beef_0016.jpg,470115,1457a4d7b408afcefa9bf709165af972deb9241f08b81aefb1170662c1a0413d,Beef/12 hr Beef images/1846.jpg|Beef/12 hr Beef images/1847.jpg,2
test,12 hr Beef,12_hr_Beef_0017.jpg,test/12 hr Beef/12_hr_Beef_0017.jpg,524669,ea9d5327767ec72a8118ec6106c64f358604d91660ddf23a65c0c66fc84ad85d,Beef/12 hr Beef images/1530.jpg|Beef/12 hr Beef images/1531.jpg,2
test,12 hr Beef,12_hr_Beef_0018.jpg,test/12 hr Beef/12_hr_Beef_0018.jpg,507837,fc7d097c5dc13f906d76d0f8542dff651146db28626e9543be97c7594894592d,Beef/12 hr Beef images/1868.jpg|Beef/12 hr Beef images/1869.jpg,2
test,12 hr Beef,12_hr_Beef_0019.jpg,test/12 hr Beef/12_hr_Beef_0019.jpg,448200,745090e6b8bf9f67d72efec1531103f72576f3c530922a24f2606c6486835896,Beef/12 hr Beef images/1742.jpg|Beef/12 hr Beef images/1743.jpg,2
test,12 hr Beef,12_hr_Beef_0020.jpg,test/12 hr Beef/12_hr_Beef_0020.jpg,459668,17f69995db2ff74af9a6d507d74eb605c5860a3fefeaf0e560b3a91f79908778,Beef/12 hr Beef images/1826.jpg|Beef/12 hr Beef images/1827.jpg,2
test,12 hr Beef,12_hr_Beef_0021.jpg,test/12 hr Beef/12_hr_Beef_0021.jpg,461845,f571c3e590d7834591d7ce9f8f8cb73109a8f43bd4ba6eded2f735636859a8c6,Beef/12 hr Beef images/1698.jpg|Beef/12 hr Beef images/1699.jpg,2
test,12 hr Beef,12_hr_Beef_0022.jpg,test/12 hr Beef/12_hr_Beef_0022.jpg,518421,31bfcbe9843b7430da89fced7fba8c4eac9828e1ed25f5bf93bd3106916feff1,Beef/12 hr Beef images/1776.jpg|Beef/12 hr Beef images/1777.jpg|Beef/12 hr Beef images/1914.jpg,3
test,12 hr Beef,12_hr_Beef_0023.jpg,test/12 hr Beef/12_hr_Beef_0023.jpg,491235,b4a62b34a33cb3316d72bf59bde5b47ae53b4d64abf816a0f31df6bbe021996f,Beef/12 hr Beef images/1876.jpg|Beef/12 hr Beef images/1877.jpg,2
test,12 hr Beef,12_hr_Beef_0024.jpg,test/12 hr Beef/12_hr_Beef_0024.jpg,522236,8994ed1ae6187b0a8d8c4ddca8058955fcf83af06a686d1d092d9fc8260a207e,Beef/12 hr Beef images/1544.jpg|Beef/12 hr Beef images/1545.jpg,2
test,12 hr Beef,12_hr_Beef_0025.jpg,test/12 hr Beef/12_hr_Beef_0025.jpg,500768,ddaa89ed4610408fa9b1064b9b045f52834b8063ec850e8cc136192ad739757b,Beef/12 hr Beef images/1620.jpg|Beef/12 hr Beef images/1621.jpg,2
test,12 hr Beef,12_hr_Beef_0026.jpg,test/12 hr Beef/12_hr_Beef_0026.jpg,508187,6e447ff71ca755f6346ca00368346a5a3245ce03aa85445b797312ad7d8ccbca,Beef/12 hr Beef images/1686.jpg|Beef/12 hr Beef images/1687.jpg,2
test,12 hr Beef,12_hr_Beef_0027.jpg,test/12 hr Beef/12_hr_Beef_0027.jpg,438641,6cef096eecd949bd18de005a4985eaa8c1b12b4f454fc459061373bef7d35620,Beef/12 hr Beef images/1674.jpg|Beef/12 hr Beef images/1675.jpg|Beef/12 hr Beef images/1918.jpg,3
test,12 hr Beef,12_hr_Beef_0028.jpg,test/12 hr Beef/12_hr_Beef_0028.jpg,517925,df49d874d4f5be72060c1ec85d25bea1390769600935af78a681b479e3352086,Beef/12 hr Beef images/1548.jpg|Beef/12 hr Beef images/1549.jpg|Beef/12 hr Beef images/1931.jpg,3
test,12 hr Beef,12_hr_Beef_0029.jpg,test/12 hr Beef/12_hr_Beef_0029.jpg,504550,77189f4e879c19699da7b18e438f3e6402f469b5447393a97b1541186056d8d9,Beef/12 hr Beef images/1534.jpg|Beef/12 hr Beef images/1535.jpg,2
test,12 hr Beef,12_hr_Beef_0030.jpg,test/12 hr Beef/12_hr_Beef_0030.jpg,493374,c35242a690974d761ddc38b9980e6ed4c55d230f2b6d890eb874290bbb1d8f95,Beef/12 hr Beef images/1678.jpg|Beef/12 hr Beef images/1679.jpg,2
test,12 hr Mutton,12_hr_Mutton_0000.jpg,test/12 hr Mutton/12_hr_Mutton_0000.jpg,510381,370f23dc6ca55871efc28f6297c9c77c2cb3b7d91b4599cc2f147ac064516a60,Mutton/12 hr Mutton images/4260.jpg|Mutton/12 hr Mutton images/4261.jpg,2
test,12 hr Mutton,12_hr_Mutton_0001.jpg,test/12 hr Mutton/12_hr_Mutton_0001.jpg,544578,3a0d7fc41bdfde64713d6c9370fd34ba8459ce27a9377d7d650b2118b17b69ed,Mutton/12 hr Mutton images/4306.jpg|Mutton/12 hr Mutton images/4307.jpg,2
test,12 hr Mutton,12_hr_Mutton_0002.jpg,test/12 hr Mutton/12_hr_Mutton_0002.jpg,496321,0d7c4ee425ec6435a59b1c409fbecba1971fea45aeefb78ea3ebf1da4655e2e8,Mutton/12 hr Mutton images/4058.jpg|Mutton/12 hr Mutton images/4059.jpg,2
test,12 hr Mutton,12_hr_Mutton_0003.jpg,test/12 hr Mutton/12_hr_Mutton_0003.jpg,455099,05bf17c2d7a37f16b0dbdfd6c73dc9bf4db99ad59c0bc93f861af1097d20374c,Mutton/12 hr Mutton images/4296.jpg|Mutton/12 hr Mutton images/4297.jpg,2
test,12 hr Mutton,12_hr_Mutton_0004.jpg,test/12 hr Mutton/12_hr_Mutton_0004.jpg,433082,14740a96b7260dd7c83a1d02758a877fbfa669bddf88c93351dbc2b0efa9b3fd,Mutton/12 hr Mutton images/4176.jpg|Mutton/12 hr Mutton images/4177.jpg,2
test,12 hr Mutton,12_hr_Mutton_0005.jpg,test/12 hr Mutton/12_hr_Mutton_0005.jpg,522390,aad770f053878950cc05cdcca761416f9c4ea4378cf01f339cd4c7b7888b62d7,Mutton/12 hr Mutton images/4118.jpg|Mutton/12 hr Mutton images/4119.jpg,2
test,12 hr Mutton,12_hr_Mutton_0006.jpg,test/12 hr Mutton/12_hr_Mutton_0006.jpg,454976,c891be841cbf1da8763c1a250ec1db12ed26e3d7205ed2d8a12f1fe4a05f17a3,Mutton/12 hr Mutton images/4282.jpg|Mutton/12 hr Mutton images/4283.jpg,2
test,12 hr Mutton,12_hr_Mutton_0007.jpg,test/12 hr Mutton/12_hr_Mutton_0007.jpg,456309,5309e7342c38cb9e62b6a87b168c31469a67886c994cd6533d778ee746fe856f,Mutton/12 hr Mutton images/4132.jpg|Mutton/12 hr Mutton images/4133.jpg,2
test,12 hr Mutton,12_hr_Mutton_0008.jpg,test/12 hr Mutton/12_hr_Mutton_0008.jpg,478447,1c8568c50a30eb1e7b6a48fd47087b28597e7f1bdd77f601dc48d1799ec5e30b,Mutton/12 hr Mutton images/4032.jpg|Mutton/12 hr Mutton images/4033.jpg,2
test,12 hr Mutton,12_hr_Mutton_0009.jpg,test/12 hr Mutton/12_hr_Mutton_0009.jpg,405151,75b3c6bb44ca7c0df475c93ffa56859f66f0db8b77e1d5fe37898617597f580a,Mutton/12 hr Mutton images/4300.jpg|Mutton/12 hr Mutton images/4301.jpg|Mutton/12 hr Mutton images/4427.jpg,3
test,12 hr Mutton,12_hr_Mutton_0010.jpg,test/12 hr Mutton/12_hr_Mutton_0010.jpg,463217,875dbc636e4035892a588c06a17aecedc1841766b5ed332e422f71b33bef56dd,Mutton/12 hr Mutton images/4348.jpg|Mutton/12 hr Mutton images/4349.jpg,2
test,12 hr Mutton,12_hr_Mutton_0011.jpg,test/12 hr Mutton/12_hr_Mutton_0011.jpg,503087,d22e2b3daa4d3baccf56bf309513b6e63787404b3a92a5f3c67f8595bfe97815,Mutton/12 hr Mutton images/4242.jpg|Mutton/12 hr Mutton images/4243.jpg,2
test,12 hr Mutton,12_hr_Mutton_0012.jpg,test/12 hr Mutton/12_hr_Mutton_0012.jpg,450874,b64e4579f63d7cf1ab6e4bd66a65ede3a1bff1c20a82aa22393ae61a4931387d,Mutton/12 hr Mutton images/4188.jpg|Mutton/12 hr Mutton images/4189.jpg,2
test,12 hr Mutton,12_hr_Mutton_0013.jpg,test/12 hr Mutton/12_hr_Mutton_0013.jpg,513476,6c2051b2f0beb194063f9b4b6f4baeb49d92b3663d2e4602cfa94f03b5a86911,Mutton/12 hr Mutton images/4098.jpg|Mutton/12 hr Mutton images/4099.jpg,2
test,12 hr Mutton,12_hr_Mutton_0014.jpg,test/12 hr Mutton/12_hr_Mutton_0014.jpg,476042,baea77d0135611a3eb9695008ba2dfe29c26038554d5c40196d6a1125693c01e,Mutton/12 hr Mutton images/4142.jpg|Mutton/12 hr Mutton images/4143.jpg,2
test,12 hr Mutton,12_hr_Mutton_0015.jpg,test/12 hr Mutton/12_hr_Mutton_0015.jpg,538601,e1c6f779ff9d2a3fd78ab6377dcee58ef224b2c59a9a1edd3f98147571651716,Mutton/12 hr Mutton images/4068.jpg|Mutton/12 hr Mutton images/4069.jpg,2
test,12 hr Mutton,12_hr_Mutton_0016.jpg,test/12 hr Mutton/12_hr_Mutton_0016.jpg,509404,77a88ca51a16fecda03698c515c799c4f63de015ee16bb8350db8d14d93d1b60,Mutton/12 hr Mutton images/4020.jpg|Mutton/12 hr Mutton images/4021.jpg,2
test,12 hr Mutton,12_hr_Mutton_0017.jpg,test/12 hr Mutton/12_hr_Mutton_0017.jpg,516934,f730ed39727d963d9a5e36cf8da65d9cc9f2bb7df87fd10e049c4282690a567e,Mutton/12 hr Mutton images/4038.jpg|Mutton/12 hr Mutton images/4039.jpg,2
test,12 hr Mutton,12_hr_Mutton_0018.jpg,test/12 hr Mutton/12_hr_Mutton_0018.jpg,512529,d0494cd5c7f743cc35685a99cb887c66ac9a1a8d55e2e7cab4328a351739a662,Mutton/12 hr Mutton images/4110.jpg|Mutton/12 hr Mutton images/4111.jpg,2
test,12 hr Mutton,12_hr_Mutton_0019.jpg,test/12 hr Mutton/12_hr_Mutton_0019.jpg,478899,63a0a246642819937e5986587099f2a9064a130983ed14aa133f586110e3f1c7,Mutton/12 hr Mutton images/4160.jpg|Mutton/12 hr Mutton images/4161.jpg,2
test,12 hr Mutton,12_hr_Mutton_0020.jpg,test/12 hr Mutton/12_hr_Mutton_0020.jpg,453086,fe4e622a9f701cc2c28ef67a976c7754a1cd2ce130195ce96f66e9fbd04d94cf,Mutton/12 hr Mutton images/4150.jpg|Mutton/12 hr Mutton images/4151.jpg,2
test,12 hr Mutton,12_hr_Mutton_0021.jpg,test/12 hr Mutton/12_hr_Mutton_0021.jpg,448038,96d90a9094877c97f38b50d748fcdb48578a0e4820c26f6514fc14e2df4c03e6,Mutton/12 hr Mutton images/4204.jpg|Mutton/12 hr Mutton images/4205.jpg|Mutton/12 hr Mutton images/4448.jpg,3
test,12 hr Mutton,12_hr_Mutton_0022.jpg,test/12 hr Mutton/12_hr_Mutton_0022.jpg,513514,759b19048a78f1cc0f45942ffc871066ff3d6eda0f408e27993c7d74c15e35de,Mutton/12 hr Mutton images/4316.jpg|Mutton/12 hr Mutton images/4317.jpg,2
test,12 hr Mutton,12_hr_Mutton_0023.jpg,test/12 hr Mutton/12_hr_Mutton_0023.jpg,490693,1d4dae2bddc67070067d4a918e121d1ba95179a02aa109432b00c3eeb6d8c3ec,Mutton/12 hr Mutton images/4122.jpg|Mutton/12 hr Mutton images/4123.jpg,2
test,12 hr Mutton,12_hr_Mutton_0024.jpg,test/12 hr Mutton/12_hr_Mutton_0024.jpg,456181,41846da2c83939a77551ebfee4a0bd68490d5059ba98eec5c5164e12c31c802d,Mutton/12 hr Mutton images/4182.jpg|Mutton/12 hr Mutton images/4183.jpg|Mutton/12 hr Mutton images/4419.jpg,3
test,12 hr Mutton,12_hr_Mutton_0025.jpg,test/12 hr Mutton/12_hr_Mutton_0025.jpg,514682,d98139e05ae303745cc163b8be14b1a2a70e48f345527d2d6b6317061929878a,Mutton/12 hr Mutton images/4368.jpg|Mutton/12 hr Mutton images/4369.jpg|Mutton/12 hr Mutton images/4420.jpg,3
test,12 hr Mutton,12_hr_Mutton_0026.jpg,test/12 hr Mutton/12_hr_Mutton_0026.jpg,497091,b2a97430515f62a7cc2e6e1c3056f4bc0fd7e23dedcedb32322899bf0391ad51,Mutton/12 hr Mutton images/4042.jpg|Mutton/12 hr Mutton images/4043.jpg,2
test,12 hr Mutton,12_hr_Mutton_0027.jpg,test/12 hr Mutton/12_hr_Mutton_0027.jpg,463002,9a1ae2e54e1662cce5714180099a5b8f5460beeb8102601b0bb63a813a5b7214,Mutton/12 hr Mutton images/4046.jpg|Mutton/12 hr Mutton images/4047.jpg,2
test,12 hr Mutton,12_hr_Mutton_0028.jpg,test/12 hr Mutton/12_hr_Mutton_0028.jpg,559933,43e4f8d3f6f78ded3c4bf13e0cd0ae62020cb006c1359904d50d53a93dff9944,Mutton/12 hr Mutton images/4334.jpg|Mutton/12 hr Mutton images/4335.jpg,2
test,12 hr Mutton,12_hr_Mutton_0029.jpg,test/12 hr Mutton/12_hr_Mutton_0029.jpg,541336,02036b18e81b4d069d5edc99ed54b9af8985a6d07082dedd4f032f08cea9e6f4,Mutton/12 hr Mutton images/4090.jpg|Mutton/12 hr Mutton images/4091.jpg,2
test,12 hr Mutton,12_hr_Mutton_0030.jpg,test/12 hr Mutton/12_hr_Mutton_0030.jpg,517939,2daae2d08ab75163735fa8e31e9bfc98e7b8b0b22425cf6da22780b2dae1826c,Mutton/12 hr Mutton images/4064.jpg|Mutton/12 hr Mutton images/4065.jpg,2
test,12 hr Mutton,12_hr_Mutton_0031.jpg,test/12 hr Mutton/12_hr_Mutton_0031.jpg,533538,f3a7125789b8d869d1c855985fc574dc3eb3a8b4e552d18b1f7046b4ba872b02,Mutton/12 hr Mutton images/4016.jpg|Mutton/12 hr Mutton images/4017.jpg,2
test,24 hr Beef,24_hr_Beef_0000.jpg,test/24 hr Beef/24_hr_Beef_0000.jpg,497380,eeffc703b9277744c250dcfc868cbc78f2647c6b77056aaa6349df36e04b0c62,Beef/24 hr Beef images/2015.jpg|Beef/24 hr Beef images/2262.jpg,2
test,24 hr Beef,24_hr_Beef_0001.jpg,test/24 hr Beef/24_hr_Beef_0001.jpg,485605,a10f9b1ef9b37d7ab218f95aef8e9e0ec989d14f24c5899a7b2b84b62eed9e0f,Beef/24 hr Beef images/2148.jpg|Beef/24 hr Beef images/2401.jpg,2
test,24 hr Beef,24_hr_Beef_0002.jpg,test/24 hr Beef/24_hr_Beef_0002.jpg,512325,f636b5a7fdf68a08ad3038f13c01ee64e0299bb8b00deb2cbeadf6dffe6cb2bd,Beef/24 hr Beef images/2192.jpg|Beef/24 hr Beef images/2258.jpg,2
test,24 hr Beef,24_hr_Beef_0003.jpg,test/24 hr Beef/24_hr_Beef_0003.jpg,544006,7e725bfdec0eb8245d05d4b79847c5663c6f6755353ec3a6e72f94c2e8fd9096,Beef/24 hr Beef images/2112.jpg|Beef/24 hr Beef images/2334.jpg,2
test,24 hr Beef,24_hr_Beef_0004.jpg,test/24 hr Beef/24_hr_Beef_0004.jpg,464174,44996246e9e9f2d5216005d11ec19cc518ce57427efde1a0e4b944d8f6606a3f,Beef/24 hr Beef images/2139.jpg|Beef/24 hr Beef images/2436.jpg,2
test,24 hr Beef,24_hr_Beef_0005.jpg,test/24 hr Beef/24_hr_Beef_0005.jpg,542106,c4ef24cbda3df203d0b9ca97e9dd7fb1cf18981ca065595f7a8ac29c0b1d21a4,Beef/24 hr Beef images/2168.jpg|Beef/24 hr Beef images/2314.jpg,2
test,24 hr Beef,24_hr_Beef_0006.jpg,test/24 hr Beef/24_hr_Beef_0006.jpg,511199,28e134febd3be0da5c1bb636578dcc0c746d50b31413fd59bddd778c8de5e9b1,Beef/24 hr Beef images/2109.jpg|Beef/24 hr Beef images/2435.jpg,2
test,24 hr Beef,24_hr_Beef_0007.jpg,test/24 hr Beef/24_hr_Beef_0007.jpg,466364,2afc5a830d8c3805a1a0d2269df46e8292de1eddc4470ad8c3de405e49736218,Beef/24 hr Beef images/2022.jpg|Beef/24 hr Beef images/2326.jpg,2
test,24 hr Beef,24_hr_Beef_0008.jpg,test/24 hr Beef/24_hr_Beef_0008.jpg,521496,9f18f18804a929eba093725adebc4f3d82ba3e0f736b985cb40632f335589774,Beef/24 hr Beef images/2160.jpg|Beef/24 hr Beef images/2252.jpg,2
test,24 hr Beef,24_hr_Beef_0009.jpg,test/24 hr Beef/24_hr_Beef_0009.jpg,465979,c6103fd26f370b6c3535080a0c0456c947bfc5692e27155495244bf06c59f816,Beef/24 hr Beef images/2210.jpg|Beef/24 hr Beef images/2237.jpg,2
test,24 hr Beef,24_hr_Beef_0010.jpg,test/24 hr Beef/24_hr_Beef_0010.jpg,553501,f0656ac1f0f27ccfb47e08a7c1f2179ab593040a3bf969d4980c6ef1d34cc4db,Beef/24 hr Beef images/2094.jpg|Beef/24 hr Beef images/2437.jpg,2
test,24 hr Beef,24_hr_Beef_0011.jpg,test/24 hr Beef/24_hr_Beef_0011.jpg,483080,bd9ff24d92a2e58b8186ac62f6a89e5edfedafbb8c219c7615c9ae565205e288,Beef/24 hr Beef images/2003.jpg|Beef/24 hr Beef images/2358.jpg,2
test,24 hr Beef,24_hr_Beef_0012.jpg,test/24 hr Beef/24_hr_Beef_0012.jpg,489154,e36dbbbb524fcf8fadeab10079aaa9f4361ea8f7d7a53723a8e340f8830494e8,Beef/24 hr Beef images/2035.jpg|Beef/24 hr Beef images/2261.jpg,2
test,24 hr Beef,24_hr_Beef_0013.jpg,test/24 hr Beef/24_hr_Beef_0013.jpg,490294,ef39f4b85f59595c1bab253f3ffa4031a4cbe98b8d98dd8f9da364092bf4ad58,Beef/24 hr Beef images/2132.jpg|Beef/24 hr Beef images/2343.jpg,2
test,24 hr Beef,24_hr_Beef_0014.jpg,test/24 hr Beef/24_hr_Beef_0014.jpg,500910,64723edfdaf954a4355c834fe4febe8eb20fcf6a881315f0cc3c0f3a2e4b521b,Beef/24 hr Beef images/2069.jpg|Beef/24 hr Beef images/2449.jpg,2
test,24 hr Beef,24_hr_Beef_0015.jpg,test/24 hr Beef/24_hr_Beef_0015.jpg,494061,4a7d7be69ac65c1b2820b9f3d52507ec45b686d1255fced522d815ee672f7fb8,Beef/24 hr Beef images/2223.jpg|Beef/24 hr Beef images/2430.jpg,2
test,24 hr Beef,24_hr_Beef_0016.jpg,test/24 hr Beef/24_hr_Beef_0016.jpg,458875,861973fa90c279928017680e5dfbe07cc0e24ddd01277e2963d6df461315f429,Beef/24 hr Beef images/2144.jpg|Beef/24 hr Beef images/2271.jpg,2
test,24 hr Beef,24_hr_Beef_0017.jpg,test/24 hr Beef/24_hr_Beef_0017.jpg,493518,397c6f807580b75e6b89a6d8aebefe3252900cf2da68694ba24ddb6108f29c32,Beef/24 hr Beef images/2002.jpg|Beef/24 hr Beef images/2294.jpg,2
test,24 hr Beef,24_hr_Beef_0018.jpg,test/24 hr Beef/24_hr_Beef_0018.jpg,439925,c77c18e2ef7e9d5860d9307348a2816ba33442abf10f60f88804cd3b003bb45f,Beef/24 hr Beef images/2134.jpg|Beef/24 hr Beef images/2243.jpg,2
test,24 hr Beef,24_hr_Beef_0019.jpg,test/24 hr Beef/24_hr_Beef_0019.jpg,478296,bcf65ac57352a6b0f0c080bb200cc4503c6c90e73429c1ff6077ef9b21b5ec17,Beef/24 hr Beef images/2032.jpg|Beef/24 hr Beef images/2242.jpg,2
test,24 hr Beef,24_hr_Beef_0020.jpg,test/24 hr Beef/24_hr_Beef_0020.jpg,546581,1aad75d148ccd28a18acf346ee4bb73d559b105d4e9199df25f77dd5092fae48,Beef/24 hr Beef images/2080.jpg|Beef/24 hr Beef images/2228.jpg,2
test,24 hr Beef,24_hr_Beef_0021.jpg,test/24 hr Beef/24_hr_Beef_0021.jpg,482529,167efac7d2e0d6be0a67206941bcf220333b1e17a71a67cfb3384f6e1b02d4d6,Beef/24 hr Beef images/2171.jpg|Beef/24 hr Beef images/2448.jpg,2
test,24 hr Beef,24_hr_Beef_0022.jpg,test/24 hr Beef/24_hr_Beef_0022.jpg,463419,bd98ef79a69bce5cee16dbcacebcfd71805322128ae1fee782b5225010ab962d,Beef/24 hr Beef images/2048.jpg|Beef/24 hr Beef images/2407.jpg,2
test,24 hr Beef,24_hr_Beef_0023.jpg,test/24 hr Beef/24_hr_Beef_0023.jpg,554416,873a8b76f51b0d7f3a8128a74a682024031d42547c97d0463a8c3ff0a54eb965,Beef/24 hr Beef images/2089.jpg|Beef/24 hr Beef images/2253.jpg,2
test,24 hr Beef,24_hr_Beef_0024.jpg,test/24 hr Beef/24_hr_Beef_0024.jpg,456799,e449ae721c2d476adfab538d5ca34bbcee261a67d49723780ad847a43d9ec147,Beef/24 hr Beef images/2202.jpg|Beef/24 hr Beef images/2377.jpg,2
test,24 hr Beef,24_hr_Beef_0025.jpg,test/24 hr Beef/24_hr_Beef_0025.jpg,555557,051b058452d16362653427e021de2a98eb4352e95d5e8979cfa0132baf739cb6,Beef/24 hr Beef images/2009.jpg|Beef/24 hr Beef images/2328.jpg,2
test,24 hr Beef,24_hr_Beef_0026.jpg,test/24 hr Beef/24_hr_Beef_0026.jpg,484042,804e8e245607568db29608d805c514acf78b3e27677b277ea46150d10a9a1da6,Beef/24 hr Beef images/2054.jpg|Beef/24 hr Beef images/2402.jpg,2
test,24 hr Beef,24_hr_Beef_0027.jpg,test/24 hr Beef/24_hr_Beef_0027.jpg,572242,8e146a2b9aea24933dd586549dce547a3b2fa992ce1d05a2fc115d7ed4c8f6c9,Beef/24 hr Beef images/2082.jpg|Beef/24 hr Beef images/2359.jpg,2
test,24 hr Beef,24_hr_Beef_0028.jpg,test/24 hr Beef/24_hr_Beef_0028.jpg,455160,7026b7bcea8ee3036cf4efb810c0ea2e8e748050212103cd92075a3ae6f8e76c,Beef/24 hr Beef images/2200.jpg|Beef/24 hr Beef images/2388.jpg,2
test,24 hr Beef,24_hr_Beef_0029.jpg,test/24 hr Beef/24_hr_Beef_0029.jpg,466437,2d80bfbeb8cf054afb939c0ff651ecc5d3915af314110539d64fe27c6d366c9c,Beef/24 hr Beef images/2045.jpg|Beef/24 hr Beef images/2337.jpg,2
test,24 hr Beef,24_hr_Beef_0030.jpg,test/24 hr Beef/24_hr_Beef_0030.jpg,509832,a39541be0f7be0383ea859409252a97f12fdc78a94c1c15ff46a07d94f220889,Beef/24 hr Beef images/2060.jpg|Beef/24 hr Beef images/2342.jpg,2
test,24 hr Beef,24_hr_Beef_0031.jpg,test/24 hr Beef/24_hr_Beef_0031.jpg,524676,074e303b59531c2e3df7a75edb302e2f99f781539053c1536bc29ab8d84abf56,Beef/24 hr Beef images/2166.jpg|Beef/24 hr Beef images/2324.jpg,2
test,24 hr Beef,24_hr_Beef_0032.jpg,test/24 hr Beef/24_hr_Beef_0032.jpg,486283,313e6b2582198c9469a63e23842fa190ed801adfacb9588e04d704f054c1e2b7,Beef/24 hr Beef images/2226.jpg|Beef/24 hr Beef images/2300.jpg,2
test,24 hr Beef,24_hr_Beef_0033.jpg,test/24 hr Beef/24_hr_Beef_0033.jpg,441254,b20d45a7b5a1dcfb5cc608e63941468bcba7609a3f1e5b215539130f499383d8,Beef/24 hr Beef images/2222.jpg|Beef/24 hr Beef images/2233.jpg,2
test,24 hr Beef,24_hr_Beef_0034.jpg,test/24 hr Beef/24_hr_Beef_0034.jpg,460323,ff8fc668419f76a02157ca7a8ecfbf27004324c18ea47b1c9a3631537cd24d3b,Beef/24 hr Beef images/2052.jpg|Beef/24 hr Beef images/2440.jpg,2
test,24 hr Mutton,24_hr_Mutton_0000.jpg,test/24 hr Mutton/24_hr_Mutton_0000.jpg,451620,417c6573ac32263948ae3bc3a264581536fe0a881a26a9649043ef1b60e6143a,Mutton/24 hr Mutton images/4602.jpg|Mutton/24 hr Mutton images/4603.jpg,2
test,24 hr Mutton,24_hr_Mutton_0001.jpg,test/24 hr Mutton/24_hr_Mutton_0001.jpg,441721,7c464d037fff0dfe34c13ecf4b96ce694a76b0b2b534c844c23773ac6d617456,Mutton/24 hr Mutton images/4688.jpg|Mutton/24 hr Mutton images/4689.jpg,2
test,24 hr Mutton,24_hr_Mutton_0002.jpg,test/24 hr Mutton/24_hr_Mutton_0002.jpg,475078,79bada99aa4e566798ebb567d748494112075e143b91d57952454a5bfba5654f,Mutton/24 hr Mutton images/4664.jpg|Mutton/24 hr Mutton images/4665.jpg,2
test,24 hr Mutton,24_hr_Mutton_0003.jpg,test/24 hr Mutton/24_hr_Mutton_0003.jpg,438871,ae8c854e836d31b96256e77ff469bd1d9523e1147d81fd4689f428faa9cc87f8,Mutton/24 hr Mutton images/4868.jpg|Mutton/24 hr Mutton images/4869.jpg,2
test,24 hr Mutton,24_hr_Mutton_0004.jpg,test/24 hr Mutton/24_hr_Mutton_0004.jpg,494386,0dce2cb0c0c57bdd7abb262eb25bd20c65c322c1734a7d9ebdb73cebe251799d,Mutton/24 hr Mutton images/4754.jpg|Mutton/24 hr Mutton images/4755.jpg,2
test,24 hr Mutton,24_hr_Mutton_0005.jpg,test/24 hr Mutton/24_hr_Mutton_0005.jpg,450905,21e3b70379f20078abe6c2729363359847a4f394b3f74848d56ae2fda7eb0caf,Mutton/24 hr Mutton images/4578.jpg|Mutton/24 hr Mutton images/4579.jpg|Mutton/24 hr Mutton images/4942.jpg,3
test,24 hr Mutton,24_hr_Mutton_0006.jpg,test/24 hr Mutton/24_hr_Mutton_0006.jpg,481452,c5241c4b5152c5eac659871b17c474d3d563f647af619e49a0d02f3357a970f0,Mutton/24 hr Mutton images/4666.jpg|Mutton/24 hr Mutton images/4667.jpg,2
test,24 hr Mutton,24_hr_Mutton_0007.jpg,test/24 hr Mutton/24_hr_Mutton_0007.jpg,524278,476083f7e29176d1f988d09cb254ae4391d9a00ae16937e6960d9654e9d5aa6b,Mutton/24 hr Mutton images/4536.jpg|Mutton/24 hr Mutton images/4537.jpg,2
test,24 hr Mutton,24_hr_Mutton_0008.jpg,test/24 hr Mutton/24_hr_Mutton_0008.jpg,464319,5e46332712d5aaa028ff13459b58eea3d3173321a225de9e3441229699b8fa12,Mutton/24 hr Mutton images/4848.jpg|Mutton/24 hr Mutton images/4849.jpg,2
test,24 hr Mutton,24_hr_Mutton_0009.jpg,test/24 hr Mutton/24_hr_Mutton_0009.jpg,436529,466f1a879301217d456aea4b76b6ffc1364f5a81b388485b04a7c8deba47da5a,Mutton/24 hr Mutton images/4680.jpg|Mutton/24 hr Mutton images/4681.jpg,2
test,24 hr Mutton,24_hr_Mutton_0010.jpg,test/24 hr Mutton/24_hr_Mutton_0010.jpg,526813,acc6c4a7531ee50049fff63a7a57a8b3859ae6106e2bd9b4c4dc414282b6fcc8,Mutton/24 hr Mutton images/4750.jpg|Mutton/24 hr Mutton images/4751.jpg,2
test,24 hr Mutton,24_hr_Mutton_0011.jpg,test/24 hr Mutton/24_hr_Mutton_0011.jpg,461477,aa315ffe7cba114eb4f28b99354a972cf318cc3079cbb9c2281312bbf9ac1c9e,Mutton/24 hr Mutton images/4908.jpg|Mutton/24 hr Mutton images/4909.jpg,2
test,24 hr Mutton,24_hr_Mutton_0012.jpg,test/24 hr Mutton/24_hr_Mutton_0012.jpg,561067,7b519e0fc685d58bd38460ea18e89b15f3337c31c8559ddd017d73fb7bc20b33,Mutton/24 hr Mutton images/4524.jpg|Mutton/24 hr Mutton images/4525.jpg,2
test,24 hr Mutton,24_hr_Mutton_0013.jpg,test/24 hr Mutton/24_hr_Mutton_0013.jpg,510937,be43d56a3413cb2ab398018924f07475a345e66883fcf74e5f58fd6603bd5127,Mutton/24 hr Mutton images/4630.jpg|Mutton/24 hr Mutton images/4631.jpg,2
test,24 hr Mutton,24_hr_Mutton_0014.jpg,test/24 hr Mutton/24_hr_Mutton_0014.jpg,515053,712e2ec36057d0af8c7d3c35d7209206938f6310ada281d1f76fbabd6570a7e4,Mutton/24 hr Mutton images/4738.jpg|Mutton/24 hr Mutton images/4739.jpg,2
test,24 hr Mutton,24_hr_Mutton_0015.jpg,test/24 hr Mutton/24_hr_Mutton_0015.jpg,580244,13098bc81ec1a08409932ff808aa83d5f190c5d231df8f9e5ff6739b1aa9d2a9,Mutton/24 hr Mutton images/4540.jpg|Mutton/24 hr Mutton images/4541.jpg,2
test,24 hr Mutton,24_hr_Mutton_0016.jpg,test/24 hr Mutton/24_hr_Mutton_0016.jpg,424805,338f151776349b6f0a725205a7adb3c0a470192dd1464ed240a0786ba5c0779f,Mutton/24 hr Mutton images/4824.jpg|Mutton/24 hr Mutton images/4825.jpg,2
test,24 hr Mutton,24_hr_Mutton_0017.jpg,test/24 hr Mutton/24_hr_Mutton_0017.jpg,474164,d0268400315cf8f284307b87a42d01ab084c7b6bf16ca55f8352d2969b81e1ee,Mutton/24 hr Mutton images/4828.jpg|Mutton/24 hr Mutton images/4829.jpg,2
test,24 hr Mutton,24_hr_Mutton_0018.jpg,test/24 hr Mutton/24_hr_Mutton_0018.jpg,487299,e62f5c51abcdb4a49f81dfbc1cb0d0f0b9d93ebba36dc20bcea0092f7338a930,Mutton/24 hr Mutton images/4556.jpg|Mutton/24 hr Mutton images/4557.jpg,2
test,24 hr Mutton,24_hr_Mutton_0019.jpg,test/24 hr Mutton/24_hr_Mutton_0019.jpg,441535,70c764ca9ea707580e423fd5aed85d99f45461f85832de0a192dc49fe0ca76fc,Mutton/24 hr Mutton images/4860.jpg|Mutton/24 hr Mutton images/4861.jpg,2
test,24 hr Mutton,24_hr_Mutton_0020.jpg,test/24 hr Mutton/24_hr_Mutton_0020.jpg,560546,293183508fb29fea0ba79cb812bc3d36fb7bb76de53ba39c035f2f93a2d67b99,Mutton/24 hr Mutton images/4624.jpg|Mutton/24 hr Mutton images/4625.jpg,2
test,24 hr Mutton,24_hr_Mutton_0021.jpg,test/24 hr Mutton/24_hr_Mutton_0021.jpg,450484,e900a1223b23ac523285e63742f7fce6da56e30022b1a0cf6656af0c32604214,Mutton/24 hr Mutton images/4756.jpg|Mutton/24 hr Mutton images/4757.jpg,2
test,24 hr Mutton,24_hr_Mutton_0022.jpg,test/24 hr Mutton/24_hr_Mutton_0022.jpg,507405,7cf150935ff16c889f1625fa8cbdedaa70bf2c16e08cbb5bf9ab135b6977dd82,Mutton/24 hr Mutton images/4528.jpg|Mutton/24 hr Mutton images/4529.jpg,2
test,24 hr Mutton,24_hr_Mutton_0023.jpg,test/24 hr Mutton/24_hr_Mutton_0023.jpg,427347,e84700e5dd8dec73767c0ee6952b1197c123a3433f3505e3445e36c217355db6,Mutton/24 hr Mutton images/4818.jpg|Mutton/24 hr Mutton images/4819.jpg,2
test,24 hr Mutton,24_hr_Mutton_0024.jpg,test/24 hr Mutton/24_hr_Mutton_0024.jpg,531687,1d44a8436df32caf38e66a2f5482e71ec302d550faab6600686976df38f7c13b,Mutton/24 hr Mutton images/4744.jpg|Mutton/24 hr Mutton images/4745.jpg,2
test,24 hr Mutton,24_hr_Mutton_0025.jpg,test/24 hr Mutton/24_hr_Mutton_0025.jpg,484807,67568a9483dacada8fcd5a75007aa06e63fd56cfd798fc4582a36f8c850be31c,Mutton/24 hr Mutton images/4760.jpg|Mutton/24 hr Mutton images/4761.jpg,2
test,24 hr Mutton,24_hr_Mutton_0026.jpg,test/24 hr Mutton/24_hr_Mutton_0026.jpg,473925,0386828bea75f08fc75d8f77677a2ac426cddd81425fea1c71fa7b31a4880c05,Mutton/24 hr Mutton images/4670.jpg|Mutton/24 hr Mutton images/4671.jpg,2
test,24 hr Mutton,24_hr_Mutton_0027.jpg,test/24 hr Mutton/24_hr_Mutton_0027.jpg,444796,1adf8af52866c5b431187ea9aed53440b1b8aa7b02c655d04376321fda1b19f2,Mutton/24 hr Mutton images/4856.jpg|Mutton/24 hr Mutton images/4857.jpg,2
test,24 hr Mutton,24_hr_Mutton_0028.jpg,test/24 hr Mutton/24_hr_Mutton_0028.jpg,462038,2690160c7b13f459ce91fcf50ab4de6c8ca9151304657133a067ec8465ec82de,Mutton/24 hr Mutton images/4840.jpg|Mutton/24 hr Mutton images/4841.jpg,2
test,24 hr Mutton,24_hr_Mutton_0029.jpg,test/24 hr Mutton/24_hr_Mutton_0029.jpg,474432,40336a469ffa5838cdc7c6f2c5043d3b8f4a4c2e4561bb3bc1071090c541e761,Mutton/24 hr Mutton images/4712.jpg|Mutton/24 hr Mutton images/4713.jpg,2
test,24 hr Mutton,24_hr_Mutton_0030.jpg,test/24 hr Mutton/24_hr_Mutton_0030.jpg,458817,6b0f0e9597111635c0eb3ce1deb7db65a0e2d9cedca8653e4b77915a26f22cdd,Mutton/24 hr Mutton images/4888.jpg|Mutton/24 hr Mutton images/4889.jpg,2
test,24 hr Mutton,24_hr_Mutton_0031.jpg,test/24 hr Mutton/24_hr_Mutton_0031.jpg,449750,6854c8ecd292d50da66562be3e436eebf6433d5abc87dc80449ea3e75d7f77fc,Mutton/24 hr Mutton images/4782.jpg|Mutton/24 hr Mutton images/4783.jpg|Mutton/24 hr Mutton images/4948.jpg,3
test,24 hr Mutton,24_hr_Mutton_0032.jpg,test/24 hr Mutton/24_hr_Mutton_0032.jpg,457691,81a6556c3b09aa75dc217aba29fbca8e8433f5964e9fbdba739dead5b0674812,Mutton/24 hr Mutton images/4676.jpg|Mutton/24 hr Mutton images/4677.jpg,2
test,36+ hr Beef,36+_hr_Beef_0000.jpg,test/36+ hr Beef/36+_hr_Beef_0000.jpg,570829,3614cd4db1498291cc16789f118368091bbd5e809a1dcd56113f8a919579d4ac,Beef/36 hr Beef images/2510.jpg|Beef/36 hr Beef images/2511.jpg|Beef/48 hr Beef images/3010.jpg|Beef/48 hr Beef images/3011.jpg,4
test,36+ hr Beef,36+_hr_Beef_0001.jpg,test/36+ hr Beef/36+_hr_Beef_0001.jpg,560538,21ebacf3687c5a99301f4ebdc4a2a06850bd06d80d431d3b4516171931c8907c,Beef/36 hr Beef images/2664.jpg|Beef/36 hr Beef images/2665.jpg|Beef/48 hr Beef images/3164.jpg|Beef/48 hr Beef images/3165.jpg,4
test,36+ hr Beef,36+_hr_Beef_0002.jpg,test/36+ hr Beef/36+_hr_Beef_0002.jpg,497650,7d7d1920d7c9fb822778ce0b691692a8c1de726ca1a88efcad2a3f886c9f9fac,Beef/36 hr Beef images/2696.jpg|Beef/36 hr Beef images/2697.jpg|Beef/48 hr Beef images/3196.jpg|Beef/48 hr Beef images/3197.jpg,4
test,36+ hr Beef,36+_hr_Beef_0003.jpg,test/36+ hr Beef/36+_hr_Beef_0003.jpg,591165,5fd08065d48ec49190eac836be49797063160408c33286f67f26517fea620328,Beef/36 hr Beef images/2920.jpg|Beef/36 hr Beef images/2921.jpg|Beef/48 hr Beef images/3420.jpg|Beef/48 hr Beef images/3421.jpg,4
test,36+ hr Beef,36+_hr_Beef_0004.jpg,test/36+ hr Beef/36+_hr_Beef_0004.jpg,526209,ba94c4b06ba981f3f5b4acc279635c0fecc7e49d4223b5e578343045a1141358,Beef/36 hr Beef images/2754.jpg|Beef/36 hr Beef images/2755.jpg|Beef/48 hr Beef images/3254.jpg|Beef/48 hr Beef images/3255.jpg,4
test,36+ hr Beef,36+_hr_Beef_0005.jpg,test/36+ hr Beef/36+_hr_Beef_0005.jpg,574887,165aa37c650c76161a60d5276863db281e353c2afd38b8aa6267ab08165ef307,Beef/36 hr Beef images/2650.jpg|Beef/36 hr Beef images/2651.jpg|Beef/48 hr Beef images/3150.jpg|Beef/48 hr Beef images/3151.jpg,4
test,36+ hr Beef,36+_hr_Beef_0006.jpg,test/36+ hr Beef/36+_hr_Beef_0006.jpg,590922,aa60ec553f19877e0a00219fed4c984997d6e2522bac902b59e155692dabc409,Beef/36 hr Beef images/2894.jpg|Beef/36 hr Beef images/2895.jpg|Beef/48 hr Beef images/3394.jpg|Beef/48 hr Beef images/3395.jpg,4
test,36+ hr Beef,36+_hr_Beef_0007.jpg,test/36+ hr Beef/36+_hr_Beef_0007.jpg,567114,bc38fd474b3efb171c475392cf7571b05e79ade413cc504b3e892748cd513fc7,Beef/36 hr Beef images/2672.jpg|Beef/36 hr Beef images/2673.jpg|Beef/48 hr Beef images/3172.jpg|Beef/48 hr Beef images/3173.jpg,4
test,36+ hr Beef,36+_hr_Beef_0008.jpg,test/36+ hr Beef/36+_hr_Beef_0008.jpg,566855,03468148e416ef4feab9e41cc8340fbf4754ab3a8d5d927a057af759b4ee368e,Beef/36 hr Beef images/2702.jpg|Beef/36 hr Beef images/2703.jpg|Beef/48 hr Beef images/3202.jpg|Beef/48 hr Beef images/3203.jpg,4
test,36+ hr Beef,36+_hr_Beef_0009.jpg,test/36+ hr Beef/36+_hr_Beef_0009.jpg,480197,e726e424d3ea6e7c44c912f9fe56e5d5d372fe5ab275b077a5fd3a96f89face0,Beef/36 hr Beef images/2522.jpg|Beef/36 hr Beef images/2523.jpg|Beef/48 hr Beef images/3022.jpg|Beef/48 hr Beef images/3023.jpg,4
test,36+ hr Beef,36+_hr_Beef_0010.jpg,test/36+ hr Beef/36+_hr_Beef_0010.jpg,563965,1fc3cec136b191ef6b2db30f3ebace7051f17dd7107614e79333d4cdb1a426f3,Beef/36 hr Beef images/2924.jpg|Beef/36 hr Beef images/2925.jpg|Beef/48 hr Beef images/3424.jpg|Beef/48 hr Beef images/3425.jpg,4
test,36+ hr Beef,36+_hr_Beef_0011.jpg,test/36+ hr Beef/36+_hr_Beef_0011.jpg,578704,b90a5004343df9e9be635440b22ee806f44ddc05e83c3ce4741768927d9ebd2b,Beef/36 hr Beef images/2838.jpg|Beef/36 hr Beef images/2839.jpg|Beef/48 hr Beef images/3338.jpg|Beef/48 hr Beef images/3339.jpg,4
test,36+ hr Beef,36+_hr_Beef_0012.jpg,test/36+ hr Beef/36+_hr_Beef_0012.jpg,537275,c1c21ad7fdb932e0591da501054e3e4f26afeefe0da6171e7f0a9f83b23ee075,Beef/36 hr Beef images/2794.jpg|Beef/36 hr Beef images/2795.jpg|Beef/48 hr Beef images/3294.jpg|Beef/48 hr Beef images/3295.jpg,4
test,36+ hr Beef,36+_hr_Beef_0013.jpg,test/36+ hr Beef/36+_hr_Beef_0013.jpg,578208,b79290154dc9423aaf33445ab762f4be94f139af0f0b3c596ded75a539201c4a,Beef/36 hr Beef images/2698.jpg|Beef/36 hr Beef images/2699.jpg|Beef/48 hr Beef images/3198.jpg|Beef/48 hr Beef images/3199.jpg,4
test,36+ hr Beef,36+_hr_Beef_0014.jpg,test/36+ hr Beef/36+_hr_Beef_0014.jpg,537709,87d78cb10a1a5184cd0debbc93b7d7f556f90cae939b0ad7af1c8d07e823b52e,Beef/36 hr Beef images/2830.jpg|Beef/36 hr Beef images/2831.jpg|Beef/48 hr Beef images/3330.jpg|Beef/48 hr Beef images/3331.jpg,4
test,36+ hr Beef,36+_hr_Beef_0015.jpg,test/36+ hr Beef/36+_hr_Beef_0015.jpg,585114,c3084113d608cac67ecdd24d0c2b0531436fa111ac3ddd604a3769bb5bd0c788,Beef/36 hr Beef images/2670.jpg|Beef/36 hr Beef images/2671.jpg|Beef/48 hr Beef images/3170.jpg|Beef/48 hr Beef images/3171.jpg,4
test,36+ hr Beef,36+_hr_Beef_0016.jpg,test/36+ hr Beef/36+_hr_Beef_0016.jpg,550948,d4ce7c41f3c62e31be40a3f9d31beca9818a8c80f681ae93abac26e5b98a11db,Beef/36 hr Beef images/2930.jpg|Beef/36 hr Beef images/2931.jpg|Beef/48 hr Beef images/3430.jpg|Beef/48 hr Beef images/3431.jpg,4
test,36+ hr Beef,36+_hr_Beef_0017.jpg,test/36+ hr Beef/36+_hr_Beef_0017.jpg,531750,84caa28ca26e7c4d2e958e6e103f27a43a9a74330d38f84dfb8d81053ac1cc39,Beef/36 hr Beef images/2822.jpg|Beef/36 hr Beef images/2823.jpg|Beef/48 hr Beef images/3322.jpg|Beef/48 hr Beef images/3323.jpg,4
test,36+ hr Beef,36+_hr_Beef_0018.jpg,test/36+ hr Beef/36+_hr_Beef_0018.jpg,533147,edb8eea3f8498149331c78beb89e3234febcdb42bfcbc5f605d5188f135132cb,Beef/36 hr Beef images/2890.jpg|Beef/36 hr Beef images/2891.jpg|Beef/48 hr Beef images/3390.jpg|Beef/48 hr Beef images/3391.jpg,4
test,36+ hr Beef,36+_hr_Beef_0019.jpg,test/36+ hr Beef/36+_hr_Beef_0019.jpg,544025,b15a4b9219c408831613a372b007011c22f6bd5778921e661738df82ed696257,Beef/36 hr Beef images/2590.jpg|Beef/36 hr Beef images/2591.jpg|Beef/48 hr Beef images/3090.jpg|Beef/48 hr Beef images/3091.jpg,4
test,36+ hr Beef,36+_hr_Beef_0020.jpg,test/36+ hr Beef/36+_hr_Beef_0020.jpg,543201,ee1d37b4dac3fab344114e48e7a1e9730371b94af563e461a1daadda63efa727,Beef/36 hr Beef images/2746.jpg|Beef/36 hr Beef images/2747.jpg|Beef/48 hr Beef images/3246.jpg|Beef/48 hr Beef images/3247.jpg,4
test,36+ hr Beef,36+_hr_Beef_0021.jpg,test/36+ hr Beef/36+_hr_Beef_0021.jpg,559072,2ace80cccbb40da588a80893735420ef25a93b0f73b2c7b3154a5d26c2487d39,Beef/36 hr Beef images/2816.jpg|Beef/36 hr Beef images/2817.jpg|Beef/48 hr Beef images/3316.jpg|Beef/48 hr Beef images/3317.jpg,4
test,36+ hr Beef,36+_hr_Beef_0022.jpg,test/36+ hr Beef/36+_hr_Beef_0022.jpg,571839,7dc3664ed1843cc60a070c17a4c1adf2c333daaee39fa899485d09579f71f3e6,Beef/36 hr Beef images/2788.jpg|Beef/36 hr Beef images/2789.jpg|Beef/48 hr Beef images/3288.jpg|Beef/48 hr Beef images/3289.jpg,4
test,36+ hr Beef,36+_hr_Beef_0023.jpg,test/36+ hr Beef/36+_hr_Beef_0023.jpg,484742,653cad979b5a44a2112f02d8f29666432b146cc17e038088325e8d3c9717d612,Beef/36 hr Beef images/2652.jpg|Beef/36 hr Beef images/2653.jpg|Beef/48 hr Beef images/3152.jpg|Beef/48 hr Beef images/3153.jpg,4
test,36+ hr Beef,36+_hr_Beef_0024.jpg,test/36+ hr Beef/36+_hr_Beef_0024.jpg,542708,37c0adb76214a8398571d31fc517969518bc9ac2ed40aa652bad97eb457a8c6e,Beef/36 hr Beef images/2874.jpg|Beef/36 hr Beef images/2875.jpg|Beef/48 hr Beef images/3374.jpg|Beef/48 hr Beef images/3375.jpg,4
test,36+ hr Beef,36+_hr_Beef_0025.jpg,test/36+ hr Beef/36+_hr_Beef_0025.jpg,550794,0324f5bfa75f7ef4a710eb741bde0b7d20bb7bfb23dcc09e091a192b1e26f476,Beef/36 hr Beef images/2562.jpg|Beef/36 hr Beef images/2563.jpg|Beef/48 hr Beef images/3062.jpg|Beef/48 hr Beef images/3063.jpg,4
test,36+ hr Beef,36+_hr_Beef_0026.jpg,test/36+ hr Beef/36+_hr_Beef_0026.jpg,518379,a257d240411f650395bb37a80193992152f690adf5bed91aa64c43dad9372a26,Beef/36 hr Beef images/2558.jpg|Beef/36 hr Beef images/2559.jpg|Beef/48 hr Beef images/3058.jpg|Beef/48 hr Beef images/3059.jpg,4
test,36+ hr Beef,36+_hr_Beef_0027.jpg,test/36+ hr Beef/36+_hr_Beef_0027.jpg,643745,8acc214deddf38a5ebf7889ac83ba9a7df5ef3121e7ec67544950068f678f1c8,Beef/36 hr Beef images/2644.jpg|Beef/36 hr Beef images/2645.jpg|Beef/48 hr Beef images/3144.jpg|Beef/48 hr Beef images/3145.jpg,4
test,36+ hr Beef,36+_hr_Beef_0028.jpg,test/36+ hr Beef/36+_hr_Beef_0028.jpg,527134,b2d7a650f40f6e370bbca1c633206030910a429c4abb1ae42a8725736e6dc90e,Beef/36 hr Beef images/2878.jpg|Beef/36 hr Beef images/2879.jpg|Beef/48 hr Beef images/3378.jpg|Beef/48 hr Beef images/3379.jpg,4
test,36+ hr Beef,36+_hr_Beef_0029.jpg,test/36+ hr Beef/36+_hr_Beef_0029.jpg,559362,ee44308b0f7461714be98b71c9de7d80777fadb6c5f2cc80a4c8c297b1271133,Beef/36 hr Beef images/2726.jpg|Beef/36 hr Beef images/2727.jpg|Beef/48 hr Beef images/3226.jpg|Beef/48 hr Beef images/3227.jpg,4
test,36+ hr Beef,36+_hr_Beef_0030.jpg,test/36+ hr Beef/36+_hr_Beef_0030.jpg,472434,3ab3d383ebb429856c5b90bfc4b376de28c4e01ebe9894022827a3aca6d4363a,Beef/36 hr Beef images/2876.jpg|Beef/36 hr Beef images/2877.jpg|Beef/48 hr Beef images/3376.jpg|Beef/48 hr Beef images/3377.jpg,4
test,36+ hr Beef,36+_hr_Beef_0031.jpg,test/36+ hr Beef/36+_hr_Beef_0031.jpg,501207,5a9ca7e5a7b20722f4d265943cc55ae074d1728e83546fb36dd061d1f6f9fd3b,Beef/36 hr Beef images/2902.jpg|Beef/36 hr Beef images/2903.jpg|Beef/48 hr Beef images/3402.jpg|Beef/48 hr Beef images/3403.jpg,4
test,36+ hr Beef,36+_hr_Beef_0032.jpg,test/36+ hr Beef/36+_hr_Beef_0032.jpg,516020,9433ac560aa8c37eca1e0830109b8c0b3590d6e25304466e329acb5e37ce56f9,Beef/36 hr Beef images/2622.jpg|Beef/36 hr Beef images/2623.jpg|Beef/48 hr Beef images/3122.jpg|Beef/48 hr Beef images/3123.jpg,4
test,36+ hr Beef,36+_hr_Beef_0033.jpg,test/36+ hr Beef/36+_hr_Beef_0033.jpg,685114,c66dff878db49425c998ad707204e47d75da3dc6d6769ba0826b64e4644db390,Beef/36 hr Beef images/2500.jpg|Beef/36 hr Beef images/2501.jpg|Beef/48 hr Beef images/3000.jpg|Beef/48 hr Beef images/3001.jpg,4
test,36+ hr Mutton,36_hr_Mutton_0000.jpg,test/36+ hr Mutton/36_hr_Mutton_0000.jpg,552430,0b066a1808ecde9865cfa71510115309ed828a22c4703308f21dacaf15389032,Mutton/36 hr Mutton images/5198.jpg|Mutton/36 hr Mutton images/5199.jpg|Mutton/36 hr Mutton images/5200.jpg,3
test,36+ hr Mutton,36_hr_Mutton_0001.jpg,test/36+ hr Mutton/36_hr_Mutton_0001.jpg,568920,fa59db266eb4821d33b754f68508e3d7280a67169dfe416e67fe29007616924f,Mutton/36 hr Mutton images/5405.jpg|Mutton/36 hr Mutton images/5406.jpg|Mutton/36 hr Mutton images/5407.jpg,3
test,36+ hr Mutton,36_hr_Mutton_0002.jpg,test/36+ hr Mutton/36_hr_Mutton_0002.jpg,562454,c908244fcd06149a922eeb4bb6e6548b51aeb21da1d55aa3db8a2b60283fd80d,Mutton/36 hr Mutton images/5162.jpg|Mutton/36 hr Mutton images/5163.jpg|Mutton/36 hr Mutton images/5164.jpg,3
test,36+ hr Mutton,36_hr_Mutton_0003.jpg,test/36+ hr Mutton/36_hr_Mutton_0003.jpg,531749,8595855fc248279eabc45af9a39fe243d620f758b9f7367df5bcdad8419f4a05,Mutton/36 hr Mutton images/5186.jpg|Mutton/36 hr Mutton images/5187.jpg|Mutton/36 hr Mutton images/5188.jpg,3
test,36+ hr Mutton,36_hr_Mutton_0004.jpg,test/36+ hr Mutton/36_hr_Mutton_0004.jpg,542196,07a21f1572e2192fc3b0152dc3f49c566b6fc053d808de706bd9731e4b3fa70e,Mutton/36 hr Mutton images/5228.jpg|Mutton/36 hr Mutton images/5229.jpg|Mutton/36 hr Mutton images/5230.jpg,3
test,36+ hr Mutton,36_hr_Mutton_0005.jpg,test/36+ hr Mutton/36_hr_Mutton_0005.jpg,517668,cbc77d2da7a54fc03618c46cdbb3ab108044da7d387751d25104816d10bd3707,Mutton/36 hr Mutton images/5123.jpg|Mutton/36 hr Mutton images/5124.jpg|Mutton/36 hr Mutton images/5125.jpg,3
test,36+ hr Mutton,36_hr_Mutton_0006.jpg,test/36+ hr Mutton/36_hr_Mutton_0006.jpg,600869,daf56f6a4d2f7d47f2b5ba5ae9c63a302dd5fe8b0dcda5748b24e65b71fbdc61,Mutton/36 hr Mutton images/5006.jpg|Mutton/36 hr Mutton images/5007.jpg|Mutton/36 hr Mutton images/5008.jpg,3
test,36+ hr Mutton,36_hr_Mutton_0007.jpg,test/36+ hr Mutton/36_hr_Mutton_0007.jpg,573656,2b921b93b0b22214cd10d7c671f43dafe90c064d2d21827932e7b71e4d801ce6,Mutton/36 hr Mutton images/5240.jpg|Mutton/36 hr Mutton images/5241.jpg|Mutton/36 hr Mutton images/5242.jpg,3
test,36+ hr Mutton,36_hr_Mutton_0008.jpg,test/36+ hr Mutton/36_hr_Mutton_0008.jpg,524209,90405f5416c4a201cfa8b6ac8a569c81db6fd4fd16e144b75c35d01ed98e41f6,Mutton/36 hr Mutton images/5324.jpg|Mutton/36 hr Mutton images/5325.jpg|Mutton/36 hr Mutton images/5326.jpg,3
test,36+ hr Mutton,36_hr_Mutton_0009.jpg,test/36+ hr Mutton/36_hr_Mutton_0009.jpg,531891,973d5416e29c28fb076d276f8cda256eec19ed534ca9104b294f991b68569a6b,Mutton/36 hr Mutton images/5312.jpg|Mutton/36 hr Mutton images/5313.jpg|Mutton/36 hr Mutton images/5314.jpg,3
test,36+ hr Mutton,36_hr_Mutton_0010.jpg,test/36+ hr Mutton/36_hr_Mutton_0010.jpg,611521,af4af630482a44ae6131eaed494a49a31466f62e159a2ec50de46f01be3142a3,Mutton/36 hr Mutton images/5297.jpg|Mutton/36 hr Mutton images/5298.jpg|Mutton/36 hr Mutton images/5299.jpg|Mutton/36 hr Mutton images/5447.jpg,4
test,36+ hr Mutton,36_hr_Mutton_0011.jpg,test/36+ hr Mutton/36_hr_Mutton_0011.jpg,482243,28925e8760500686028438bbcc05c95abfc14e9ab78ceccdae7a556355433277,Mutton/36 hr Mutton images/5411.jpg|Mutton/36 hr Mutton images/5412.jpg|Mutton/36 hr Mutton images/5413.jpg,3
test,36+ hr Mutton,36_hr_Mutton_0012.jpg,test/36+ hr Mutton/36_hr_Mutton_0012.jpg,558441,c408dbd138cbe59b7f30b22345edceb9dfa1ca81f1d2c64920cdb05487d7fdd5,Mutton/36 hr Mutton images/5102.jpg|Mutton/36 hr Mutton images/5103.jpg|Mutton/36 hr Mutton images/5104.jpg,3
test,36+ hr Mutton,36_hr_Mutton_0013.jpg,test/36+ hr Mutton/36_hr_Mutton_0013.jpg,532215,db4cf38c860e393da2520962c51f310b4db9e82051e61eb9ee7bb6b8ad6a2b70,Mutton/36 hr Mutton images/5333.jpg|Mutton/36 hr Mutton images/5334.jpg|Mutton/36 hr Mutton images/5335.jpg,3
test,36+ hr Mutton,36_hr_Mutton_0014.jpg,test/36+ hr Mutton/36_hr_Mutton_0014.jpg,469456,b325546c4bd2d4789ce6c003fa3ae3ecdf3ef34b38e1b6e86e3ab0f8538b1de9,Mutton/36 hr Mutton images/5252.jpg|Mutton/36 hr Mutton images/5253.jpg|Mutton/36 hr Mutton images/5254.jpg,3
test,36+ hr Mutton,36_hr_Mutton_0015.jpg,test/36+ hr Mutton/36_hr_Mutton_0015.jpg,511163,6308fe55cdec3cf9bbb154607709f82ca0a502191ac42780594490740f9d4556,Mutton/36 hr Mutton images/5132.jpg|Mutton/36 hr Mutton images/5133.jpg|Mutton/36 hr Mutton images/5134.jpg,3
test,36+ hr Mutton,36_hr_Mutton_0016.jpg,test/36+ hr Mutton/36_hr_Mutton_0016.jpg,478894,2b1221275e6409d309872d68a120071d401df3b0939e151078d386158b92629b,Mutton/36 hr Mutton images/5402.jpg|Mutton/36 hr Mutton images/5403.jpg|Mutton/36 hr Mutton images/5404.jpg,3
test,36+ hr Mutton,36_hr_Mutton_0017.jpg,test/36+ hr Mutton/36_hr_Mutton_0017.jpg,586302,fb24cc0aac6920808ed11de362cf76a3faedc5bef87b1ca44bab5e58205630c3,Mutton/36 hr Mutton images/5051.jpg|Mutton/36 hr Mutton images/5052.jpg|Mutton/36 hr Mutton images/5053.jpg,3
test,36+ hr Mutton,36_hr_Mutton_0018.jpg,test/36+ hr Mutton/36_hr_Mutton_0018.jpg,516776,848f3ded6a0542fd806fc574092748fdecb8ec1b0f9572b34c17d4107dc64611,Mutton/36 hr Mutton images/5384.jpg|Mutton/36 hr Mutton images/5385.jpg|Mutton/36 hr Mutton images/5386.jpg,3
test,36+ hr Mutton,36_hr_Mutton_0019.jpg,test/36+ hr Mutton/36_hr_Mutton_0019.jpg,558023,d38ab0f10139781c07d3216d2e1c88ef6a5979a82b1869d2697f9930b747c514,Mutton/36 hr Mutton images/5234.jpg|Mutton/36 hr Mutton images/5235.jpg|Mutton/36 hr Mutton images/5236.jpg,3
test,36+ hr Mutton,36_hr_Mutton_0020.jpg,test/36+ hr Mutton/36_hr_Mutton_0020.jpg,518486,8f659d029471eb8ef3d0581b4e65067ec24d9017e55218f20079c21211200c62,Mutton/36 hr Mutton images/5264.jpg|Mutton/36 hr Mutton images/5265.jpg|Mutton/36 hr Mutton images/5266.jpg,3
test,36+ hr Mutton,36_hr_Mutton_0021.jpg,test/36+ hr Mutton/36_hr_Mutton_0021.jpg,595818,b283ec34e539a759f4cb4987d87c5be6a7eaf6e6761848d364bf97dc5b524c05,Mutton/36 hr Mutton images/5375.jpg|Mutton/36 hr Mutton images/5376.jpg|Mutton/36 hr Mutton images/5377.jpg,3
test,36+ hr Mutton,36_hr_Mutton_0022.jpg,test/36+ hr Mutton/36_hr_Mutton_0022.jpg,533767,5ed0ed125187928ed82f2af246509097b5988019f0b8d5b852317e115949c928,Mutton/36 hr Mutton images/5222.jpg|Mutton/36 hr Mutton images/5223.jpg|Mutton/36 hr Mutton images/5224.jpg,3
test,36+ hr Mutton,48_hr_Mutton_0000.jpg,test/36+ hr Mutton/48_hr_Mutton_0000.jpg,470306,6360bc116dcaf7b48bf6cc5be6658dc8db15f2f606ea039a8920f4e06fe74caa,Mutton/48 hr Mutton images/5924.jpg|Mutton/48 hr Mutton images/5925.jpg,2
test,36+ hr Mutton,48_hr_Mutton_0001.jpg,test/36+ hr Mutton/48_hr_Mutton_0001.jpg,448008,77380a2b8614422515e6e39ab50a269ee2451a30c56788eeed652c502889e8e7,Mutton/48 hr Mutton images/5886.jpg|Mutton/48 hr Mutton images/5887.jpg,2
test,36+ hr Mutton,48_hr_Mutton_0002.jpg,test/36+ hr Mutton/48_hr_Mutton_0002.jpg,415850,854cc810c849ad1dc51aa4d08c2af85eedea2bae26f75b69632f2b70c55879cf,Mutton/48 hr Mutton images/5830.jpg|Mutton/48 hr Mutton images/5831.jpg,2
test,36+ hr Mutton,48_hr_Mutton_0003.jpg,test/36+ hr Mutton/48_hr_Mutton_0003.jpg,382252,569e6379a744fef43c705aec0bca779b0b5c83c5eac4353c4f192b3bba7b1769,Mutton/48 hr Mutton images/5794.jpg|Mutton/48 hr Mutton images/5795.jpg,2
test,36+ hr Mutton,48_hr_Mutton_0004.jpg,test/36+ hr Mutton/48_hr_Mutton_0004.jpg,517770,64186e58f554fb29a3703febb54c4745f1e4837ad32a85aac1bf227786900d63,Mutton/48 hr Mutton images/5712.jpg|Mutton/48 hr Mutton images/5713.jpg,2
test,36+ hr Mutton,48_hr_Mutton_0005.jpg,test/36+ hr Mutton/48_hr_Mutton_0005.jpg,462951,e70f18ef65e74753cfa4d4d3f6f33ee07c6ff5206859c4d90aef2c10e54c54e8,Mutton/48 hr Mutton images/5738.jpg|Mutton/48 hr Mutton images/5739.jpg,2
test,36+ hr Mutton,48_hr_Mutton_0006.jpg,test/36+ hr Mutton/48_hr_Mutton_0006.jpg,572373,b19fb3946db828ca09b66191be91590abd7b3fe572256a116eb1be83a53d6eaa,Mutton/48 hr Mutton images/5920.jpg|Mutton/48 hr Mutton images/5921.jpg,2
test,36+ hr Mutton,48_hr_Mutton_0007.jpg,test/36+ hr Mutton/48_hr_Mutton_0007.jpg,537558,2b112b1eb42e924a4b6aad63d996a9e43c8086af33c7c8addd01308da6faa1a0,Mutton/48 hr Mutton images/5516.jpg|Mutton/48 hr Mutton images/5517.jpg|Mutton/48 hr Mutton images/5939.jpg,3
test,36+ hr Mutton,48_hr_Mutton_0008.jpg,test/36+ hr Mutton/48_hr_Mutton_0008.jpg,530586,b1d6d9aefa6f3965bd9ecd22d0ca34bda9050430a6ca6b06333c0041351a0cbf,Mutton/48 hr Mutton images/5866.jpg|Mutton/48 hr Mutton images/5867.jpg,2
test,36+ hr Mutton,48_hr_Mutton_0009.jpg,test/36+ hr Mutton/48_hr_Mutton_0009.jpg,520828,0d7f8632a39f10fc5493866db3c079b6179ffb1e89fcc1c34d3de3ef5b73a101,Mutton/48 hr Mutton images/5888.jpg|Mutton/48 hr Mutton images/5889.jpg|Mutton/48 hr Mutton images/5936.jpg,3
test,36+ hr Mutton,48_hr_Mutton_0010.jpg,test/36+ hr Mutton/48_hr_Mutton_0010.jpg,504486,873df5d4e30b2dc2ac4284be3358547de68a718b78012ca08b89204a5abaaeb9,Mutton/48 hr Mutton images/5604.jpg|Mutton/48 hr Mutton images/5605.jpg,2
test,36+ hr Mutton,48_hr_Mutton_0011.jpg,test/36+ hr Mutton/48_hr_Mutton_0011.jpg,576021,20bdc2bae3b7ffba7b44a41829c66c8c941180348ba901b1ce99ed73a4443f64,Mutton/48 hr Mutton images/5902.jpg|Mutton/48 hr Mutton images/5903.jpg,2
test,36+ hr Mutton,48_hr_Mutton_0012.jpg,test/36+ hr Mutton/48_hr_Mutton_0012.jpg,598996,1b809882e8e216ad04d49c19bdbe465b72f1ad57df9405b2c32fb0ff63364cd5,Mutton/48 hr Mutton images/5790.jpg|Mutton/48 hr Mutton images/5791.jpg,2
test,36+ hr Mutton,48_hr_Mutton_0013.jpg,test/36+ hr Mutton/48_hr_Mutton_0013.jpg,560035,ca8a21ec763e6f7fe96551743dc60c369f5f2f241ce6d0158c077415a42b3437,Mutton/48 hr Mutton images/5702.jpg|Mutton/48 hr Mutton images/5703.jpg,2
test,36+ hr Mutton,48_hr_Mutton_0014.jpg,test/36+ hr Mutton/48_hr_Mutton_0014.jpg,521091,e1287830097700761d5cd1b2a0744a98329d1529f45c625de57947b1c0a8a4f2,Mutton/48 hr Mutton images/5918.jpg|Mutton/48 hr Mutton images/5919.jpg,2
test,36+ hr Mutton,48_hr_Mutton_0015.jpg,test/36+ hr Mutton/48_hr_Mutton_0015.jpg,489865,cbbf1b72bc26ef73e8b450ff4e772c3c141d1ae1dffee4c2c57fad28b78d76e3,Mutton/48 hr Mutton images/5572.jpg|Mutton/48 hr Mutton images/5573.jpg,2
test,36+ hr Mutton,48_hr_Mutton_0016.jpg,test/36+ hr Mutton/48_hr_Mutton_0016.jpg,435171,9769b2cdb0ea8158288f959d3065f4a18163e5ada2d596288f3f98210787e838,Mutton/48 hr Mutton images/5546.jpg|Mutton/48 hr Mutton images/5547.jpg,2
test,36+ hr Mutton,48_hr_Mutton_0017.jpg,test/36+ hr Mutton/48_hr_Mutton_0017.jpg,522134,a693417064b8b96905f6bd2c2398f96293b8772ca2d1d95f247023d6421b4422,Mutton/48 hr Mutton images/5708.jpg|Mutton/48 hr Mutton images/5709.jpg,2
test,36+ hr Mutton,48_hr_Mutton_0018.jpg,test/36+ hr Mutton/48_hr_Mutton_0018.jpg,523492,8458aad38ebd34bfc55fa99dc0403384f780b49008e1e6876e299423e53a0eec,Mutton/48 hr Mutton images/5778.jpg|Mutton/48 hr Mutton images/5779.jpg,2
test,36+ hr Mutton,48_hr_Mutton_0019.jpg,test/36+ hr Mutton/48_hr_Mutton_0019.jpg,407157,a84aa14515f9fcc81d0b5d555d826dd47e6ec98950f7bf227345d83fbbf13a2f,Mutton/48 hr Mutton images/5606.jpg|Mutton/48 hr Mutton images/5607.jpg,2
test,36+ hr Mutton,48_hr_Mutton_0020.jpg,test/36+ hr Mutton/48_hr_Mutton_0020.jpg,573197,02d8da3398666dd281bc1d89d1636b903ffd944958dfe28da5c07262427569e0,Mutton/48 hr Mutton images/5564.jpg|Mutton/48 hr Mutton images/5565.jpg,2
test,36+ hr Mutton,48_hr_Mutton_0021.jpg,test/36+ hr Mutton/48_hr_Mutton_0021.jpg,501744,abc457c0547e2ed1328159c8662063d3029515cec6cf808a656d56484d344c07,Mutton/48 hr Mutton images/5804.jpg|Mutton/48 hr Mutton images/5805.jpg,2
test,36+ hr Mutton,48_hr_Mutton_0022.jpg,test/36+ hr Mutton/48_hr_Mutton_0022.jpg,430935,9abf6d8cf9553946b6ebe8285b6fecee5d8d0daab3c1b6eeec2b196cffd6b126,Mutton/48 hr Mutton images/5602.jpg|Mutton/48 hr Mutton images/5603.jpg,2
test,36+ hr Mutton,48_hr_Mutton_0023.jpg,test/36+ hr Mutton/48_hr_Mutton_0023.jpg,524980,aa371479a8f5f77bee25a9faa150467e401d49f51fb205b025b83eb94389960b,Mutton/48 hr Mutton images/5892.jpg|Mutton/48 hr Mutton images/5893.jpg,2
test,36+ hr Mutton,48_hr_Mutton_0024.jpg,test/36+ hr Mutton/48_hr_Mutton_0024.jpg,557954,535cb61b2fdee2c340e50b378b174b9ed5ac66bc78887c8c06f14d131b24168a,Mutton/48 hr Mutton images/5668.jpg|Mutton/48 hr Mutton images/5669.jpg,2
test,36+ hr Mutton,48_hr_Mutton_0025.jpg,test/36+ hr Mutton/48_hr_Mutton_0025.jpg,418020,d9c1f248521505b19d2f1003385a2ab901ba3c27ef702492195ea133b5e43065,Mutton/48 hr Mutton images/5864.jpg|Mutton/48 hr Mutton images/5865.jpg,2
test,36+ hr Mutton,48_hr_Mutton_0026.jpg,test/36+ hr Mutton/48_hr_Mutton_0026.jpg,377081,f8fe13be0b75b86b8091db25bbc371667cad40a88ac0734f4596276597f5a5b7,Mutton/48 hr Mutton images/5906.jpg|Mutton/48 hr Mutton images/5907.jpg,2
test,36+ hr Mutton,48_hr_Mutton_0027.jpg,test/36+ hr Mutton/48_hr_Mutton_0027.jpg,498730,d24406634cc8b03252832f53805ecd49b666615d9856c7d470db644b8480e6d7,Mutton/48 hr Mutton images/5812.jpg|Mutton/48 hr Mutton images/5813.jpg,2
test,36+ hr Mutton,48_hr_Mutton_0028.jpg,test/36+ hr Mutton/48_hr_Mutton_0028.jpg,455468,7932e6d34c34461258060acfe04047f3db23053d923a50632334b1b46ce6988f,Mutton/48 hr Mutton images/5648.jpg|Mutton/48 hr Mutton images/5649.jpg,2
test,36+ hr Mutton,48_hr_Mutton_0029.jpg,test/36+ hr Mutton/48_hr_Mutton_0029.jpg,400697,510de38429de066418fcd586fb05270a382e3049c32d754cfb9302024f23f303,Mutton/48 hr Mutton images/5586.jpg|Mutton/48 hr Mutton images/5587.jpg,2
test,36+ hr Mutton,48_hr_Mutton_0030.jpg,test/36+ hr Mutton/48_hr_Mutton_0030.jpg,489141,1fe850ede9cbdbdae5360e9b615bb229ab199861ddef196357dc4d3afcd1dbd3,Mutton/48 hr Mutton images/5632.jpg|Mutton/48 hr Mutton images/5633.jpg,2
test,36+ hr Mutton,48_hr_Mutton_0031.jpg,test/36+ hr Mutton/48_hr_Mutton_0031.jpg,584496,42f460af0a618330a121fc732e6581ef434e1508840ed5e3bb8a5e37750133cc,Mutton/48 hr Mutton images/5692.jpg|Mutton/48 hr Mutton images/5693.jpg,2
