split,class_name,filename,relative_path,size_bytes,md5
test,0 hr Beef,0_hr_Beef_0000.jpg,test/0 hr Beef/0_hr_Beef_0000.jpg,806569,4c4e5a6cf1eb124f59711e598da6aa84
test,0 hr Beef,0_hr_Beef_0001.jpg,test/0 hr Beef/0_hr_Beef_0001.jpg,730807,163fa9ede43a73740943fb03b03479a4
test,0 hr Beef,0_hr_Beef_0002.jpg,test/0 hr Beef/0_hr_Beef_0002.jpg,800467,31819a56a057327412eb1f8dc7a2eb1b
test,0 hr Beef,0_hr_Beef_0003.jpg,test/0 hr Beef/0_hr_Beef_0003.jpg,811425,ed3d5f0172d321f531a133c31d1ae495
test,0 hr Beef,0_hr_Beef_0004.jpg,test/0 hr Beef/0_hr_Beef_0004.jpg,774162,907a3a208ac6214c31e5246453b8b901
test,0 hr Beef,0_hr_Beef_0005.jpg,test/0 hr Beef/0_hr_Beef_0005.jpg,799832,543a7ce9ce9655e2466b2194f9490721
test,0 hr Beef,0_hr_Beef_0006.jpg,test/0 hr Beef/0_hr_Beef_0006.jpg,805545,264655b9ac5fae4f61306d57ad7a0ee1
test,0 hr Beef,0_hr_Beef_0007.jpg,test/0 hr Beef/0_hr_Beef_0007.jpg,776838,56909f1d2f0fbd244232b1725a477150
test,0 hr Beef,0_hr_Beef_0008.jpg,test/0 hr Beef/0_hr_Beef_0008.jpg,761408,b33f7d12cc103b2e28dcc6cbd0a09a5b
test,0 hr Beef,0_hr_Beef_0009.jpg,test/0 hr Beef/0_hr_Beef_0009.jpg,807955,c7d899584d7f0f1e46d75a4fa40c6938
test,0 hr Beef,0_hr_Beef_0010.jpg,test/0 hr Beef/0_hr_Beef_0010.jpg,810602,9cf9bd2b9579c584bc7554056414f83f
test,0 hr Beef,0_hr_Beef_0011.jpg,test/0 hr Beef/0_hr_Beef_0011.jpg,783913,9cccb202425383d8266fddaca2eba8ad
test,0 hr Beef,0_hr_Beef_0012.jpg,test/0 hr Beef/0_hr_Beef_0012.jpg,782556,cdff890ec189a31fcaa2f5dcd3a5afbf
test,0 hr Beef,0_hr_Beef_0013.jpg,test/0 hr Beef/0_hr_Beef_0013.jpg,808090,b87258430331ea99c976182b7db97e47
test,0 hr Beef,0_hr_Beef_0014.jpg,test/0 hr Beef/0_hr_Beef_0014.jpg,789732,be0b84449ddda7c6aadbea53457b9a4a
test,0 hr Beef,0_hr_Beef_0015.jpg,test/0 hr Beef/0_hr_Beef_0015.jpg,810151,86e957e3cf2711603c8cf2fc004c8ea1
test,0 hr Beef,0_hr_Beef_0016.jpg,test/0 hr Beef/0_hr_Beef_0016.jpg,783694,a5b0363b448e6649dd9d9863a64e494e
test,0 hr Beef,0_hr_Beef_0017.jpg,test/0 hr Beef/0_hr_Beef_0017.jpg,734593,15517cfc6e8efaf83f92a6406b67f14d
test,0 hr Beef,0_hr_Beef_0018.jpg,test/0 hr Beef/0_hr_Beef_0018.jpg,728154,22befdf1f82809baef8997a2bb60f2ad
test,0 hr Beef,0_hr_Beef_0019.jpg,test/0 hr Beef/0_hr_Beef_0019.jpg,771126,827075be520fee1a6560bcd0ad3c5419
test,0 hr Beef,0_hr_Beef_0020.jpg,test/0 hr Beef/0_hr_Beef_0020.jpg,800256,429b28578d920e961a607c7afa0da46b
test,0 hr Beef,0_hr_Beef_0021.jpg,test/0 hr Beef/0_hr_Beef_0021.jpg,753498,e64cbdc8d47072a9c2db4b83bbab46e0
test,0 hr Beef,0_hr_Beef_0022.jpg,test/0 hr Beef/0_hr_Beef_0022.jpg,735109,706e5cb95075892cca6f3755f4b3d1d1
test,0 hr Beef,0_hr_Beef_0023.jpg,test/0 hr Beef/0_hr_Beef_0023.jpg,792462,d8875812f2657633de772a747ca93124
test,0 hr Beef,0_hr_Beef_0024.jpg,test/0 hr Beef/0_hr_Beef_0024.jpg,770916,113860cd9dc262c93877119aac6c8a7c
test,0 hr Beef,0_hr_Beef_0025.jpg,test/0 hr Beef/0_hr_Beef_0025.jpg,776445,a0addcba01d9810cc4282264dcf41b86
test,0 hr Beef,0_hr_Beef_0026.jpg,test/0 hr Beef/0_hr_Beef_0026.jpg,777171,4f067bf36cf973ed8746502d76be358b
test,0 hr Beef,0_hr_Beef_0027.jpg,test/0 hr Beef/0_hr_Beef_0027.jpg,795076,fd671b24223be70ad57ef9dcbac3316d
test,0 hr Beef,0_hr_Beef_0028.jpg,test/0 hr Beef/0_hr_Beef_0028.jpg,777771,c814a09d66d55d017562b4a3d8b5ba1c
test,0 hr Beef,0_hr_Beef_0029.jpg,test/0 hr Beef/0_hr_Beef_0029.jpg,780163,d287abf1036fa644c2df9e509311151d
test,0 hr Beef,0_hr_Beef_0030.jpg,test/0 hr Beef/0_hr_Beef_0030.jpg,835494,235dcd930ce5351a3c75e25eb768f51f
test,0 hr Mutton,0_hr_Mutton_0000.jpg,test/0 hr Mutton/0_hr_Mutton_0000.jpg,512701,2bfbfd0708f48e50911723f1a70b860c
test,0 hr Mutton,0_hr_Mutton_0001.jpg,test/0 hr Mutton/0_hr_Mutton_0001.jpg,546491,43d58693d6b3ffba655ee0c4743692fd
test,0 hr Mutton,0_hr_Mutton_0002.jpg,test/0 hr Mutton/0_hr_Mutton_0002.jpg,507735,80ccadc711fe8f9eb08c371caa7f0849
test,0 hr Mutton,0_hr_Mutton_0003.jpg,test/0 hr Mutton/0_hr_Mutton_0003.jpg,624614,7f3051c7275d719fa4020b54110ba927
test,0 hr Mutton,0_hr_Mutton_0004.jpg,test/0 hr Mutton/0_hr_Mutton_0004.jpg,560528,0dc25dbdecda050693f0cdb98eedacc0
test,0 hr Mutton,0_hr_Mutton_0005.jpg,test/0 hr Mutton/0_hr_Mutton_0005.jpg,515178,445fbf0a7afd0e5e9bf3ced3575b1cd0
test,0 hr Mutton,0_hr_Mutton_0006.jpg,test/0 hr Mutton/0_hr_Mutton_0006.jpg,567715,a2ccfce1f262a5df8a4d6fd354a7d1a7
test,0 hr Mutton,0_hr_Mutton_0007.jpg,test/0 hr Mutton/0_hr_Mutton_0007.jpg,495504,41522d1a73f9129b8cfab30ff7bf8ed1
test,0 hr Mutton,0_hr_Mutton_0008.jpg,test/0 hr Mutton/0_hr_Mutton_0008.jpg,497853,a2e707066ed9db26495d6509ebc2ff1c
test,0 hr Mutton,0_hr_Mutton_0009.jpg,test/0 hr Mutton/0_hr_Mutton_0009.jpg,565333,c96015b98483787bc61b32cb5ae58b55
test,0 hr Mutton,0_hr_Mutton_0010.jpg,test/0 hr Mutton/0_hr_Mutton_0010.jpg,589541,0a272d035a9e44c4057306b416778187
test,0 hr Mutton,0_hr_Mutton_0011.jpg,test/0 hr Mutton/0_hr_Mutton_0011.jpg,555969,9055822ddbb0458c5bc16790d477bb4c
test,0 hr Mutton,0_hr_Mutton_0012.jpg,test/0 hr Mutton/0_hr_Mutton_0012.jpg,486194,62d6168bdec1999093a77c0add22606e
test,0 hr Mutton,0_hr_Mutton_0013.jpg,test/0 hr Mutton/0_hr_Mutton_0013.jpg,596603,3953307ef9a4ba3fe42dcaa2175cd6b5
test,0 hr Mutton,0_hr_Mutton_0014.jpg,test/0 hr Mutton/0_hr_Mutton_0014.jpg,468526,a7ffa53d5e50a4aaa125f82f0d2a2f7d
test,0 hr Mutton,0_hr_Mutton_0015.jpg,test/0 hr Mutton/0_hr_Mutton_0015.jpg,581756,cf25270a1d2931f707a99f57819dbf94
test,0 hr Mutton,0_hr_Mutton_0016.jpg,test/0 hr Mutton/0_hr_Mutton_0016.jpg,494301,07383f02eaea2a78a584661a3a047a6c
test,0 hr Mutton,0_hr_Mutton_0017.jpg,test/0 hr Mutton/0_hr_Mutton_0017.jpg,510082,b3a3f364107e1da03bce788b2e9a10d2
test,0 hr Mutton,0_hr_Mutton_0018.jpg,test/0 hr Mutton/0_hr_Mutton_0018.jpg,525011,b2f24638bd7b72bb888e5c617859faf0
test,0 hr Mutton,0_hr_Mutton_0019.jpg,test/0 hr Mutton/0_hr_Mutton_0019.jpg,548202,d9fbdca91d76ba0c008e3f53069ef617
test,0 hr Mutton,0_hr_Mutton_0020.jpg,test/0 hr Mutton/0_hr_Mutton_0020.jpg,541598,60bb37aa4d9e704345ddc7b20194d48b
test,0 hr Mutton,0_hr_Mutton_0021.jpg,test/0 hr Mutton/0_hr_Mutton_0021.jpg,562561,470cfdf52861bf968896f074a6176ceb
test,0 hr Mutton,0_hr_Mutton_0022.jpg,test/0 hr Mutton/0_hr_Mutton_0022.jpg,610119,bc37e3d8f67f5a39855e8b80e855e696
test,0 hr Mutton,0_hr_Mutton_0023.jpg,test/0 hr Mutton/0_hr_Mutton_0023.jpg,533704,271526c8ef9d5fd63629cb5b395e22af
test,0 hr Mutton,0_hr_Mutton_0024.jpg,test/0 hr Mutton/0_hr_Mutton_0024.jpg,479474,4a8f8c68ba1c5c4e078684ce8111dac3
test,0 hr Mutton,0_hr_Mutton_0025.jpg,test/0 hr Mutton/0_hr_Mutton_0025.jpg,589625,fdd776aacd3bfa6f4fbcca25e124eef2
test,0 hr Mutton,0_hr_Mutton_0026.jpg,test/0 hr Mutton/0_hr_Mutton_0026.jpg,570876,79384d96d4a2e5192cc460097762356f
test,0 hr Mutton,0_hr_Mutton_0027.jpg,test/0 hr Mutton/0_hr_Mutton_0027.jpg,554856,26d4a0ab9ce09ad708ce690c589af232
test,0 hr Mutton,0_hr_Mutton_0028.jpg,test/0 hr Mutton/0_hr_Mutton_0028.jpg,496168,3ca4c6b136f4335fe2c5606504677e9a
test,0 hr Mutton,0_hr_Mutton_0029.jpg,test/0 hr Mutton/0_hr_Mutton_0029.jpg,631413,a9ec95166cba9662c1d2825b6d287762
test,0 hr Mutton,0_hr_Mutton_0030.jpg,test/0 hr Mutton/0_hr_Mutton_0030.jpg,595464,06bd90800bf7bbac8806f233722129f2
test,12 hr Beef,12_hr_Beef_0000.jpg,test/12 hr Beef/12_hr_Beef_0000.jpg,471635,7597c7fcdef53325fcab23208b630bfb
test,12 hr Beef,12_hr_Beef_0001.jpg,test/12 hr Beef/12_hr_Beef_0001.jpg,514173,185ca53342846cbdd0f2e0dea79e0baa
test,12 hr Beef,12_hr_Beef_0002.jpg,test/12 hr Beef/12_hr_Beef_0002.jpg,477597,ebb11d73da28b769a1011a7228d3b34e
test,12 hr Beef,12_hr_Beef_0003.jpg,test/12 hr Beef/12_hr_Beef_0003.jpg,463560,a152d3119dedab853c10fc2b1a0dbd22
test,12 hr Beef,12_hr_Beef_0004.jpg,test/12 hr Beef/12_hr_Beef_0004.jpg,482325,414f1c47bca94ad995e6d27df1c5b730
test,12 hr Beef,12_hr_Beef_0005.jpg,test/12 hr Beef/12_hr_Beef_0005.jpg,478614,2609e9d67feb0fbcbd671f16f9819591
test,12 hr Beef,12_hr_Beef_0006.jpg,test/12 hr Beef/12_hr_Beef_0006.jpg,464230,d0004bb3088a67591df981dbcca34dcc
test,12 hr Beef,12_hr_Beef_0007.jpg,test/12 hr Beef/12_hr_Beef_0007.jpg,463036,8604e86a55a3061121178b2f96f9989e
test,12 hr Beef,12_hr_Beef_0008.jpg,test/12 hr Beef/12_hr_Beef_0008.jpg,542889,dff6e8746ea30a10f2e3092a47b55e92
test,12 hr Beef,12_hr_Beef_0009.jpg,test/12 hr Beef/12_hr_Beef_0009.jpg,509569,9b8b22675dd890e2d4ea109f22fcecc8
test,12 hr Beef,12_hr_Beef_0010.jpg,test/12 hr Beef/12_hr_Beef_0010.jpg,455858,c6ac7f6ded6b7d31d1ffed0f0cb61079
test,12 hr Beef,12_hr_Beef_0011.jpg,test/12 hr Beef/12_hr_Beef_0011.jpg,507761,30872dc5b2c550f88948009201942c11
test,12 hr Beef,12_hr_Beef_0012.jpg,test/12 hr Beef/12_hr_Beef_0012.jpg,468918,727b6eaac41ad4144706fe591a799275
test,12 hr Beef,12_hr_Beef_0013.jpg,test/12 hr Beef/12_hr_Beef_0013.jpg,502760,88aa07ecbad915cac177878f403acb31
test,12 hr Beef,12_hr_Beef_0014.jpg,test/12 hr Beef/12_hr_Beef_0014.jpg,467243,4cc82c0ab73de835623df89526bebc7f
test,12 hr Beef,12_hr_Beef_0015.jpg,test/12 hr Beef/12_hr_Beef_0015.jpg,503995,3033e5937a2df7b04455392460f0692c
test,12 hr Beef,12_hr_Beef_0016.jpg,test/12 hr Beef/12_hr_Beef_0016.jpg,470115,90f36451449277e4dacb0356bb1d4229
test,12 hr Beef,12_hr_Beef_0017.jpg,test/12 hr Beef/12_hr_Beef_0017.jpg,524669,3e5b7bad8cc7fe3124948800742203ca
test,12 hr Beef,12_hr_Beef_0018.jpg,test/12 hr Beef/12_hr_Beef_0018.jpg,507837,c7b4a64b737a879dcec159d4b808ade3
test,12 hr Beef,12_hr_Beef_0019.jpg,test/12 hr Beef/12_hr_Beef_0019.jpg,448200,89581d635c1863dbf251efcd0916ca08
test,12 hr Beef,12_hr_Beef_0020.jpg,test/12 hr Beef/12_hr_Beef_0020.jpg,459668,f35e7df57441e3d626f976695d1d00c8
test,12 hr Beef,12_hr_Beef_0021.jpg,test/12 hr Beef/12_hr_Beef_0021.jpg,461845,0ad26dad4a4f142396b97b4c5efc4f4f
test,12 hr Beef,12_hr_Beef_0022.jpg,test/12 hr Beef/12_hr_Beef_0022.jpg,518421,4bbbad6cb1fc16735c7aa9e8abd5219c
test,12 hr Beef,12_hr_Beef_0023.jpg,test/12 hr Beef/12_hr_Beef_0023.jpg,491235,5c8f31718354593f23fa916db1395cba
test,12 hr Beef,12_hr_Beef_0024.jpg,test/12 hr Beef/12_hr_Beef_0024.jpg,522236,7c2c9b1acc306b1a7a65b94d7a788d8c
test,12 hr Beef,12_hr_Beef_0025.jpg,test/12 hr Beef/12_hr_Beef_0025.jpg,500768,e7f80cc5a7f14cc079da5ec2f6599670
test,12 hr Beef,12_hr_Beef_0026.jpg,test/12 hr Beef/12_hr_Beef_0026.jpg,508187,b439c15213024b842f82766a11319475
test,12 hr Beef,12_hr_Beef_0027.jpg,test/12 hr Beef/12_hr_Beef_0027.jpg,438641,7c885740532be2ec7742dbdb83ffff33
test,12 hr Beef,12_hr_Beef_0028.jpg,test/12 hr Beef/12_hr_Beef_0028.jpg,517925,2eac29a7a4866207511de434a52e2f37
test,12 hr Beef,12_hr_Beef_0029.jpg,test/12 hr Beef/12_hr_Beef_0029.jpg,504550,266bc0a4bd4626d2206719550b0f1aa3
test,12 hr Beef,12_hr_Beef_0030.jpg,test/12 hr Beef/12_hr_Beef_0030.jpg,493374,17d67e7ec0765dae1640fa206abbc576
test,12 hr Mutton,12_hr_Mutton_0000.jpg,test/12 hr Mutton/12_hr_Mutton_0000.jpg,510381,4e81c5c2001b255251ac86abe3f20b5a
test,12 hr Mutton,12_hr_Mutton_0001.jpg,test/12 hr Mutton/12_hr_Mutton_0001.jpg,544578,79fd91fe5960b7f8884246016840f189
test,12 hr Mutton,12_hr_Mutton_0002.jpg,test/12 hr Mutton/12_hr_Mutton_0002.jpg,496321,752f740416e13849418054c4b3b71fd6
test,12 hr Mutton,12_hr_Mutton_0003.jpg,test/12 hr Mutton/12_hr_Mutton_0003.jpg,455099,c65593c56c7326c89bc332382f3ed62d
test,12 hr Mutton,12_hr_Mutton_0004.jpg,test/12 hr Mutton/12_hr_Mutton_0004.jpg,433082,00fbf7e7a1b997d377a8572026aac7fa
test,12 hr Mutton,12_hr_Mutton_0005.jpg,test/12 hr Mutton/12_hr_Mutton_0005.jpg,522390,bc923eceb9ea5edc9f02345db6449936
test,12 hr Mutton,12_hr_Mutton_0006.jpg,test/12 hr Mutton/12_hr_Mutton_0006.jpg,454976,79d6f76ef95ab6b30ff1e9792c554508
test,12 hr Mutton,12_hr_Mutton_0007.jpg,test/12 hr Mutton/12_hr_Mutton_0007.jpg,456309,7b7b0dcc321fba9f9d37a2c1cbbb76e8
test,12 hr Mutton,12_hr_Mutton_0008.jpg,test/12 hr Mutton/12_hr_Mutton_0008.jpg,478447,1063bf3d67f99f33540497943d951b71
test,12 hr Mutton,12_hr_Mutton_0009.jpg,test/12 hr Mutton/12_hr_Mutton_0009.jpg,405151,f62f3ebda310c276b87d5b36a91a393f
test,12 hr Mutton,12_hr_Mutton_0010.jpg,test/12 hr Mutton/12_hr_Mutton_0010.jpg,463217,22f2fb1b3863024adaee5414ac72cc67
test,12 hr Mutton,12_hr_Mutton_0011.jpg,test/12 hr Mutton/12_hr_Mutton_0011.jpg,503087,8caa205c4655562d207c8d57411661cd
test,12 hr Mutton,12_hr_Mutton_0012.jpg,test/12 hr Mutton/12_hr_Mutton_0012.jpg,450874,7707db66e74270360ec31d01621995c9
test,12 hr Mutton,12_hr_Mutton_0013.jpg,test/12 hr Mutton/12_hr_Mutton_0013.jpg,513476,940924940998aa8ac31a48e243dd1ec8
test,12 hr Mutton,12_hr_Mutton_0014.jpg,test/12 hr Mutton/12_hr_Mutton_0014.jpg,476042,c4f4ca60f8c177d81a437e20b897d171
test,12 hr Mutton,12_hr_Mutton_0015.jpg,test/12 hr Mutton/12_hr_Mutton_0015.jpg,538601,3428dd529d432f63cb6dff2abcbecad7
test,12 hr Mutton,12_hr_Mutton_0016.jpg,test/12 hr Mutton/12_hr_Mutton_0016.jpg,509404,a31d895e951e370fb1bab7ba1a4c7831
test,12 hr Mutton,12_hr_Mutton_0017.jpg,test/12 hr Mutton/12_hr_Mutton_0017.jpg,516934,6159b406fe3557d06eb418b07a6bc144
test,12 hr Mutton,12_hr_Mutton_0018.jpg,test/12 hr Mutton/12_hr_Mutton_0018.jpg,512529,eb14c973ec7e176b8b8382e058191c1f
test,12 hr Mutton,12_hr_Mutton_0019.jpg,test/12 hr Mutton/12_hr_Mutton_0019.jpg,478899,774ba616b887243c59282ebc87c1bfa0
test,12 hr Mutton,12_hr_Mutton_0020.jpg,test/12 hr Mutton/12_hr_Mutton_0020.jpg,453086,f4fc246a4acb15a4a4e1568b92311d30
test,12 hr Mutton,12_hr_Mutton_0021.jpg,test/12 hr Mutton/12_hr_Mutton_0021.jpg,448038,18714e6ac843ec922913162810e966bb
test,12 hr Mutton,12_hr_Mutton_0022.jpg,test/12 hr Mutton/12_hr_Mutton_0022.jpg,513514,6fa08108a7d133b43e0bde2a4c495409
test,12 hr Mutton,12_hr_Mutton_0023.jpg,test/12 hr Mutton/12_hr_Mutton_0023.jpg,490693,41791d3120e44193078c10cd06fd127a
test,12 hr Mutton,12_hr_Mutton_0024.jpg,test/12 hr Mutton/12_hr_Mutton_0024.jpg,456181,99e29e78ec3dfef7731e8f70c6c360d9
test,12 hr Mutton,12_hr_Mutton_0025.jpg,test/12 hr Mutton/12_hr_Mutton_0025.jpg,514682,160b1e088d5beaa5ee23b96c533ed1e0
test,12 hr Mutton,12_hr_Mutton_0026.jpg,test/12 hr Mutton/12_hr_Mutton_0026.jpg,497091,9d2f1951067b850cdcd040c50be42e83
test,12 hr Mutton,12_hr_Mutton_0027.jpg,test/12 hr Mutton/12_hr_Mutton_0027.jpg,463002,54e70f87d61b83838d9b72897d504ee8
test,12 hr Mutton,12_hr_Mutton_0028.jpg,test/12 hr Mutton/12_hr_Mutton_0028.jpg,559933,6dbe3727d459d9913b038a029952a1ce
test,12 hr Mutton,12_hr_Mutton_0029.jpg,test/12 hr Mutton/12_hr_Mutton_0029.jpg,541336,0657158678ddb31dce75c94bd2c2eedc
test,12 hr Mutton,12_hr_Mutton_0030.jpg,test/12 hr Mutton/12_hr_Mutton_0030.jpg,517939,45d480570bc088c37c390bf0a5411df4
test,12 hr Mutton,12_hr_Mutton_0031.jpg,test/12 hr Mutton/12_hr_Mutton_0031.jpg,533538,8425560a6996380a8f4398a051562abb
test,24 hr Beef,24_hr_Beef_0000.jpg,test/24 hr Beef/24_hr_Beef_0000.jpg,497380,6661b4751a6b37f76ba34748e89a68c1
test,24 hr Beef,24_hr_Beef_0001.jpg,test/24 hr Beef/24_hr_Beef_0001.jpg,485605,4897f892c8b212d8361f244da3917174
test,24 hr Beef,24_hr_Beef_0002.jpg,test/24 hr Beef/24_hr_Beef_0002.jpg,512325,50e0d0ef13b2048140a651416e239ddc
test,24 hr Beef,24_hr_Beef_0003.jpg,test/24 hr Beef/24_hr_Beef_0003.jpg,544006,a2d1b171911755afda896dcba7f51689
test,24 hr Beef,24_hr_Beef_0004.jpg,test/24 hr Beef/24_hr_Beef_0004.jpg,464174,60a3a7c22edcfad4d9d0d61cb8610226
test,24 hr Beef,24_hr_Beef_0005.jpg,test/24 hr Beef/24_hr_Beef_0005.jpg,542106,05c058d2c597096229c4ced571a0ea39
test,24 hr Beef,24_hr_Beef_0006.jpg,test/24 hr Beef/24_hr_Beef_0006.jpg,511199,3757f60fcbe495f51335bd98a6932c0d
test,24 hr Beef,24_hr_Beef_0007.jpg,test/24 hr Beef/24_hr_Beef_0007.jpg,466364,f515f8eec0e63f14c8241c2a372a0ffd
test,24 hr Beef,24_hr_Beef_0008.jpg,test/24 hr Beef/24_hr_Beef_0008.jpg,521496,7e26740c241cd14c41f9dbecbb32bc07
test,24 hr Beef,24_hr_Beef_0009.jpg,test/24 hr Beef/24_hr_Beef_0009.jpg,465979,fea8420c5f87d5f37feb4939ef9d2442
test,24 hr Beef,24_hr_Beef_0010.jpg,test/24 hr Beef/24_hr_Beef_0010.jpg,553501,85c4261ca9664dad7242aebecc51f734
test,24 hr Beef,24_hr_Beef_0011.jpg,test/24 hr Beef/24_hr_Beef_0011.jpg,483080,e88bfbbcb8a07b2c20c00a5271d6c590
test,24 hr Beef,24_hr_Beef_0012.jpg,test/24 hr Beef/24_hr_Beef_0012.jpg,489154,1541c99ab1e798f1495f48dcc6517b0d
test,24 hr Beef,24_hr_Beef_0013.jpg,test/24 hr Beef/24_hr_Beef_0013.jpg,490294,fdf0e76efa77cfcdf48ee476112db6fb
test,24 hr Beef,24_hr_Beef_0014.jpg,test/24 hr Beef/24_hr_Beef_0014.jpg,500910,da37882d4c970b71b99388bed80f7ff6
test,24 hr Beef,24_hr_Beef_0015.jpg,test/24 hr Beef/24_hr_Beef_0015.jpg,494061,e981fcad48a652b2b3601b6517e9b532
test,24 hr Beef,24_hr_Beef_0016.jpg,test/24 hr Beef/24_hr_Beef_0016.jpg,458875,2ec769188fd82507eb8caf1316e828a2
test,24 hr Beef,24_hr_Beef_0017.jpg,test/24 hr Beef/24_hr_Beef_0017.jpg,493518,576da7346707b24206fc60956a7072e4
test,24 hr Beef,24_hr_Beef_0018.jpg,test/24 hr Beef/24_hr_Beef_0018.jpg,439925,2b745c31c41a041fc7f3fc12b18f5302
test,24 hr Beef,24_hr_Beef_0019.jpg,test/24 hr Beef/24_hr_Beef_0019.jpg,478296,bc86c3b550a056307caa9cd207805cdd
test,24 hr Beef,24_hr_Beef_0020.jpg,test/24 hr Beef/24_hr_Beef_0020.jpg,546581,9b077880dcb1fd2d5f18ba329d2c9f2c
test,24 hr Beef,24_hr_Beef_0021.jpg,test/24 hr Beef/24_hr_Beef_0021.jpg,482529,f1083b730a695117465fda04056ef8c4
test,24 hr Beef,24_hr_Beef_0022.jpg,test/24 hr Beef/24_hr_Beef_0022.jpg,463419,268f294f5b21739351828f291b63bcd2
test,24 hr Beef,24_hr_Beef_0023.jpg,test/24 hr Beef/24_hr_Beef_0023.jpg,554416,208ffaea1f2fe2ffb09f01338a8b7dfd
test,24 hr Beef,24_hr_Beef_0024.jpg,test/24 hr Beef/24_hr_Beef_0024.jpg,456799,15adbdd0cf8ec90b11baa62c1c394c43
test,24 hr Beef,24_hr_Beef_0025.jpg,test/24 hr Beef/24_hr_Beef_0025.jpg,555557,028c3bf064a3a8bca982f60f538dd8a8
test,24 hr Beef,24_hr_Beef_0026.jpg,test/24 hr Beef/24_hr_Beef_0026.jpg,484042,f35eb58edf1518e25b07c693b2791d39
test,24 hr Beef,24_hr_Beef_0027.jpg,test/24 hr Beef/24_hr_Beef_0027.jpg,572242,6710c5886c42a8be9945c7af5d08bd9b
test,24 hr Beef,24_hr_Beef_0028.jpg,test/24 hr Beef/24_hr_Beef_0028.jpg,455160,ae7eeb0f0aa0c0c42a9822f0c8bef576
test,24 hr Beef,24_hr_Beef_0029.jpg,test/24 hr Beef/24_hr_Beef_0029.jpg,466437,80aad5f80e4fdc3b3a78668a60ada9fb
test,24 hr Beef,24_hr_Beef_0030.jpg,test/24 hr Beef/24_hr_Beef_0030.jpg,509832,3c8491e92910561197d41e0c7f7ac7e5
test,24 hr Beef,24_hr_Beef_0031.jpg,test/24 hr Beef/24_hr_Beef_0031.jpg,524676,3a398f609f8fccfbb39f64ca76412467
test,24 hr Beef,24_hr_Beef_0032.jpg,test/24 hr Beef/24_hr_Beef_0032.jpg,486283,077e35d801291c597918f2cd00906f8b
test,24 hr Beef,24_hr_Beef_0033.jpg,test/24 hr Beef/24_hr_Beef_0033.jpg,441254,542230f9c71da37f7ac4bb4695b3af94
test,24 hr Beef,24_hr_Beef_0034.jpg,test/24 hr Beef/24_hr_Beef_0034.jpg,460323,2808081e4679a88372adeaef2a9235f3
test,24 hr Mutton,24_hr_Mutton_0000.jpg,test/24 hr Mutton/24_hr_Mutton_0000.jpg,451620,88dd531f4caabbfd2ec1202949e79d70
test,24 hr Mutton,24_hr_Mutton_0001.jpg,test/24 hr Mutton/24_hr_Mutton_0001.jpg,441721,479e9634c76c0ad6b0f05245d8a32fcb
test,24 hr Mutton,24_hr_Mutton_0002.jpg,test/24 hr Mutton/24_hr_Mutton_0002.jpg,475078,8e97ffcf11260e32cfdf80aadf4676e5
test,24 hr Mutton,24_hr_Mutton_0003.jpg,test/24 hr Mutton/24_hr_Mutton_0003.jpg,438871,bc05e97c6bae0ea6db62090163dbc789
test,24 hr Mutton,24_hr_Mutton_0004.jpg,test/24 hr Mutton/24_hr_Mutton_0004.jpg,494386,efa025bea70190499c8a3f0aa20eb4a9
test,24 hr Mutton,24_hr_Mutton_0005.jpg,test/24 hr Mutton/24_hr_Mutton_0005.jpg,450905,6307c1dee7e9f11ee0bb9c23191702b7
test,24 hr Mutton,24_hr_Mutton_0006.jpg,test/24 hr Mutton/24_hr_Mutton_0006.jpg,481452,56c8545c67d07e32334f30721993c65e
test,24 hr Mutton,24_hr_Mutton_0007.jpg,test/24 hr Mutton/24_hr_Mutton_0007.jpg,524278,5a9bbfa8d1ec203de49ee194a5576324
test,24 hr Mutton,24_hr_Mutton_0008.jpg,test/24 hr Mutton/24_hr_Mutton_0008.jpg,464319,949649dce81f8f140829a2358d1659e5
test,24 hr Mutton,24_hr_Mutton_0009.jpg,test/24 hr Mutton/24_hr_Mutton_0009.jpg,436529,6cb8586fc3886fb8479554683259a825
test,24 hr Mutton,24_hr_Mutton_0010.jpg,test/24 hr Mutton/24_hr_Mutton_0010.jpg,526813,5139add216734843f39737dab0e3c905
test,24 hr Mutton,24_hr_Mutton_0011.jpg,test/24 hr Mutton/24_hr_Mutton_0011.jpg,461477,bb501982b3978733e464eee602695a7a
test,24 hr Mutton,24_hr_Mutton_0012.jpg,test/24 hr Mutton/24_hr_Mutton_0012.jpg,561067,ecd16e3931ca9a4a6950dce3229e8d4c
test,24 hr Mutton,24_hr_Mutton_0013.jpg,test/24 hr Mutton/24_hr_Mutton_0013.jpg,510937,d57c9d29989f1894a7bc369e7a080a23
test,24 hr Mutton,24_hr_Mutton_0014.jpg,test/24 hr Mutton/24_hr_Mutton_0014.jpg,515053,7095b961a5ea904b017b7e2414b54b1b
test,24 hr Mutton,24_hr_Mutton_0015.jpg,test/24 hr Mutton/24_hr_Mutton_0015.jpg,580244,e7338542d77f7244e22cad322bbd322b
test,24 hr Mutton,24_hr_Mutton_0016.jpg,test/24 hr Mutton/24_hr_Mutton_0016.jpg,424805,64a36651269eb6bd78608e1e6a6bed72
test,24 hr Mutton,24_hr_Mutton_0017.jpg,test/24 hr Mutton/24_hr_Mutton_0017.jpg,474164,0592e02b5f2877209d155f89c9bbac93
test,24 hr Mutton,24_hr_Mutton_0018.jpg,test/24 hr Mutton/24_hr_Mutton_0018.jpg,487299,6dc3a3c7fd3fcb0c1a9ed32cabbdf948
test,24 hr Mutton,24_hr_Mutton_0019.jpg,test/24 hr Mutton/24_hr_Mutton_0019.jpg,441535,cd8b7525cca59429e6fe68f54f0005c6
test,24 hr Mutton,24_hr_Mutton_0020.jpg,test/24 hr Mutton/24_hr_Mutton_0020.jpg,560546,08c53d78ddbbac9fadfe45d4cfc47921
test,24 hr Mutton,24_hr_Mutton_0021.jpg,test/24 hr Mutton/24_hr_Mutton_0021.jpg,450484,c56928e0418389d682f7b59e5ab84502
test,24 hr Mutton,24_hr_Mutton_0022.jpg,test/24 hr Mutton/24_hr_Mutton_0022.jpg,507405,7f49c40197199436a145d141066c4e84
test,24 hr Mutton,24_hr_Mutton_0023.jpg,test/24 hr Mutton/24_hr_Mutton_0023.jpg,427347,a1394ea3b3e3bbf7367b2b4114a3ed07
test,24 hr Mutton,24_hr_Mutton_0024.jpg,test/24 hr Mutton/24_hr_Mutton_0024.jpg,531687,fbd3e70370e79054ca287bc2f2de381f
test,24 hr Mutton,24_hr_Mutton_0025.jpg,test/24 hr Mutton/24_hr_Mutton_0025.jpg,484807,e92be12aeabe44b8dcb37c449ec9c673
test,24 hr Mutton,24_hr_Mutton_0026.jpg,test/24 hr Mutton/24_hr_Mutton_0026.jpg,473925,89739c2f3f9f9893a710b9ddc97f33c0
test,24 hr Mutton,24_hr_Mutton_0027.jpg,test/24 hr Mutton/24_hr_Mutton_0027.jpg,444796,2903b09711085f5395282baa6fb2d00e
test,24 hr Mutton,24_hr_Mutton_0028.jpg,test/24 hr Mutton/24_hr_Mutton_0028.jpg,462038,374059cfdb558567c51230dabd2f2139
test,24 hr Mutton,24_hr_Mutton_0029.jpg,test/24 hr Mutton/24_hr_Mutton_0029.jpg,474432,ede52015345b584675ee649b5244aa27
test,24 hr Mutton,24_hr_Mutton_0030.jpg,test/24 hr Mutton/24_hr_Mutton_0030.jpg,458817,ba3242a516501a3b580cb72db703286d
test,24 hr Mutton,24_hr_Mutton_0031.jpg,test/24 hr Mutton/24_hr_Mutton_0031.jpg,449750,387d6beadf41923f6e445a2af673e239
test,24 hr Mutton,24_hr_Mutton_0032.jpg,test/24 hr Mutton/24_hr_Mutton_0032.jpg,457691,7a36a9cbb15eae17b128e21224ed5756
test,36 hr Mutton,36_hr_Mutton_0000.jpg,test/36 hr Mutton/36_hr_Mutton_0000.jpg,552430,8facec2dbb1a613103b03d20068377c8
test,36 hr Mutton,36_hr_Mutton_0001.jpg,test/36 hr Mutton/36_hr_Mutton_0001.jpg,568920,aec0ec79d321bd9e664e98226cb8e322
test,36 hr Mutton,36_hr_Mutton_0002.jpg,test/36 hr Mutton/36_hr_Mutton_0002.jpg,562454,36fab0a4f5422da13aeb226a7fc703f6
test,36 hr Mutton,36_hr_Mutton_0003.jpg,test/36 hr Mutton/36_hr_Mutton_0003.jpg,531749,083106b5acf291c5cdc4a79d49ae1e3b
test,36 hr Mutton,36_hr_Mutton_0004.jpg,test/36 hr Mutton/36_hr_Mutton_0004.jpg,542196,a0298a5a7c8db67fc16287b0500cbfa3
test,36 hr Mutton,36_hr_Mutton_0005.jpg,test/36 hr Mutton/36_hr_Mutton_0005.jpg,517668,d49566e5de34944a647f7a30a43c10e8
test,36 hr Mutton,36_hr_Mutton_0006.jpg,test/36 hr Mutton/36_hr_Mutton_0006.jpg,600869,a1aa0d0368bab289bcbd7e05ee09d489
test,36 hr Mutton,36_hr_Mutton_0007.jpg,test/36 hr Mutton/36_hr_Mutton_0007.jpg,573656,535b7f480232ce07cde81abd73e49b2d
test,36 hr Mutton,36_hr_Mutton_0008.jpg,test/36 hr Mutton/36_hr_Mutton_0008.jpg,524209,5f40124384b248d4258d6d7ca3b35d69
test,36 hr Mutton,36_hr_Mutton_0009.jpg,test/36 hr Mutton/36_hr_Mutton_0009.jpg,531891,fa41a0be5994bbdf8fae7c683dfdedb2
test,36 hr Mutton,36_hr_Mutton_0010.jpg,test/36 hr Mutton/36_hr_Mutton_0010.jpg,611521,9a9033e02d1d63632ed95dfee8f13527
test,36 hr Mutton,36_hr_Mutton_0011.jpg,test/36 hr Mutton/36_hr_Mutton_0011.jpg,482243,e5ac6b7f171c47adada6671adf687bd1
test,36 hr Mutton,36_hr_Mutton_0012.jpg,test/36 hr Mutton/36_hr_Mutton_0012.jpg,558441,e8885d44839341f8ff3e263c2f6307a8
test,36 hr Mutton,36_hr_Mutton_0013.jpg,test/36 hr Mutton/36_hr_Mutton_0013.jpg,532215,90e120c2f6a41afe0686daef85990738
test,36 hr Mutton,36_hr_Mutton_0014.jpg,test/36 hr Mutton/36_hr_Mutton_0014.jpg,469456,add692cfd9ce587a4d2b1faaed76f820
test,36 hr Mutton,36_hr_Mutton_0015.jpg,test/36 hr Mutton/36_hr_Mutton_0015.jpg,511163,28b84e41b0aefbe82fd08a9997622bd3
test,36 hr Mutton,36_hr_Mutton_0016.jpg,test/36 hr Mutton/36_hr_Mutton_0016.jpg,478894,38e35df8a906578e7f121bdd3bb0b846
test,36 hr Mutton,36_hr_Mutton_0017.jpg,test/36 hr Mutton/36_hr_Mutton_0017.jpg,586302,9b2bf0a2aa5ef34cb1ea07abcce67396
test,36 hr Mutton,36_hr_Mutton_0018.jpg,test/36 hr Mutton/36_hr_Mutton_0018.jpg,516776,4d4b0e4d6ee7e60475ed1e4b9b2fcd9d
test,36 hr Mutton,36_hr_Mutton_0019.jpg,test/36 hr Mutton/36_hr_Mutton_0019.jpg,558023,85bfe50d90aa57203a47b774c41d570b
test,36 hr Mutton,36_hr_Mutton_0020.jpg,test/36 hr Mutton/36_hr_Mutton_0020.jpg,518486,c5eacc1bb02ace22f786cfa1431123d1
test,36 hr Mutton,36_hr_Mutton_0021.jpg,test/36 hr Mutton/36_hr_Mutton_0021.jpg,595818,2798340f367dd818b2c34550e9e407bb
test,36 hr Mutton,36_hr_Mutton_0022.jpg,test/36 hr Mutton/36_hr_Mutton_0022.jpg,533767,338a888a1e61791e4edc112b85b707b0
test,36+ hr Beef,36+_hr_Beef_0000.jpg,test/36+ hr Beef/36+_hr_Beef_0000.jpg,570829,965c06c2039fa56660e7d1f5682999a3
test,36+ hr Beef,36+_hr_Beef_0001.jpg,test/36+ hr Beef/36+_hr_Beef_0001.jpg,560538,e38bb6fa20ef1f903b00f830d865cf94
test,36+ hr Beef,36+_hr_Beef_0002.jpg,test/36+ hr Beef/36+_hr_Beef_0002.jpg,497650,bd3d9ce4b6306c8f5cf8f721dfe34f16
test,36+ hr Beef,36+_hr_Beef_0003.jpg,test/36+ hr Beef/36+_hr_Beef_0003.jpg,591165,d6822f4865988c7a60c2c108ec1e7f88
test,36+ hr Beef,36+_hr_Beef_0004.jpg,test/36+ hr Beef/36+_hr_Beef_0004.jpg,526209,b06e8edbefd0255974bc95b625191c08
test,36+ hr Beef,36+_hr_Beef_0005.jpg,test/36+ hr Beef/36+_hr_Beef_0005.jpg,574887,87f10d34cbea57de18a1557602fec20d
test,36+ hr Beef,36+_hr_Beef_0006.jpg,test/36+ hr Beef/36+_hr_Beef_0006.jpg,590922,116303098801d6650f57feecbb79d083
test,36+ hr Beef,36+_hr_Beef_0007.jpg,test/36+ hr Beef/36+_hr_Beef_0007.jpg,567114,7211c9a5b598cc608a6fcbfc81917489
test,36+ hr Beef,36+_hr_Beef_0008.jpg,test/36+ hr Beef/36+_hr_Beef_0008.jpg,566855,fac0df8f4d1753808a6e27e996561f1b
test,36+ hr Beef,36+_hr_Beef_0009.jpg,test/36+ hr Beef/36+_hr_Beef_0009.jpg,480197,f92abc2e9d7e13c5b40663f9285ab895
test,36+ hr Beef,36+_hr_Beef_0010.jpg,test/36+ hr Beef/36+_hr_Beef_0010.jpg,563965,d16d46b9a6c2cc3c9943a2d86c049897
test,36+ hr Beef,36+_hr_Beef_0011.jpg,test/36+ hr Beef/36+_hr_Beef_0011.jpg,578704,e443bdb7692161ac6f8db56448661d40
test,36+ hr Beef,36+_hr_Beef_0012.jpg,test/36+ hr Beef/36+_hr_Beef_0012.jpg,537275,23a80266a03a9fdc76949b874b65c9bd
test,36+ hr Beef,36+_hr_Beef_0013.jpg,test/36+ hr Beef/36+_hr_Beef_0013.jpg,578208,13f0af7165df7d66be8735d19200158b
test,36+ hr Beef,36+_hr_Beef_0014.jpg,test/36+ hr Beef/36+_hr_Beef_0014.jpg,537709,9e8ca314abafd6c7f76abdae74d5bb3c
test,36+ hr Beef,36+_hr_Beef_0015.jpg,test/36+ hr Beef/36+_hr_Beef_0015.jpg,585114,7cef2f32184b6cd2a758020604d66a1b
test,36+ hr Beef,36+_hr_Beef_0016.jpg,test/36+ hr Beef/36+_hr_Beef_0016.jpg,550948,54de77a6d9d0529a53a146cf93ceca3b
test,36+ hr Beef,36+_hr_Beef_0017.jpg,test/36+ hr Beef/36+_hr_Beef_0017.jpg,531750,8982e5dc3524289e3423ee1f89febcf2
test,36+ hr Beef,36+_hr_Beef_0018.jpg,test/36+ hr Beef/36+_hr_Beef_0018.jpg,533147,ea7b3d5121f1c5ada373d76acac0a68d
test,36+ hr Beef,36+_hr_Beef_0019.jpg,test/36+ hr Beef/36+_hr_Beef_0019.jpg,544025,74a9daa80447c4cbbf521a843d27c8a1
test,36+ hr Beef,36+_hr_Beef_0020.jpg,test/36+ hr Beef/36+_hr_Beef_0020.jpg,543201,94cfc10c5226ec28a11b38691f5df3bd
test,36+ hr Beef,36+_hr_Beef_0021.jpg,test/36+ hr Beef/36+_hr_Beef_0021.jpg,559072,f80f427e53b8069d2a515647a3482329
test,36+ hr Beef,36+_hr_Beef_0022.jpg,test/36+ hr Beef/36+_hr_Beef_0022.jpg,571839,3b16addcf4d45fb7970270d4e24e846a
test,36+ hr Beef,36+_hr_Beef_0023.jpg,test/36+ hr Beef/36+_hr_Beef_0023.jpg,484742,dd14c4e5c12565d52413f1e998744756
test,36+ hr Beef,36+_hr_Beef_0024.jpg,test/36+ hr Beef/36+_hr_Beef_0024.jpg,542708,f9e1e28e5138739e96287a478edc7a1d
test,36+ hr Beef,36+_hr_Beef_0025.jpg,test/36+ hr Beef/36+_hr_Beef_0025.jpg,550794,598454454a55a22751d4bd1074a9dcd5
test,36+ hr Beef,36+_hr_Beef_0026.jpg,test/36+ hr Beef/36+_hr_Beef_0026.jpg,518379,4ac3dc00ea617d5c07ff9b9a5cf45d35
test,36+ hr Beef,36+_hr_Beef_0027.jpg,test/36+ hr Beef/36+_hr_Beef_0027.jpg,643745,fbbaf317abd0c822aafed74a596d109b
test,36+ hr Beef,36+_hr_Beef_0028.jpg,test/36+ hr Beef/36+_hr_Beef_0028.jpg,527134,834fb090271329b2e6633baffc6edaff
test,36+ hr Beef,36+_hr_Beef_0029.jpg,test/36+ hr Beef/36+_hr_Beef_0029.jpg,559362,af16cea6e69b3b4f5179ac836edafbb2
test,36+ hr Beef,36+_hr_Beef_0030.jpg,test/36+ hr Beef/36+_hr_Beef_0030.jpg,472434,a1e8080101377811e574c479ccf76a74
test,36+ hr Beef,36+_hr_Beef_0031.jpg,test/36+ hr Beef/36+_hr_Beef_0031.jpg,501207,37e107df9a6466580e597e21ee9eba7c
test,36+ hr Beef,36+_hr_Beef_0032.jpg,test/36+ hr Beef/36+_hr_Beef_0032.jpg,516020,46238764f046051d1d810d93c6e7b381
test,36+ hr Beef,36+_hr_Beef_0033.jpg,test/36+ hr Beef/36+_hr_Beef_0033.jpg,685114,639e15dfcf523ad486e1eba9ea3230bd
test,48 hr Mutton,48_hr_Mutton_0000.jpg,test/48 hr Mutton/48_hr_Mutton_0000.jpg,470306,a08e76e42728645fe99bfcf7686538ba
test,48 hr Mutton,48_hr_Mutton_0001.jpg,test/48 hr Mutton/48_hr_Mutton_0001.jpg,448008,f40f109df7e4ff16bdca46ea1560f387
test,48 hr Mutton,48_hr_Mutton_0002.jpg,test/48 hr Mutton/48_hr_Mutton_0002.jpg,415850,3e1be84842dec3c7af40b6a81bbb5190
test,48 hr Mutton,48_hr_Mutton_0003.jpg,test/48 hr Mutton/48_hr_Mutton_0003.jpg,382252,dbea78ed787d7d4177de99418b4c56d5
test,48 hr Mutton,48_hr_Mutton_0004.jpg,test/48 hr Mutton/48_hr_Mutton_0004.jpg,517770,0dcf3c8c0c9fd98e1e2b001dc962a5d4
test,48 hr Mutton,48_hr_Mutton_0005.jpg,test/48 hr Mutton/48_hr_Mutton_0005.jpg,462951,67bb4eab3f4fdad28b85081d1ec3d5ba
test,48 hr Mutton,48_hr_Mutton_0006.jpg,test/48 hr Mutton/48_hr_Mutton_0006.jpg,572373,2896e86b49884e6772da47ad24089cc5
test,48 hr Mutton,48_hr_Mutton_0007.jpg,test/48 hr Mutton/48_hr_Mutton_0007.jpg,537558,c42a371e0bada302d9fd08f1bacefc04
test,48 hr Mutton,48_hr_Mutton_0008.jpg,test/48 hr Mutton/48_hr_Mutton_0008.jpg,530586,98c2308d99c4769006dd53ec5a54cb1f
test,48 hr Mutton,48_hr_Mutton_0009.jpg,test/48 hr Mutton/48_hr_Mutton_0009.jpg,520828,fd59e0e99403a727345f07acd0b3a80d
test,48 hr Mutton,48_hr_Mutton_0010.jpg,test/48 hr Mutton/48_hr_Mutton_0010.jpg,504486,fcccc11304c10687f63a14f08297b086
test,48 hr Mutton,48_hr_Mutton_0011.jpg,test/48 hr Mutton/48_hr_Mutton_0011.jpg,576021,3fd9166c32ed9bc05cd83a34bf59f87f
test,48 hr Mutton,48_hr_Mutton_0012.jpg,test/48 hr Mutton/48_hr_Mutton_0012.jpg,598996,f54166299688e2a4807ca70ebb43f77a
test,48 hr Mutton,48_hr_Mutton_0013.jpg,test/48 hr Mutton/48_hr_Mutton_0013.jpg,560035,309c2b10f67d47184e6eb6534eb08b91
test,48 hr Mutton,48_hr_Mutton_0014.jpg,test/48 hr Mutton/48_hr_Mutton_0014.jpg,521091,a2195b4cf42fe96ada265fd830a8496d
test,48 hr Mutton,48_hr_Mutton_0015.jpg,test/48 hr Mutton/48_hr_Mutton_0015.jpg,489865,685716e5ae2e62d66088e10020ec91cd
test,48 hr Mutton,48_hr_Mutton_0016.jpg,test/48 hr Mutton/48_hr_Mutton_0016.jpg,435171,b2a76c44424908b9e67ca93d1ec1b458
test,48 hr Mutton,48_hr_Mutton_0017.jpg,test/48 hr Mutton/48_hr_Mutton_0017.jpg,522134,cd2d1b0c70f9145565db62e52b1899fb
test,48 hr Mutton,48_hr_Mutton_0018.jpg,test/48 hr Mutton/48_hr_Mutton_0018.jpg,523492,b737f64f65a3a5d17a22a1c04ca31411
test,48 hr Mutton,48_hr_Mutton_0019.jpg,test/48 hr Mutton/48_hr_Mutton_0019.jpg,407157,2cd6fa7187fdb0b58a37795fb6760895
test,48 hr Mutton,48_hr_Mutton_0020.jpg,test/48 hr Mutton/48_hr_Mutton_0020.jpg,573197,a0a3fe1e6ef8be5d7ff18df346643b53
test,48 hr Mutton,48_hr_Mutton_0021.jpg,test/48 hr Mutton/48_hr_Mutton_0021.jpg,501744,712d5644f959db08591381be6e221326
test,48 hr Mutton,48_hr_Mutton_0022.jpg,test/48 hr Mutton/48_hr_Mutton_0022.jpg,430935,3f1a4c38d3005795f49c33db8f8889c9
test,48 hr Mutton,48_hr_Mutton_0023.jpg,test/48 hr Mutton/48_hr_Mutton_0023.jpg,524980,7a24d5437b1006ecf53ee53594f07f9e
test,48 hr Mutton,48_hr_Mutton_0024.jpg,test/48 hr Mutton/48_hr_Mutton_0024.jpg,557954,07f316afcfac0d3cc16dedf21feb4abd
test,48 hr Mutton,48_hr_Mutton_0025.jpg,test/48 hr Mutton/48_hr_Mutton_0025.jpg,418020,4ae7713dfefd8d55d4006ff0cfa8c7af
test,48 hr Mutton,48_hr_Mutton_0026.jpg,test/48 hr Mutton/48_hr_Mutton_0026.jpg,377081,73e7a337b9067d4c3a412e024f3053bf
test,48 hr Mutton,48_hr_Mutton_0027.jpg,test/48 hr Mutton/48_hr_Mutton_0027.jpg,498730,460031dc948ed4572c88cb4e4152b12f
test,48 hr Mutton,48_hr_Mutton_0028.jpg,test/48 hr Mutton/48_hr_Mutton_0028.jpg,455468,2df6e1faa00b375d703d376adb83efcf
test,48 hr Mutton,48_hr_Mutton_0029.jpg,test/48 hr Mutton/48_hr_Mutton_0029.jpg,400697,a777eb6aab18c41b60da0e0f47693f50
test,48 hr Mutton,48_hr_Mutton_0030.jpg,test/48 hr Mutton/48_hr_Mutton_0030.jpg,489141,2241a029c5f9e1f413d698797fb0036f
test,48 hr Mutton,48_hr_Mutton_0031.jpg,test/48 hr Mutton/48_hr_Mutton_0031.jpg,584496,c4e8c4e212609bc422102e1e310a82e3
train,0 hr Beef,0_hr_Beef_0000.jpg,train/0 hr Beef/0_hr_Beef_0000.jpg,792796,be2c869858d6cb88767d48575455eaad
train,0 hr Beef,0_hr_Beef_0001.jpg,train/0 hr Beef/0_hr_Beef_0001.jpg,836289,18a3beb05ca235f215bac4fff6ef9c59
train,0 hr Beef,0_hr_Beef_0002.jpg,train/0 hr Beef/0_hr_Beef_0002.jpg,782805,dd032904bc96c45da7f2940fa126a296
train,0 hr Beef,0_hr_Beef_0003.jpg,train/0 hr Beef/0_hr_Beef_0003.jpg,768388,dc27818b505a866e1c0286e7ee436b6d
train,0 hr Beef,0_hr_Beef_0004.jpg,train/0 hr Beef/0_hr_Beef_0004.jpg,765130,a658e9ce193f0cf4cdc48c31bf519007
train,0 hr Beef,0_hr_Beef_0005.jpg,train/0 hr Beef/0_hr_Beef_0005.jpg,785328,08d0a5f3b77e2226ab9f33b1697c760c
train,0 hr Beef,0_hr_Beef_0006.jpg,train/0 hr Beef/0_hr_Beef_0006.jpg,787201,ec3994c0891e08063a5428b8eb2d5408
train,0 hr Beef,0_hr_Beef_0007.jpg,train/0 hr Beef/0_hr_Beef_0007.jpg,813530,6b0f534f6f98edcb3ef1713a3b6a11bb
train,0 hr Beef,0_hr_Beef_0008.jpg,train/0 hr Beef/0_hr_Beef_0008.jpg,787477,4367822fa5875115b9559c99e9596d2a
train,0 hr Beef,0_hr_Beef_0009.jpg,train/0 hr Beef/0_hr_Beef_0009.jpg,788780,a0c6443c7e413d5baa7a516cd5009a9b
train,0 hr Beef,0_hr_Beef_0010.jpg,train/0 hr Beef/0_hr_Beef_0010.jpg,802108,f17cc93563fe7ad9f734f58ec430add2
train,0 hr Beef,0_hr_Beef_0011.jpg,train/0 hr Beef/0_hr_Beef_0011.jpg,793336,681727b9fcce26341fc5e54369a0bb92
train,0 hr Beef,0_hr_Beef_0012.jpg,train/0 hr Beef/0_hr_Beef_0012.jpg,806809,49601f6c0a45fa01b5347306129af7b7
train,0 hr Beef,0_hr_Beef_0013.jpg,train/0 hr Beef/0_hr_Beef_0013.jpg,778698,badc59926f9687510bb8ca444b3d15a1
train,0 hr Beef,0_hr_Beef_0014.jpg,train/0 hr Beef/0_hr_Beef_0014.jpg,816708,8dc9e5deff8a67351a479185fc17cacf
train,0 hr Beef,0_hr_Beef_0015.jpg,train/0 hr Beef/0_hr_Beef_0015.jpg,809957,e6495b9db94bcf53a0fafe51a0f827b4
train,0 hr Beef,0_hr_Beef_0016.jpg,train/0 hr Beef/0_hr_Beef_0016.jpg,806500,c0d9f8d8577c743225e243c30d62b52f
train,0 hr Beef,0_hr_Beef_0017.jpg,train/0 hr Beef/0_hr_Beef_0017.jpg,800471,af9b8348a186fb929dd476568e0eff7c
train,0 hr Beef,0_hr_Beef_0018.jpg,train/0 hr Beef/0_hr_Beef_0018.jpg,801721,8b8d42c9e116184e1ca873d146bcf7b7
train,0 hr Beef,0_hr_Beef_0019.jpg,train/0 hr Beef/0_hr_Beef_0019.jpg,813746,187ccea5875d9efc1aa0260499898660
train,0 hr Beef,0_hr_Beef_0020.jpg,train/0 hr Beef/0_hr_Beef_0020.jpg,763340,b4d46609c7a4d7171a372bf1a864cefd
train,0 hr Beef,0_hr_Beef_0021.jpg,train/0 hr Beef/0_hr_Beef_0021.jpg,774290,29b8f30a8c06197aaa297100ea87233b
train,0 hr Beef,0_hr_Beef_0022.jpg,train/0 hr Beef/0_hr_Beef_0022.jpg,794066,440dbb45f866ba4e7e3fe86578a0d223
train,0 hr Beef,0_hr_Beef_0023.jpg,train/0 hr Beef/0_hr_Beef_0023.jpg,807526,4aebade919494e1f8f8fc748398dfa97
train,0 hr Beef,0_hr_Beef_0024.jpg,train/0 hr Beef/0_hr_Beef_0024.jpg,771170,094d7498500816ad50787cdba9b363ed
train,0 hr Beef,0_hr_Beef_0025.jpg,train/0 hr Beef/0_hr_Beef_0025.jpg,807848,47d15784b15dbaed5df4f97ee393f146
train,0 hr Beef,0_hr_Beef_0026.jpg,train/0 hr Beef/0_hr_Beef_0026.jpg,780346,e06069065bd0658074b1f79bc88f356c
train,0 hr Beef,0_hr_Beef_0027.jpg,train/0 hr Beef/0_hr_Beef_0027.jpg,765516,ae5eafcd2641b48e8f303753745c4d2a
train,0 hr Beef,0_hr_Beef_0028.jpg,train/0 hr Beef/0_hr_Beef_0028.jpg,784923,2a47b040e6509274d04d5f370ace4544
train,0 hr Beef,0_hr_Beef_0029.jpg,train/0 hr Beef/0_hr_Beef_0029.jpg,786120,c4833cacf8338e106323ec87924c4d71
train,0 hr Beef,0_hr_Beef_0030.jpg,train/0 hr Beef/0_hr_Beef_0030.jpg,776612,eca2a5e1452fefcded98a81aac3aef0a
train,0 hr Beef,0_hr_Beef_0031.jpg,train/0 hr Beef/0_hr_Beef_0031.jpg,795126,66fda2c26a61e24fb2eb5b3c8b006b1b
train,0 hr Beef,0_hr_Beef_0032.jpg,train/0 hr Beef/0_hr_Beef_0032.jpg,806509,e5f6c5a49bccc37ac9cc55ca17df4a19
train,0 hr Beef,0_hr_Beef_0033.jpg,train/0 hr Beef/0_hr_Beef_0033.jpg,805590,12047177181b288895e1ca24ad1767d8
train,0 hr Beef,0_hr_Beef_0034.jpg,train/0 hr Beef/0_hr_Beef_0034.jpg,796319,77a215b9eef305cbd81a4ce4b4ba2311
train,0 hr Beef,0_hr_Beef_0035.jpg,train/0 hr Beef/0_hr_Beef_0035.jpg,790554,a6157e4a2e3d2402e2ee2a14123b7419
train,0 hr Beef,0_hr_Beef_0036.jpg,train/0 hr Beef/0_hr_Beef_0036.jpg,762661,d2df9a10a37dbd1d9699775e6905864b
train,0 hr Beef,0_hr_Beef_0037.jpg,train/0 hr Beef/0_hr_Beef_0037.jpg,834582,a671c76f6760efac9ea10e1d7af830ba
train,0 hr Beef,0_hr_Beef_0038.jpg,train/0 hr Beef/0_hr_Beef_0038.jpg,788994,6b3489ed72b8a86c436d6b766e78dcd8
train,0 hr Beef,0_hr_Beef_0039.jpg,train/0 hr Beef/0_hr_Beef_0039.jpg,809773,10678954b4152e29dbd034034989754d
train,0 hr Beef,0_hr_Beef_0040.jpg,train/0 hr Beef/0_hr_Beef_0040.jpg,796155,01b7679af819d18db15c6b4de7fe4958
train,0 hr Beef,0_hr_Beef_0041.jpg,train/0 hr Beef/0_hr_Beef_0041.jpg,783333,8a063d8b91826a351466a2e1aa9e0b15
train,0 hr Beef,0_hr_Beef_0042.jpg,train/0 hr Beef/0_hr_Beef_0042.jpg,809780,ff5939bf04c03f0434bf97e5f4ae42c7
train,0 hr Beef,0_hr_Beef_0043.jpg,train/0 hr Beef/0_hr_Beef_0043.jpg,732226,f0721a4b2618b8cdc340a924b8948de1
train,0 hr Beef,0_hr_Beef_0044.jpg,train/0 hr Beef/0_hr_Beef_0044.jpg,769322,9e80b344a7d04fb0867a1df38c8e8e21
train,0 hr Beef,0_hr_Beef_0045.jpg,train/0 hr Beef/0_hr_Beef_0045.jpg,748133,fd77f04776d30041a29b15b0f6ca5835
train,0 hr Beef,0_hr_Beef_0046.jpg,train/0 hr Beef/0_hr_Beef_0046.jpg,806886,88b12759df442b2fe56be5d8463e04e4
train,0 hr Beef,0_hr_Beef_0047.jpg,train/0 hr Beef/0_hr_Beef_0047.jpg,724454,abb521daedbc17d78f56bdb28b9d6384
train,0 hr Beef,0_hr_Beef_0048.jpg,train/0 hr Beef/0_hr_Beef_0048.jpg,757637,4727a56931825cf1622abdf49e939e9f
train,0 hr Beef,0_hr_Beef_0049.jpg,train/0 hr Beef/0_hr_Beef_0049.jpg,829487,9d3d885a19ab24a1fd52dc91c38dbbd6
train,0 hr Beef,0_hr_Beef_0050.jpg,train/0 hr Beef/0_hr_Beef_0050.jpg,830586,02faa5cbc6dc253b9d524148ab019091
train,0 hr Beef,0_hr_Beef_0051.jpg,train/0 hr Beef/0_hr_Beef_0051.jpg,795987,5783dbcba90b22457870ed1a14e25a80
train,0 hr Beef,0_hr_Beef_0052.jpg,train/0 hr Beef/0_hr_Beef_0052.jpg,786172,ba600950c482752b0c6fc89a5d96728d
train,0 hr Beef,0_hr_Beef_0053.jpg,train/0 hr Beef/0_hr_Beef_0053.jpg,750654,34590fb66d4719fd7b178e66021737f5
train,0 hr Beef,0_hr_Beef_0054.jpg,train/0 hr Beef/0_hr_Beef_0054.jpg,806415,b0c9e4c496dcb22558314362c6854394
train,0 hr Beef,0_hr_Beef_0055.jpg,train/0 hr Beef/0_hr_Beef_0055.jpg,759360,418752fb787d09a4ceef2eeaf1b34196
train,0 hr Beef,0_hr_Beef_0056.jpg,train/0 hr Beef/0_hr_Beef_0056.jpg,700523,95b55f13ded9de4d4d21c8c7eda1f1da
train,0 hr Beef,0_hr_Beef_0057.jpg,train/0 hr Beef/0_hr_Beef_0057.jpg,796675,4b60c03c66d26f209f868bbfb6f4c7fd
train,0 hr Beef,0_hr_Beef_0058.jpg,train/0 hr Beef/0_hr_Beef_0058.jpg,807778,5f439ef3ec97a3173540b11eac5c0a0c
train,0 hr Beef,0_hr_Beef_0059.jpg,train/0 hr Beef/0_hr_Beef_0059.jpg,777004,7dc499ac04805eeb8756bfa014852b8b
train,0 hr Beef,0_hr_Beef_0060.jpg,train/0 hr Beef/0_hr_Beef_0060.jpg,769183,4016a2a4752a5dcb829db39a611d0d33
train,0 hr Beef,0_hr_Beef_0061.jpg,train/0 hr Beef/0_hr_Beef_0061.jpg,780010,5dc3cddbe50e0ea1a44727fca113ea7d
train,0 hr Beef,0_hr_Beef_0062.jpg,train/0 hr Beef/0_hr_Beef_0062.jpg,792876,e2a254c00a3be4039844a83e429ba9d1
train,0 hr Beef,0_hr_Beef_0063.jpg,train/0 hr Beef/0_hr_Beef_0063.jpg,798322,0f7c430613bf25b2bd71bc3d2383dfec
train,0 hr Beef,0_hr_Beef_0064.jpg,train/0 hr Beef/0_hr_Beef_0064.jpg,779336,e8b12bf149f87d60cc6d3893bd554a75
train,0 hr Beef,0_hr_Beef_0065.jpg,train/0 hr Beef/0_hr_Beef_0065.jpg,711885,95d5171e5e0a244ce3f5e7d8ad3fc7b1
train,0 hr Beef,0_hr_Beef_0066.jpg,train/0 hr Beef/0_hr_Beef_0066.jpg,760458,6c058eb689196aadadeb318dc0f186ca
train,0 hr Beef,0_hr_Beef_0067.jpg,train/0 hr Beef/0_hr_Beef_0067.jpg,790626,0b772c3d6709ecc69caab03d4358d41b
train,0 hr Beef,0_hr_Beef_0068.jpg,train/0 hr Beef/0_hr_Beef_0068.jpg,750971,78e62413f37dbccb5ab58619c9ea243f
train,0 hr Beef,0_hr_Beef_0069.jpg,train/0 hr Beef/0_hr_Beef_0069.jpg,802775,b37d55154e7d528d7d367599bb53e210
train,0 hr Beef,0_hr_Beef_0070.jpg,train/0 hr Beef/0_hr_Beef_0070.jpg,762095,6e83cf56686327a17315d8e96d2a5b17
train,0 hr Beef,0_hr_Beef_0071.jpg,train/0 hr Beef/0_hr_Beef_0071.jpg,829187,91d95c16f4eccef5b79aa971975eab97
train,0 hr Beef,0_hr_Beef_0072.jpg,train/0 hr Beef/0_hr_Beef_0072.jpg,804903,b31b5325c10c3292d7ca55285a79431c
train,0 hr Beef,0_hr_Beef_0073.jpg,train/0 hr Beef/0_hr_Beef_0073.jpg,769683,c6797d32ce30fc01446eaae50ce04438
train,0 hr Beef,0_hr_Beef_0074.jpg,train/0 hr Beef/0_hr_Beef_0074.jpg,773032,c81b7521180c080f1318a297f57b27a7
train,0 hr Beef,0_hr_Beef_0075.jpg,train/0 hr Beef/0_hr_Beef_0075.jpg,800585,975ef402cce240f5cbd41e235b9e2c1f
train,0 hr Beef,0_hr_Beef_0076.jpg,train/0 hr Beef/0_hr_Beef_0076.jpg,793230,cad43419f80a4fd5f4fb31e1dd3c28c3
train,0 hr Beef,0_hr_Beef_0077.jpg,train/0 hr Beef/0_hr_Beef_0077.jpg,793543,537806ae0cc4c4b598ccee3e4c8cee45
train,0 hr Beef,0_hr_Beef_0078.jpg,train/0 hr Beef/0_hr_Beef_0078.jpg,799575,c9bed28a1c4d8bea44ea823f81ee8b0e
train,0 hr Beef,0_hr_Beef_0079.jpg,train/0 hr Beef/0_hr_Beef_0079.jpg,831503,079be9692fa5b1d9830db2625cf9862d
train,0 hr Beef,0_hr_Beef_0080.jpg,train/0 hr Beef/0_hr_Beef_0080.jpg,766945,623cc5b8b24a652269cb7a9658b2d025
train,0 hr Beef,0_hr_Beef_0081.jpg,train/0 hr Beef/0_hr_Beef_0081.jpg,759611,35c18eb687aaeac523aeeafafc121b2c
train,0 hr Beef,0_hr_Beef_0082.jpg,train/0 hr Beef/0_hr_Beef_0082.jpg,783507,1ca6cc3e14b07ee7e7370fdb00924b33
train,0 hr Beef,0_hr_Beef_0083.jpg,train/0 hr Beef/0_hr_Beef_0083.jpg,805279,cf509eee0622414d8d917b753f728929
train,0 hr Beef,0_hr_Beef_0084.jpg,train/0 hr Beef/0_hr_Beef_0084.jpg,794399,65d5f1c957c017f1e301e936195e5ebc
train,0 hr Beef,0_hr_Beef_0085.jpg,train/0 hr Beef/0_hr_Beef_0085.jpg,771211,87ca173f3425ba5526bcdc3d69c9293e
train,0 hr Beef,0_hr_Beef_0086.jpg,train/0 hr Beef/0_hr_Beef_0086.jpg,763153,4056948778ab2bd1c5780e5e90562149
train,0 hr Beef,0_hr_Beef_0087.jpg,train/0 hr Beef/0_hr_Beef_0087.jpg,777277,e8e324e9bd6bed5a7c23f1c5e11caef2
train,0 hr Beef,0_hr_Beef_0088.jpg,train/0 hr Beef/0_hr_Beef_0088.jpg,764828,cdab343bbe4d6ce0f545730f68594d4f
train,0 hr Beef,0_hr_Beef_0089.jpg,train/0 hr Beef/0_hr_Beef_0089.jpg,789489,6bd779f3dbb285598b4b3dec652e5cb8
train,0 hr Beef,0_hr_Beef_0090.jpg,train/0 hr Beef/0_hr_Beef_0090.jpg,720880,8da0920014fb0af4d06c70259171e50b
train,0 hr Beef,0_hr_Beef_0091.jpg,train/0 hr Beef/0_hr_Beef_0091.jpg,726455,7c5860ba41f988ae348546014f2a5d34
train,0 hr Beef,0_hr_Beef_0092.jpg,train/0 hr Beef/0_hr_Beef_0092.jpg,781695,3b57cfca872b6852cc4281458da6d6e5
train,0 hr Beef,0_hr_Beef_0093.jpg,train/0 hr Beef/0_hr_Beef_0093.jpg,805079,e5e92503e9d073238e70e272916479c9
train,0 hr Beef,0_hr_Beef_0094.jpg,train/0 hr Beef/0_hr_Beef_0094.jpg,807153,0ab8e412b68d5bcb4c736c50bb992a7e
train,0 hr Beef,0_hr_Beef_0095.jpg,train/0 hr Beef/0_hr_Beef_0095.jpg,754397,5a9cd5917aabcfaba453418c22e77a50
train,0 hr Beef,0_hr_Beef_0096.jpg,train/0 hr Beef/0_hr_Beef_0096.jpg,805639,c503b4b2b0a06e59534862453a5420a2
train,0 hr Beef,0_hr_Beef_0097.jpg,train/0 hr Beef/0_hr_Beef_0097.jpg,750988,2f19714c4d9741e6c9b02f7e6d0f169f
train,0 hr Beef,0_hr_Beef_0098.jpg,train/0 hr Beef/0_hr_Beef_0098.jpg,741945,a86bda14e3175ae65e0635fcc7e667e5
train,0 hr Beef,0_hr_Beef_0099.jpg,train/0 hr Beef/0_hr_Beef_0099.jpg,752413,ba6f2c8d9c0ea7e02ca599d44ba83074
train,0 hr Beef,0_hr_Beef_0100.jpg,train/0 hr Beef/0_hr_Beef_0100.jpg,815164,b6c3c182d70d5020d23fb74edaea5662
train,0 hr Beef,0_hr_Beef_0101.jpg,train/0 hr Beef/0_hr_Beef_0101.jpg,775251,343588c5dc68bfe77bbcf8613b6ac648
train,0 hr Beef,0_hr_Beef_0102.jpg,train/0 hr Beef/0_hr_Beef_0102.jpg,777570,a105ae017b36358be5b68bfe43ad8ebb
train,0 hr Beef,0_hr_Beef_0103.jpg,train/0 hr Beef/0_hr_Beef_0103.jpg,789612,6b7843c05ec5ca6d954206d053f2787b
train,0 hr Beef,0_hr_Beef_0104.jpg,train/0 hr Beef/0_hr_Beef_0104.jpg,791285,7757bf0044349bd087eb64265bf2def2
train,0 hr Beef,0_hr_Beef_0105.jpg,train/0 hr Beef/0_hr_Beef_0105.jpg,774839,5cd24d79c1bc3c60e830da4b9befe7b6
train,0 hr Beef,0_hr_Beef_0106.jpg,train/0 hr Beef/0_hr_Beef_0106.jpg,747951,e57096ed973ad3a0985aad6ddb33105c
train,0 hr Beef,0_hr_Beef_0107.jpg,train/0 hr Beef/0_hr_Beef_0107.jpg,802513,69af235c07c458956bc68d376e16bd34
train,0 hr Beef,0_hr_Beef_0108.jpg,train/0 hr Beef/0_hr_Beef_0108.jpg,798269,bfbcc93fe79ac404f67d3da4d3534815
train,0 hr Beef,0_hr_Beef_0109.jpg,train/0 hr Beef/0_hr_Beef_0109.jpg,796486,36e649447f918000b196a8cfa525228d
train,0 hr Beef,0_hr_Beef_0110.jpg,train/0 hr Beef/0_hr_Beef_0110.jpg,801906,525dc17de462e9c130de890e7050e6d4
train,0 hr Beef,0_hr_Beef_0111.jpg,train/0 hr Beef/0_hr_Beef_0111.jpg,744452,6d6e5c4fdc97f4f23c08068ae1c8a86f
train,0 hr Beef,0_hr_Beef_0112.jpg,train/0 hr Beef/0_hr_Beef_0112.jpg,783648,37f7ca9efed75eef3f671e360553a501
train,0 hr Beef,0_hr_Beef_0113.jpg,train/0 hr Beef/0_hr_Beef_0113.jpg,800494,1d6a7b32e9a2f7dfe185928057b8d44e
train,0 hr Beef,0_hr_Beef_0114.jpg,train/0 hr Beef/0_hr_Beef_0114.jpg,787729,abc0a6b23aa0701d96a3cf3edac351be
train,0 hr Beef,0_hr_Beef_0115.jpg,train/0 hr Beef/0_hr_Beef_0115.jpg,808670,e529a8c8b7275d27df89734161fe644e
train,0 hr Beef,0_hr_Beef_0116.jpg,train/0 hr Beef/0_hr_Beef_0116.jpg,761431,8ff0096a3a71d96e16ccca9e981706b8
train,0 hr Beef,0_hr_Beef_0117.jpg,train/0 hr Beef/0_hr_Beef_0117.jpg,777342,e2e4c0f6436a89f120cf8312d834910e
train,0 hr Beef,0_hr_Beef_0118.jpg,train/0 hr Beef/0_hr_Beef_0118.jpg,783332,2c9f3b1d46f45d85ca76a4d97cf309e1
train,0 hr Beef,0_hr_Beef_0119.jpg,train/0 hr Beef/0_hr_Beef_0119.jpg,755873,75fae501a98942b71791cc19d82aca42
train,0 hr Beef,0_hr_Beef_0120.jpg,train/0 hr Beef/0_hr_Beef_0120.jpg,792052,a46f6be3dd30de98a9fa329d2cb4a1ef
train,0 hr Beef,0_hr_Beef_0121.jpg,train/0 hr Beef/0_hr_Beef_0121.jpg,754957,a272c59875f50b0f2cc2706558dfc7f9
train,0 hr Beef,0_hr_Beef_0122.jpg,train/0 hr Beef/0_hr_Beef_0122.jpg,774269,fb0461edbd851f1e7d97d07fd3d4bb98
train,0 hr Beef,0_hr_Beef_0123.jpg,train/0 hr Beef/0_hr_Beef_0123.jpg,748419,421209382823207735d189201600b5f2
train,0 hr Beef,0_hr_Beef_0124.jpg,train/0 hr Beef/0_hr_Beef_0124.jpg,750611,a91a6beba46087331ff2e9c71a69b548
train,0 hr Beef,0_hr_Beef_0125.jpg,train/0 hr Beef/0_hr_Beef_0125.jpg,816864,e82a905e1f39e3a57726144b7bc1dab5
train,0 hr Beef,0_hr_Beef_0126.jpg,train/0 hr Beef/0_hr_Beef_0126.jpg,762412,34e10b5f0a8bbcaec94420ba8b09d798
train,0 hr Beef,0_hr_Beef_0127.jpg,train/0 hr Beef/0_hr_Beef_0127.jpg,781122,8a6d44e9213d416c5b522c282424bd1b
train,0 hr Beef,0_hr_Beef_0128.jpg,train/0 hr Beef/0_hr_Beef_0128.jpg,769925,af5d47e9845733dd872ff275ecff5b1d
train,0 hr Beef,0_hr_Beef_0129.jpg,train/0 hr Beef/0_hr_Beef_0129.jpg,775597,423cb30822721afc2074ad0784a66d14
train,0 hr Beef,0_hr_Beef_0130.jpg,train/0 hr Beef/0_hr_Beef_0130.jpg,692769,8d5659874a863efb3bf308d2ce347e3f
train,0 hr Beef,0_hr_Beef_0131.jpg,train/0 hr Beef/0_hr_Beef_0131.jpg,775797,194ae7d4b4f21538798a066edddf2c1a
train,0 hr Beef,0_hr_Beef_0132.jpg,train/0 hr Beef/0_hr_Beef_0132.jpg,768748,3b024ef7fb589d0970c8a90de624b195
train,0 hr Beef,0_hr_Beef_0133.jpg,train/0 hr Beef/0_hr_Beef_0133.jpg,797415,34cbc46e0b671d7ae90577010602420e
train,0 hr Beef,0_hr_Beef_0134.jpg,train/0 hr Beef/0_hr_Beef_0134.jpg,790264,e9d4560133d0386ec04cca5696cc9baf
train,0 hr Beef,0_hr_Beef_0135.jpg,train/0 hr Beef/0_hr_Beef_0135.jpg,774588,0b88c7c21ffe31f0d2ec325d7c18b6c2
train,0 hr Beef,0_hr_Beef_0136.jpg,train/0 hr Beef/0_hr_Beef_0136.jpg,828615,e44bce1566096ddc89e19397b038a553
train,0 hr Beef,0_hr_Beef_0137.jpg,train/0 hr Beef/0_hr_Beef_0137.jpg,787629,889ddbec49963e2aee48ffc05950b2c8
train,0 hr Beef,0_hr_Beef_0138.jpg,train/0 hr Beef/0_hr_Beef_0138.jpg,800570,ac09c78340e1434987588ea17a8fa999
train,0 hr Beef,0_hr_Beef_0139.jpg,train/0 hr Beef/0_hr_Beef_0139.jpg,806555,2c877b2865fed5cdaced19e2611e303d
train,0 hr Mutton,0_hr_Mutton_0000.jpg,train/0 hr Mutton/0_hr_Mutton_0000.jpg,511573,7b080711fee060f618fd56727e6e39be
train,0 hr Mutton,0_hr_Mutton_0001.jpg,train/0 hr Mutton/0_hr_Mutton_0001.jpg,568849,35d5124533dc2abb6f45e5fbac6346c2
train,0 hr Mutton,0_hr_Mutton_0002.jpg,train/0 hr Mutton/0_hr_Mutton_0002.jpg,513547,4f38fb64bdfa12a674f6745a4241e525
train,0 hr Mutton,0_hr_Mutton_0003.jpg,train/0 hr Mutton/0_hr_Mutton_0003.jpg,557350,951d45f562efae5881dd63d9ffd98e45
train,0 hr Mutton,0_hr_Mutton_0004.jpg,train/0 hr Mutton/0_hr_Mutton_0004.jpg,507629,ca875c40f06f59b0865bc9af6563de79
train,0 hr Mutton,0_hr_Mutton_0005.jpg,train/0 hr Mutton/0_hr_Mutton_0005.jpg,548787,cc109097a1d9f765342c39d5df14dda3
train,0 hr Mutton,0_hr_Mutton_0006.jpg,train/0 hr Mutton/0_hr_Mutton_0006.jpg,523348,ec3e701c216e776798148ecd2e0ab73c
train,0 hr Mutton,0_hr_Mutton_0007.jpg,train/0 hr Mutton/0_hr_Mutton_0007.jpg,531922,ae2c3303d8ec6b62e1018c272c543899
train,0 hr Mutton,0_hr_Mutton_0008.jpg,train/0 hr Mutton/0_hr_Mutton_0008.jpg,596286,68d843c567dede2467e98eea25d0cc6f
train,0 hr Mutton,0_hr_Mutton_0009.jpg,train/0 hr Mutton/0_hr_Mutton_0009.jpg,548546,a4d5986e8b7cd359d50d4423bc28ef6e
train,0 hr Mutton,0_hr_Mutton_0010.jpg,train/0 hr Mutton/0_hr_Mutton_0010.jpg,560160,e801834164e630b738be33a6bca09bef
train,0 hr Mutton,0_hr_Mutton_0011.jpg,train/0 hr Mutton/0_hr_Mutton_0011.jpg,509667,1aba31a2586ce2691d3646ecdb6cf0e8
train,0 hr Mutton,0_hr_Mutton_0012.jpg,train/0 hr Mutton/0_hr_Mutton_0012.jpg,611815,11d0d601e934653c72e1415fc7ea62cc
train,0 hr Mutton,0_hr_Mutton_0013.jpg,train/0 hr Mutton/0_hr_Mutton_0013.jpg,497623,d6358be55094aabd10399797ba3748dc
train,0 hr Mutton,0_hr_Mutton_0014.jpg,train/0 hr Mutton/0_hr_Mutton_0014.jpg,576060,21950f150ac72cab811884babf412f39
train,0 hr Mutton,0_hr_Mutton_0015.jpg,train/0 hr Mutton/0_hr_Mutton_0015.jpg,515132,8d0841d3500232038036e21fcfabf3e1
train,0 hr Mutton,0_hr_Mutton_0016.jpg,train/0 hr Mutton/0_hr_Mutton_0016.jpg,535518,4310da5b19aba3b259eb21523f3bd6b4
train,0 hr Mutton,0_hr_Mutton_0017.jpg,train/0 hr Mutton/0_hr_Mutton_0017.jpg,542589,62687a06133056442dc33cde79e67920
train,0 hr Mutton,0_hr_Mutton_0018.jpg,train/0 hr Mutton/0_hr_Mutton_0018.jpg,473540,d971703786a543cb13fc23fc2c89abe8
train,0 hr Mutton,0_hr_Mutton_0019.jpg,train/0 hr Mutton/0_hr_Mutton_0019.jpg,413519,712487ee56497cbf867f128ef577c3d0
train,0 hr Mutton,0_hr_Mutton_0020.jpg,train/0 hr Mutton/0_hr_Mutton_0020.jpg,539992,5bcefcef21cb618a65005db2bcbf9bec
train,0 hr Mutton,0_hr_Mutton_0021.jpg,train/0 hr Mutton/0_hr_Mutton_0021.jpg,495195,0cd6a6c5cd7ccae5c30be71b4cb31229
train,0 hr Mutton,0_hr_Mutton_0022.jpg,train/0 hr Mutton/0_hr_Mutton_0022.jpg,564355,889d60e09474db29dcb3f5d81b1e507c
train,0 hr Mutton,0_hr_Mutton_0023.jpg,train/0 hr Mutton/0_hr_Mutton_0023.jpg,510121,014aadca2c13c94dbf75955545cb454c
train,0 hr Mutton,0_hr_Mutton_0024.jpg,train/0 hr Mutton/0_hr_Mutton_0024.jpg,506855,f16a3a38677d503e8b104bb24e7ab287
train,0 hr Mutton,0_hr_Mutton_0025.jpg,train/0 hr Mutton/0_hr_Mutton_0025.jpg,499598,7764b4e3b586e081de8834846da891e9
train,0 hr Mutton,0_hr_Mutton_0026.jpg,train/0 hr Mutton/0_hr_Mutton_0026.jpg,491674,a5c0938cbf7af0b5e4c171d52542a4a0
train,0 hr Mutton,0_hr_Mutton_0027.jpg,train/0 hr Mutton/0_hr_Mutton_0027.jpg,596329,a060c81781d8cb3cadefe1902752a473
train,0 hr Mutton,0_hr_Mutton_0028.jpg,train/0 hr Mutton/0_hr_Mutton_0028.jpg,616352,35efc45f37cddbd2fe062713fd95e564
train,0 hr Mutton,0_hr_Mutton_0029.jpg,train/0 hr Mutton/0_hr_Mutton_0029.jpg,518122,9866fcb687bbe831e515432c0e3fb201
train,0 hr Mutton,0_hr_Mutton_0030.jpg,train/0 hr Mutton/0_hr_Mutton_0030.jpg,541349,afc2014eacaa72c6f51d62f523c479f9
train,0 hr Mutton,0_hr_Mutton_0031.jpg,train/0 hr Mutton/0_hr_Mutton_0031.jpg,540692,d17cfc2d31aef44545744421a1df11bc
train,0 hr Mutton,0_hr_Mutton_0032.jpg,train/0 hr Mutton/0_hr_Mutton_0032.jpg,503542,38fb4789006a6bc0b1ffbaf8202bb2eb
train,0 hr Mutton,0_hr_Mutton_0033.jpg,train/0 hr Mutton/0_hr_Mutton_0033.jpg,533956,6435852db48ef9d819cd17f934f25d85
train,0 hr Mutton,0_hr_Mutton_0034.jpg,train/0 hr Mutton/0_hr_Mutton_0034.jpg,520113,45e3c4f8a1d45bdc33a86980466e23b8
train,0 hr Mutton,0_hr_Mutton_0035.jpg,train/0 hr Mutton/0_hr_Mutton_0035.jpg,539336,0add7d5dced601133d273a13aa2b9691
train,0 hr Mutton,0_hr_Mutton_0036.jpg,train/0 hr Mutton/0_hr_Mutton_0036.jpg,524154,75ac8526d06c3cbf0ee504652eae4873
train,0 hr Mutton,0_hr_Mutton_0037.jpg,train/0 hr Mutton/0_hr_Mutton_0037.jpg,468718,6c117a4192a979b50f5bb7b406ae324c
train,0 hr Mutton,0_hr_Mutton_0038.jpg,train/0 hr Mutton/0_hr_Mutton_0038.jpg,584685,8f35fc14c141fd7661a067aadd7da9e5
train,0 hr Mutton,0_hr_Mutton_0039.jpg,train/0 hr Mutton/0_hr_Mutton_0039.jpg,538419,735614ff8da43d22565764f6cda69190
train,0 hr Mutton,0_hr_Mutton_0040.jpg,train/0 hr Mutton/0_hr_Mutton_0040.jpg,484390,377c4e6d812b189ae6e71df2a41ddc5f
train,0 hr Mutton,0_hr_Mutton_0041.jpg,train/0 hr Mutton/0_hr_Mutton_0041.jpg,507427,9eb18a58741010b60c1521518cf0248e
train,0 hr Mutton,0_hr_Mutton_0042.jpg,train/0 hr Mutton/0_hr_Mutton_0042.jpg,544104,8d80da8fb338d0b44c4838a4800f4749
train,0 hr Mutton,0_hr_Mutton_0043.jpg,train/0 hr Mutton/0_hr_Mutton_0043.jpg,536730,e2809146a003ae76eaffd9a01181d8e5
train,0 hr Mutton,0_hr_Mutton_0044.jpg,train/0 hr Mutton/0_hr_Mutton_0044.jpg,620846,8b2a8ab65a5f59586800af6463d7a693
train,0 hr Mutton,0_hr_Mutton_0045.jpg,train/0 hr Mutton/0_hr_Mutton_0045.jpg,541679,a4b69cf8887bbdf5c69ae4cdc50f1be9
train,0 hr Mutton,0_hr_Mutton_0046.jpg,train/0 hr Mutton/0_hr_Mutton_0046.jpg,522486,e94afba92357c57f2a90c5787efc9dd6
train,0 hr Mutton,0_hr_Mutton_0047.jpg,train/0 hr Mutton/0_hr_Mutton_0047.jpg,528039,edba93700ff9db8c9481d30397bd2eb6
train,0 hr Mutton,0_hr_Mutton_0048.jpg,train/0 hr Mutton/0_hr_Mutton_0048.jpg,665045,55ed28f063966ffd18a8947f067e3bcd
train,0 hr Mutton,0_hr_Mutton_0049.jpg,train/0 hr Mutton/0_hr_Mutton_0049.jpg,529125,65771a3104c35adcba11c1670e342827
train,0 hr Mutton,0_hr_Mutton_0050.jpg,train/0 hr Mutton/0_hr_Mutton_0050.jpg,543010,c786002c1bd813c99a0f4da109d1fe38
train,0 hr Mutton,0_hr_Mutton_0051.jpg,train/0 hr Mutton/0_hr_Mutton_0051.jpg,520302,3c4d005b2b93d11ab290efc65feabb1b
train,0 hr Mutton,0_hr_Mutton_0052.jpg,train/0 hr Mutton/0_hr_Mutton_0052.jpg,539543,db4d0ac25e448d9ccc30faa907af1f72
train,0 hr Mutton,0_hr_Mutton_0053.jpg,train/0 hr Mutton/0_hr_Mutton_0053.jpg,526545,644cd32ec0d498c4603f079fc150e1d5
train,0 hr Mutton,0_hr_Mutton_0054.jpg,train/0 hr Mutton/0_hr_Mutton_0054.jpg,498314,6a6159b961afcc594db239d841518111
train,0 hr Mutton,0_hr_Mutton_0055.jpg,train/0 hr Mutton/0_hr_Mutton_0055.jpg,491678,9d4552567bf92cfc2d68b3857e5ab55c
train,0 hr Mutton,0_hr_Mutton_0056.jpg,train/0 hr Mutton/0_hr_Mutton_0056.jpg,530698,3f7cece3600fcd1faaf2ace22ab16e07
train,0 hr Mutton,0_hr_Mutton_0057.jpg,train/0 hr Mutton/0_hr_Mutton_0057.jpg,533609,471b21cb3be5f4931d1ac652850a4a1e
train,0 hr Mutton,0_hr_Mutton_0058.jpg,train/0 hr Mutton/0_hr_Mutton_0058.jpg,528820,6c716ef431736a19672d2241f736b435
train,0 hr Mutton,0_hr_Mutton_0059.jpg,train/0 hr Mutton/0_hr_Mutton_0059.jpg,578359,26bf33191a411816d2fd18b75643c5c6
train,0 hr Mutton,0_hr_Mutton_0060.jpg,train/0 hr Mutton/0_hr_Mutton_0060.jpg,498564,43358aa6813b6001fbdaaff902a96bbc
train,0 hr Mutton,0_hr_Mutton_0061.jpg,train/0 hr Mutton/0_hr_Mutton_0061.jpg,520585,cccef98ee3884c808b25e3fd302d6b77
train,0 hr Mutton,0_hr_Mutton_0062.jpg,train/0 hr Mutton/0_hr_Mutton_0062.jpg,576020,45df87899faed1d8dbb015fd70da9868
train,0 hr Mutton,0_hr_Mutton_0063.jpg,train/0 hr Mutton/0_hr_Mutton_0063.jpg,557906,830162a09623e47de434a31d41eec3a2
train,0 hr Mutton,0_hr_Mutton_0064.jpg,train/0 hr Mutton/0_hr_Mutton_0064.jpg,496080,164149607b43d164a20cf84f374ecadc
train,0 hr Mutton,0_hr_Mutton_0065.jpg,train/0 hr Mutton/0_hr_Mutton_0065.jpg,612577,02646c848f089ccf09ddfe258ed80d71
train,0 hr Mutton,0_hr_Mutton_0066.jpg,train/0 hr Mutton/0_hr_Mutton_0066.jpg,559148,f4678188d3d5101559607c4c001ace58
train,0 hr Mutton,0_hr_Mutton_0067.jpg,train/0 hr Mutton/0_hr_Mutton_0067.jpg,558687,4b151e1885bd85501ad584e107a9f239
train,0 hr Mutton,0_hr_Mutton_0068.jpg,train/0 hr Mutton/0_hr_Mutton_0068.jpg,559186,56641a82caf40e78d80e9028b156bcb4
train,0 hr Mutton,0_hr_Mutton_0069.jpg,train/0 hr Mutton/0_hr_Mutton_0069.jpg,561769,1c032663523324f72edc4fc094e8a1b5
train,0 hr Mutton,0_hr_Mutton_0070.jpg,train/0 hr Mutton/0_hr_Mutton_0070.jpg,507664,f4dc0044a94fb93f9e3b1b09144af294
train,0 hr Mutton,0_hr_Mutton_0071.jpg,train/0 hr Mutton/0_hr_Mutton_0071.jpg,542941,4b1e5ef056c67d0069bf9645999d6bbc
train,0 hr Mutton,0_hr_Mutton_0072.jpg,train/0 hr Mutton/0_hr_Mutton_0072.jpg,546069,b48d3c5338493b7ab541c4907c73fde4
train,0 hr Mutton,0_hr_Mutton_0073.jpg,train/0 hr Mutton/0_hr_Mutton_0073.jpg,523199,8f312ab070e7297fdfd8bd7fbe6c7ea3
train,0 hr Mutton,0_hr_Mutton_0074.jpg,train/0 hr Mutton/0_hr_Mutton_0074.jpg,526742,99e3f6c76389aed198bc5639bbefb597
train,0 hr Mutton,0_hr_Mutton_0075.jpg,train/0 hr Mutton/0_hr_Mutton_0075.jpg,565353,6a4b18d9d102660ed8704ef5f24b454d
train,0 hr Mutton,0_hr_Mutton_0076.jpg,train/0 hr Mutton/0_hr_Mutton_0076.jpg,532821,83adb35fec5cb3701b6260bc114f812f
train,0 hr Mutton,0_hr_Mutton_0077.jpg,train/0 hr Mutton/0_hr_Mutton_0077.jpg,459249,74eb626d9650207407fb843ca32e5c40
train,0 hr Mutton,0_hr_Mutton_0078.jpg,train/0 hr Mutton/0_hr_Mutton_0078.jpg,554150,2f4e37d7d2c7172adc5f176d7a0b199a
train,0 hr Mutton,0_hr_Mutton_0079.jpg,train/0 hr Mutton/0_hr_Mutton_0079.jpg,518719,18fa882d6e0933b65e3cd650ae134b8f
train,0 hr Mutton,0_hr_Mutton_0080.jpg,train/0 hr Mutton/0_hr_Mutton_0080.jpg,543616,65559fce40e753532363e512d5890ffa
train,0 hr Mutton,0_hr_Mutton_0081.jpg,train/0 hr Mutton/0_hr_Mutton_0081.jpg,567204,aae549cc31643b2d0f0110247fff6bf8
train,0 hr Mutton,0_hr_Mutton_0082.jpg,train/0 hr Mutton/0_hr_Mutton_0082.jpg,623462,60e86972deb9746242d9373b650ae4e2
train,0 hr Mutton,0_hr_Mutton_0083.jpg,train/0 hr Mutton/0_hr_Mutton_0083.jpg,548192,695682304bda06ac50cb183848378a23
train,0 hr Mutton,0_hr_Mutton_0084.jpg,train/0 hr Mutton/0_hr_Mutton_0084.jpg,507583,4c50cc7edadfb1ac96a864d0bc540076
train,0 hr Mutton,0_hr_Mutton_0085.jpg,train/0 hr Mutton/0_hr_Mutton_0085.jpg,521526,50dbd7f9e158f647f06784747ac8ceeb
train,0 hr Mutton,0_hr_Mutton_0086.jpg,train/0 hr Mutton/0_hr_Mutton_0086.jpg,530500,9db8c8c76f21676c6650b68eedeb731e
train,0 hr Mutton,0_hr_Mutton_0087.jpg,train/0 hr Mutton/0_hr_Mutton_0087.jpg,590755,f6d1292fd9225389844c8506d3653a7e
train,0 hr Mutton,0_hr_Mutton_0088.jpg,train/0 hr Mutton/0_hr_Mutton_0088.jpg,505746,1e603ee700c40dc4c91d0e80e8f4e5df
train,0 hr Mutton,0_hr_Mutton_0089.jpg,train/0 hr Mutton/0_hr_Mutton_0089.jpg,541780,18d3aa82effa2585c638a984cb217b76
train,0 hr Mutton,0_hr_Mutton_0090.jpg,train/0 hr Mutton/0_hr_Mutton_0090.jpg,609640,89ca138c39684424031e2361213397f9
train,0 hr Mutton,0_hr_Mutton_0091.jpg,train/0 hr Mutton/0_hr_Mutton_0091.jpg,566437,338a1c23da37d9c7cc4df05cd257005c
train,0 hr Mutton,0_hr_Mutton_0092.jpg,train/0 hr Mutton/0_hr_Mutton_0092.jpg,546880,ffb404f924e89f5531f817959b52f941
train,0 hr Mutton,0_hr_Mutton_0093.jpg,train/0 hr Mutton/0_hr_Mutton_0093.jpg,577709,ae0a3391ed1468396148f307e0718266
train,0 hr Mutton,0_hr_Mutton_0094.jpg,train/0 hr Mutton/0_hr_Mutton_0094.jpg,543173,7ddf634265c1ac7077aadb569925c6c4
train,0 hr Mutton,0_hr_Mutton_0095.jpg,train/0 hr Mutton/0_hr_Mutton_0095.jpg,510306,73031cbfde3e6a9de465f3de2d2f6f97
train,0 hr Mutton,0_hr_Mutton_0096.jpg,train/0 hr Mutton/0_hr_Mutton_0096.jpg,523773,e2185f5813ea6460cea9d35470aa6133
train,0 hr Mutton,0_hr_Mutton_0097.jpg,train/0 hr Mutton/0_hr_Mutton_0097.jpg,512876,a500dfb197d2341e673ab79b46685395
train,0 hr Mutton,0_hr_Mutton_0098.jpg,train/0 hr Mutton/0_hr_Mutton_0098.jpg,525431,6087ae0f2451f1fae889bd5411452d43
train,0 hr Mutton,0_hr_Mutton_0099.jpg,train/0 hr Mutton/0_hr_Mutton_0099.jpg,456448,6cf35314feb6fe9f9e739d76fedc1ebe
train,0 hr Mutton,0_hr_Mutton_0100.jpg,train/0 hr Mutton/0_hr_Mutton_0100.jpg,486679,18b4f549d23b3c816b38e7c75f6a2d1c
train,0 hr Mutton,0_hr_Mutton_0101.jpg,train/0 hr Mutton/0_hr_Mutton_0101.jpg,525838,77324d1488540014ee6bec3b3b33eb1e
train,0 hr Mutton,0_hr_Mutton_0102.jpg,train/0 hr Mutton/0_hr_Mutton_0102.jpg,535268,e96e33c609e5e6a97e63d41e33bddc7f
train,0 hr Mutton,0_hr_Mutton_0103.jpg,train/0 hr Mutton/0_hr_Mutton_0103.jpg,615788,f24050c4a4cbdc06a11662ad7410cbd3
train,0 hr Mutton,0_hr_Mutton_0104.jpg,train/0 hr Mutton/0_hr_Mutton_0104.jpg,519268,3580befe7e4475f521ce7fb2cc64b21b
train,0 hr Mutton,0_hr_Mutton_0105.jpg,train/0 hr Mutton/0_hr_Mutton_0105.jpg,514945,d1a04e11fbf5c802b3eac00222c8c93b
train,0 hr Mutton,0_hr_Mutton_0106.jpg,train/0 hr Mutton/0_hr_Mutton_0106.jpg,609028,d22dfcdc06a01ba3ba2831e5f6dbe855
train,0 hr Mutton,0_hr_Mutton_0107.jpg,train/0 hr Mutton/0_hr_Mutton_0107.jpg,500740,ac9f78ebc1b8e6954b7fc1c23944e935
train,0 hr Mutton,0_hr_Mutton_0108.jpg,train/0 hr Mutton/0_hr_Mutton_0108.jpg,548550,41159720ccf331ea88fb066bd843696e
train,0 hr Mutton,0_hr_Mutton_0109.jpg,train/0 hr Mutton/0_hr_Mutton_0109.jpg,554935,3d30085b7c2f30b175cb621e46140c31
train,0 hr Mutton,0_hr_Mutton_0110.jpg,train/0 hr Mutton/0_hr_Mutton_0110.jpg,586422,59fbcf85a605e889b7d3139aab6a04df
train,0 hr Mutton,0_hr_Mutton_0111.jpg,train/0 hr Mutton/0_hr_Mutton_0111.jpg,617694,099f9deaec2cbe03161b336d4f865d58
train,0 hr Mutton,0_hr_Mutton_0112.jpg,train/0 hr Mutton/0_hr_Mutton_0112.jpg,546610,f2b4accf287883cff39bab6c179fe726
train,0 hr Mutton,0_hr_Mutton_0113.jpg,train/0 hr Mutton/0_hr_Mutton_0113.jpg,485839,ee9ee1d3667cfc1f31b4ee74913d58b4
train,0 hr Mutton,0_hr_Mutton_0114.jpg,train/0 hr Mutton/0_hr_Mutton_0114.jpg,591879,8aad64058a871d8e49c54d102d86798c
train,0 hr Mutton,0_hr_Mutton_0115.jpg,train/0 hr Mutton/0_hr_Mutton_0115.jpg,547312,dbf939017e04cd23b3cd9af94d9ee4ea
train,0 hr Mutton,0_hr_Mutton_0116.jpg,train/0 hr Mutton/0_hr_Mutton_0116.jpg,578199,e1a88c11bae6d12f2c65e5291bc1e9e9
train,0 hr Mutton,0_hr_Mutton_0117.jpg,train/0 hr Mutton/0_hr_Mutton_0117.jpg,519671,6ac4d8b1c4cdd43da46da465dce2bb23
train,0 hr Mutton,0_hr_Mutton_0118.jpg,train/0 hr Mutton/0_hr_Mutton_0118.jpg,535170,302ecfae9ee35802cb1f9e16120f09fa
train,0 hr Mutton,0_hr_Mutton_0119.jpg,train/0 hr Mutton/0_hr_Mutton_0119.jpg,513020,fba45c8f143e87c3f8ad1ec7c9d99edb
train,0 hr Mutton,0_hr_Mutton_0120.jpg,train/0 hr Mutton/0_hr_Mutton_0120.jpg,521366,18043db78b069dda43eaab308068396f
train,0 hr Mutton,0_hr_Mutton_0121.jpg,train/0 hr Mutton/0_hr_Mutton_0121.jpg,531091,cac47c41e2ecd62638e42dff158fafc1
train,0 hr Mutton,0_hr_Mutton_0122.jpg,train/0 hr Mutton/0_hr_Mutton_0122.jpg,565259,000c2121f21a431225b46688bdb98f30
train,0 hr Mutton,0_hr_Mutton_0123.jpg,train/0 hr Mutton/0_hr_Mutton_0123.jpg,575583,ea46e02dc4c427c2a086db2cecfe0bd1
train,0 hr Mutton,0_hr_Mutton_0124.jpg,train/0 hr Mutton/0_hr_Mutton_0124.jpg,499472,2514ee465c180cbd56bd9984f33fe9e2
train,0 hr Mutton,0_hr_Mutton_0125.jpg,train/0 hr Mutton/0_hr_Mutton_0125.jpg,550099,84d0acaba47ffac46272e11624d6b3af
train,0 hr Mutton,0_hr_Mutton_0126.jpg,train/0 hr Mutton/0_hr_Mutton_0126.jpg,460921,e5da06d6ff22b7b81fe6f364b2395bc0
train,0 hr Mutton,0_hr_Mutton_0127.jpg,train/0 hr Mutton/0_hr_Mutton_0127.jpg,528619,db1fbccdafa151bca77a7d0d034e33ed
train,0 hr Mutton,0_hr_Mutton_0128.jpg,train/0 hr Mutton/0_hr_Mutton_0128.jpg,563477,ecf82d8739d9afaaec96765425d9a05c
train,0 hr Mutton,0_hr_Mutton_0129.jpg,train/0 hr Mutton/0_hr_Mutton_0129.jpg,508125,1e699f9270b44214d0a70977de7fc846
train,0 hr Mutton,0_hr_Mutton_0130.jpg,train/0 hr Mutton/0_hr_Mutton_0130.jpg,533882,b569ed66a920903aaf3abf6abf36faf8
train,0 hr Mutton,0_hr_Mutton_0131.jpg,train/0 hr Mutton/0_hr_Mutton_0131.jpg,494249,8995de419b09b9b2636ec9b34d61af06
train,0 hr Mutton,0_hr_Mutton_0132.jpg,train/0 hr Mutton/0_hr_Mutton_0132.jpg,627427,851014c5f0b92a6551c8da82905c555b
train,0 hr Mutton,0_hr_Mutton_0133.jpg,train/0 hr Mutton/0_hr_Mutton_0133.jpg,536438,6ef4319e3e84d10c4025e5e982af0321
train,0 hr Mutton,0_hr_Mutton_0134.jpg,train/0 hr Mutton/0_hr_Mutton_0134.jpg,638457,805e94a97dd30662145b36a2bbdbfa2e
train,0 hr Mutton,0_hr_Mutton_0135.jpg,train/0 hr Mutton/0_hr_Mutton_0135.jpg,606001,77a4e26ea1d27c9ce6f95698d264b740
train,0 hr Mutton,0_hr_Mutton_0136.jpg,train/0 hr Mutton/0_hr_Mutton_0136.jpg,521367,e4700c37adb5b2bb75af8b9c1391eb21
train,0 hr Mutton,0_hr_Mutton_0137.jpg,train/0 hr Mutton/0_hr_Mutton_0137.jpg,533174,72a9bbcdd522bc93ac64e1b1ed291f13
train,0 hr Mutton,0_hr_Mutton_0138.jpg,train/0 hr Mutton/0_hr_Mutton_0138.jpg,505665,d4efcceeb3174f6f0425087fc1df495a
train,0 hr Mutton,0_hr_Mutton_0139.jpg,train/0 hr Mutton/0_hr_Mutton_0139.jpg,564979,d8b0387d0fb384b59486df01bfeb7bc3
train,0 hr Mutton,0_hr_Mutton_0140.jpg,train/0 hr Mutton/0_hr_Mutton_0140.jpg,500339,9f2b982fa507ba9290c210f3778c9960
train,0 hr Mutton,0_hr_Mutton_0141.jpg,train/0 hr Mutton/0_hr_Mutton_0141.jpg,579477,cdebd13c55cbb6a75001466acc9de662
train,0 hr Mutton,0_hr_Mutton_0142.jpg,train/0 hr Mutton/0_hr_Mutton_0142.jpg,523086,6e346576d625d67a680aae8d81f28109
train,0 hr Mutton,0_hr_Mutton_0143.jpg,train/0 hr Mutton/0_hr_Mutton_0143.jpg,470781,926748c0fd86fc180f53c59dabf1dd81
train,12 hr Beef,12_hr_Beef_0000.jpg,train/12 hr Beef/12_hr_Beef_0000.jpg,489098,a811fc9d8a3a26bca80c357b69f1a26b
train,12 hr Beef,12_hr_Beef_0001.jpg,train/12 hr Beef/12_hr_Beef_0001.jpg,471268,4837678050e3a864bc985eec0eb80c7f
train,12 hr Beef,12_hr_Beef_0002.jpg,train/12 hr Beef/12_hr_Beef_0002.jpg,476360,31f6d79be900ce6cde513aee156b976c
train,12 hr Beef,12_hr_Beef_0003.jpg,train/12 hr Beef/12_hr_Beef_0003.jpg,483998,e66e27ace6885837a7bc6141a7dc9335
train,12 hr Beef,12_hr_Beef_0004.jpg,train/12 hr Beef/12_hr_Beef_0004.jpg,478329,8e2496e34709a9b38b9f66538a6a8830
train,12 hr Beef,12_hr_Beef_0005.jpg,train/12 hr Beef/12_hr_Beef_0005.jpg,491068,60574bd1600e57b9c9507a03a59d2f6b
train,12 hr Beef,12_hr_Beef_0006.jpg,train/12 hr Beef/12_hr_Beef_0006.jpg,473945,7f29ecfecc12baf148080a78e81f6147
train,12 hr Beef,12_hr_Beef_0007.jpg,train/12 hr Beef/12_hr_Beef_0007.jpg,461514,8a9f0ca1b41486ca853ce6da029a7cc8
train,12 hr Beef,12_hr_Beef_0008.jpg,train/12 hr Beef/12_hr_Beef_0008.jpg,476081,80db2ca86165f194088e41a07dc3275f
train,12 hr Beef,12_hr_Beef_0009.jpg,train/12 hr Beef/12_hr_Beef_0009.jpg,457853,77e1f423e24d4a867425b6f69bc0965a
train,12 hr Beef,12_hr_Beef_0010.jpg,train/12 hr Beef/12_hr_Beef_0010.jpg,527804,d626a8986456bea9b3ba3ec9e3281951
train,12 hr Beef,12_hr_Beef_0011.jpg,train/12 hr Beef/12_hr_Beef_0011.jpg,500166,f90eb9e4a5b843d73a5a130f3f09dcc0
train,12 hr Beef,12_hr_Beef_0012.jpg,train/12 hr Beef/12_hr_Beef_0012.jpg,473150,28a5b95536169d11301f33ffa3b55b49
train,12 hr Beef,12_hr_Beef_0013.jpg,train/12 hr Beef/12_hr_Beef_0013.jpg,520669,7a8db4eb62141d5b207f27e695d1fc1a
train,12 hr Beef,12_hr_Beef_0014.jpg,train/12 hr Beef/12_hr_Beef_0014.jpg,465991,bfef464a27665c6c24611d02f6858225
train,12 hr Beef,12_hr_Beef_0015.jpg,train/12 hr Beef/12_hr_Beef_0015.jpg,485820,e0bb6e07d8d2dc9314e7a7e41b85bc18
train,12 hr Beef,12_hr_Beef_0016.jpg,train/12 hr Beef/12_hr_Beef_0016.jpg,430121,79ab8ffd5227272966520b02338ff6df
train,12 hr Beef,12_hr_Beef_0017.jpg,train/12 hr Beef/12_hr_Beef_0017.jpg,468772,eb2f776fa9efeef134d0eedd7788a46f
train,12 hr Beef,12_hr_Beef_0018.jpg,train/12 hr Beef/12_hr_Beef_0018.jpg,505976,14cac5ff200e736024f89399c8ca749e
train,12 hr Beef,12_hr_Beef_0019.jpg,train/12 hr Beef/12_hr_Beef_0019.jpg,493580,f7c23d5fb32afe10b8e3bad2a51244c1
train,12 hr Beef,12_hr_Beef_0020.jpg,train/12 hr Beef/12_hr_Beef_0020.jpg,471143,78eb00ca9051e92dd0b3fcb36f4bbdef
train,12 hr Beef,12_hr_Beef_0021.jpg,train/12 hr Beef/12_hr_Beef_0021.jpg,490831,e5ea5c9e3387687c14148ffcbea842b9
train,12 hr Beef,12_hr_Beef_0022.jpg,train/12 hr Beef/12_hr_Beef_0022.jpg,436977,78d7ac7a8abb81b6d2fb87e94e3eba59
train,12 hr Beef,12_hr_Beef_0023.jpg,train/12 hr Beef/12_hr_Beef_0023.jpg,540829,d6ed1a2242a06037a16c6b25e5857667
train,12 hr Beef,12_hr_Beef_0024.jpg,train/12 hr Beef/12_hr_Beef_0024.jpg,491531,bc389c57257617c43f6ac0f8dd162155
train,12 hr Beef,12_hr_Beef_0025.jpg,train/12 hr Beef/12_hr_Beef_0025.jpg,476459,c530a12e88a0d43a0d273c0e484eee59
train,12 hr Beef,12_hr_Beef_0026.jpg,train/12 hr Beef/12_hr_Beef_0026.jpg,504201,91f042ad56ba54954d02a484610734b5
train,12 hr Beef,12_hr_Beef_0027.jpg,train/12 hr Beef/12_hr_Beef_0027.jpg,476663,c799933485162d073155c43627e8c03d
train,12 hr Beef,12_hr_Beef_0028.jpg,train/12 hr Beef/12_hr_Beef_0028.jpg,506834,8a3b8ff82e41a8ef12bcbac15bc567b6
train,12 hr Beef,12_hr_Beef_0029.jpg,train/12 hr Beef/12_hr_Beef_0029.jpg,477680,51ced909617f12686bd81f1b6aa547e6
train,12 hr Beef,12_hr_Beef_0030.jpg,train/12 hr Beef/12_hr_Beef_0030.jpg,516467,44ca508bd9e26aa2f10ec58521a5cb40
train,12 hr Beef,12_hr_Beef_0031.jpg,train/12 hr Beef/12_hr_Beef_0031.jpg,536392,b05159c425021b6bb252980aa4d8cc78
train,12 hr Beef,12_hr_Beef_0032.jpg,train/12 hr Beef/12_hr_Beef_0032.jpg,459060,c359c09d3ad88332053df1a578b73a2d
train,12 hr Beef,12_hr_Beef_0033.jpg,train/12 hr Beef/12_hr_Beef_0033.jpg,495355,55bbf08ca81534650048d74ed0d80e78
train,12 hr Beef,12_hr_Beef_0034.jpg,train/12 hr Beef/12_hr_Beef_0034.jpg,500704,f8980c24cc6e033b0a7f198451bede81
train,12 hr Beef,12_hr_Beef_0035.jpg,train/12 hr Beef/12_hr_Beef_0035.jpg,540674,00b5d42cbe507f4a8232ee1588f81a2d
train,12 hr Beef,12_hr_Beef_0036.jpg,train/12 hr Beef/12_hr_Beef_0036.jpg,481069,0ac549e9a022c3b1620e09d80b5ab5e2
train,12 hr Beef,12_hr_Beef_0037.jpg,train/12 hr Beef/12_hr_Beef_0037.jpg,502123,bd3612d8033a93892ccfaec2dc3e5cb4
train,12 hr Beef,12_hr_Beef_0038.jpg,train/12 hr Beef/12_hr_Beef_0038.jpg,498631,4074af90d7ccbff6df53f15e7a3fb2b2
train,12 hr Beef,12_hr_Beef_0039.jpg,train/12 hr Beef/12_hr_Beef_0039.jpg,474723,d5c8c20151e57dd71bd23f84245aea98
train,12 hr Beef,12_hr_Beef_0040.jpg,train/12 hr Beef/12_hr_Beef_0040.jpg,492611,9ca542ec171e7fde557162d13665a738
train,12 hr Beef,12_hr_Beef_0041.jpg,train/12 hr Beef/12_hr_Beef_0041.jpg,481263,30c622693204de00c348b50260e62da3
train,12 hr Beef,12_hr_Beef_0042.jpg,train/12 hr Beef/12_hr_Beef_0042.jpg,457642,ce6e7963c1443eccf513ce3095ce73c6
train,12 hr Beef,12_hr_Beef_0043.jpg,train/12 hr Beef/12_hr_Beef_0043.jpg,478927,35c555ebaaf1c8221145085636805482
train,12 hr Beef,12_hr_Beef_0044.jpg,train/12 hr Beef/12_hr_Beef_0044.jpg,539970,7ea133c755f7d8d69b786bdbbf4da5fc
train,12 hr Beef,12_hr_Beef_0045.jpg,train/12 hr Beef/12_hr_Beef_0045.jpg,472524,de50ed5b80e9555b0c3deef2ba6ca5d1
train,12 hr Beef,12_hr_Beef_0046.jpg,train/12 hr Beef/12_hr_Beef_0046.jpg,490839,1a3c964bb87ed4616e8e61c41beb8536
train,12 hr Beef,12_hr_Beef_0047.jpg,train/12 hr Beef/12_hr_Beef_0047.jpg,450337,6eadc511182a7a4a48d4eeac15de49b8
train,12 hr Beef,12_hr_Beef_0048.jpg,train/12 hr Beef/12_hr_Beef_0048.jpg,510029,def83abf898a8c995a647cc97de3d402
train,12 hr Beef,12_hr_Beef_0049.jpg,train/12 hr Beef/12_hr_Beef_0049.jpg,479096,fa108ef5e558570df998983fc85da8b8
train,12 hr Beef,12_hr_Beef_0050.jpg,train/12 hr Beef/12_hr_Beef_0050.jpg,463848,749ea3a0c962d2f6f7145af90367a6b4
train,12 hr Beef,12_hr_Beef_0051.jpg,train/12 hr Beef/12_hr_Beef_0051.jpg,520036,1fc0ec4a36e592b6e32fdba6387ca2bc
train,12 hr Beef,12_hr_Beef_0052.jpg,train/12 hr Beef/12_hr_Beef_0052.jpg,487134,e705ef5277c84f6db58979a171052c72
train,12 hr Beef,12_hr_Beef_0053.jpg,train/12 hr Beef/12_hr_Beef_0053.jpg,495957,b315038b7b628112e5ff77467b667d6c
train,12 hr Beef,12_hr_Beef_0054.jpg,train/12 hr Beef/12_hr_Beef_0054.jpg,446615,d899ab1305f32a47db7b08ee69649b08
train,12 hr Beef,12_hr_Beef_0055.jpg,train/12 hr Beef/12_hr_Beef_0055.jpg,460184,8269ec82dccbb66f902ac676cedf592c
train,12 hr Beef,12_hr_Beef_0056.jpg,train/12 hr Beef/12_hr_Beef_0056.jpg,535277,2b1d49811def47bcf2b61021586642c5
train,12 hr Beef,12_hr_Beef_0057.jpg,train/12 hr Beef/12_hr_Beef_0057.jpg,500267,a50a62658e20b5b0af653aa654382e18
train,12 hr Beef,12_hr_Beef_0058.jpg,train/12 hr Beef/12_hr_Beef_0058.jpg,517078,e092679ae5efbe9bcf781983a8c92eb3
train,12 hr Beef,12_hr_Beef_0059.jpg,train/12 hr Beef/12_hr_Beef_0059.jpg,487706,d7a46a321aaeda7f5f4e4f44b614868a
train,12 hr Beef,12_hr_Beef_0060.jpg,train/12 hr Beef/12_hr_Beef_0060.jpg,482177,9d162a1487913074d551238bf8a62a46
train,12 hr Beef,12_hr_Beef_0061.jpg,train/12 hr Beef/12_hr_Beef_0061.jpg,480391,c3a95755da629baa4a78e26984749ccf
train,12 hr Beef,12_hr_Beef_0062.jpg,train/12 hr Beef/12_hr_Beef_0062.jpg,433210,3b6917b0b410bb50f9447c6c9728dc23
train,12 hr Beef,12_hr_Beef_0063.jpg,train/12 hr Beef/12_hr_Beef_0063.jpg,457660,da45c9d4ddf0757fc16c871812d97186
train,12 hr Beef,12_hr_Beef_0064.jpg,train/12 hr Beef/12_hr_Beef_0064.jpg,502399,648356ce1785e6b837b782b4c4be0df8
train,12 hr Beef,12_hr_Beef_0065.jpg,train/12 hr Beef/12_hr_Beef_0065.jpg,513680,bebacf95c112ec76f61441e43899582c
train,12 hr Beef,12_hr_Beef_0066.jpg,train/12 hr Beef/12_hr_Beef_0066.jpg,457181,6532db0fbf48485a00c15d93c1b3e17d
train,12 hr Beef,12_hr_Beef_0067.jpg,train/12 hr Beef/12_hr_Beef_0067.jpg,439713,590b15c1d3ba163ee16025710b9677fe
train,12 hr Beef,12_hr_Beef_0068.jpg,train/12 hr Beef/12_hr_Beef_0068.jpg,538170,fafefde5024aa42e017f73904447ae14
train,12 hr Beef,12_hr_Beef_0069.jpg,train/12 hr Beef/12_hr_Beef_0069.jpg,472905,9442cc9a280e5eba45986285760d007e
train,12 hr Beef,12_hr_Beef_0070.jpg,train/12 hr Beef/12_hr_Beef_0070.jpg,512304,f663d2308435e91ac199a361695b0671
train,12 hr Beef,12_hr_Beef_0071.jpg,train/12 hr Beef/12_hr_Beef_0071.jpg,472847,1337f799691074f29341eb5cd815d14e
train,12 hr Beef,12_hr_Beef_0072.jpg,train/12 hr Beef/12_hr_Beef_0072.jpg,504079,e8b81b52b8b0b7ae7b3b322ba0962c9e
train,12 hr Beef,12_hr_Beef_0073.jpg,train/12 hr Beef/12_hr_Beef_0073.jpg,522945,2a01796e955f5cfed122481f69801c02
train,12 hr Beef,12_hr_Beef_0074.jpg,train/12 hr Beef/12_hr_Beef_0074.jpg,503199,bd825f5b4f36c1abf9969e31f2cf5b21
train,12 hr Beef,12_hr_Beef_0075.jpg,train/12 hr Beef/12_hr_Beef_0075.jpg,504779,222bd53421bcaa513894760ec2fd186c
train,12 hr Beef,12_hr_Beef_0076.jpg,train/12 hr Beef/12_hr_Beef_0076.jpg,517098,eb084ce5627c41f6ec2d0d5f3ccd6dca
train,12 hr Beef,12_hr_Beef_0077.jpg,train/12 hr Beef/12_hr_Beef_0077.jpg,456200,2c7c9a3e4f860c08c023a1e7bf776679
train,12 hr Beef,12_hr_Beef_0078.jpg,train/12 hr Beef/12_hr_Beef_0078.jpg,466988,5553bdbb74c48e8ab36273f268c3438a
train,12 hr Beef,12_hr_Beef_0079.jpg,train/12 hr Beef/12_hr_Beef_0079.jpg,549366,c42a91965089dc8ef914c0a46ae229de
train,12 hr Beef,12_hr_Beef_0080.jpg,train/12 hr Beef/12_hr_Beef_0080.jpg,466082,4bd74ffd1bdd7b9e9f3af7bd9b7e494d
train,12 hr Beef,12_hr_Beef_0081.jpg,train/12 hr Beef/12_hr_Beef_0081.jpg,424018,fe954969d2129852b36f5c2587652da3
train,12 hr Beef,12_hr_Beef_0082.jpg,train/12 hr Beef/12_hr_Beef_0082.jpg,435583,e338900a000113ca5bdc638d3c103f3c
train,12 hr Beef,12_hr_Beef_0083.jpg,train/12 hr Beef/12_hr_Beef_0083.jpg,459289,50ac228981cdc916a2c06563392b68d4
train,12 hr Beef,12_hr_Beef_0084.jpg,train/12 hr Beef/12_hr_Beef_0084.jpg,440535,ce5f18a216b7d763f2dc2fbb12ae3762
train,12 hr Beef,12_hr_Beef_0085.jpg,train/12 hr Beef/12_hr_Beef_0085.jpg,470349,d6c5a5f9da490903f3c13cf524fa0f27
train,12 hr Beef,12_hr_Beef_0086.jpg,train/12 hr Beef/12_hr_Beef_0086.jpg,533905,26e5233788f2e73c5e1ff494e87ec0f0
train,12 hr Beef,12_hr_Beef_0087.jpg,train/12 hr Beef/12_hr_Beef_0087.jpg,434326,46b53c67d90e79cd6d1b1069f9437586
train,12 hr Beef,12_hr_Beef_0088.jpg,train/12 hr Beef/12_hr_Beef_0088.jpg,534967,70a75b812dea9410fcc595a6da7e00f2
train,12 hr Beef,12_hr_Beef_0089.jpg,train/12 hr Beef/12_hr_Beef_0089.jpg,426376,41087787ebdc88c3102d22738ddf0ef3
train,12 hr Beef,12_hr_Beef_0090.jpg,train/12 hr Beef/12_hr_Beef_0090.jpg,489837,307896036d444dddd180b5e9fbeb1d88
train,12 hr Beef,12_hr_Beef_0091.jpg,train/12 hr Beef/12_hr_Beef_0091.jpg,539525,1e5dcdfc95978b160546cecd8b89b709
train,12 hr Beef,12_hr_Beef_0092.jpg,train/12 hr Beef/12_hr_Beef_0092.jpg,428515,eabd08beeb5ac0b31b738542d71873a9
train,12 hr Beef,12_hr_Beef_0093.jpg,train/12 hr Beef/12_hr_Beef_0093.jpg,502036,bc816c00a4ee8a2ed50f689bd5f565ea
train,12 hr Beef,12_hr_Beef_0094.jpg,train/12 hr Beef/12_hr_Beef_0094.jpg,564667,b7bcb6b24398eee5bdb76857cf2cafad
train,12 hr Beef,12_hr_Beef_0095.jpg,train/12 hr Beef/12_hr_Beef_0095.jpg,512363,3b11f37ffdaf4ed194a81361a998d9a8
train,12 hr Beef,12_hr_Beef_0096.jpg,train/12 hr Beef/12_hr_Beef_0096.jpg,522456,ac2383841320083b5d8165574e4ca6c4
train,12 hr Beef,12_hr_Beef_0097.jpg,train/12 hr Beef/12_hr_Beef_0097.jpg,447569,e9a7bde6be13d9284568117f724bf083
train,12 hr Beef,12_hr_Beef_0098.jpg,train/12 hr Beef/12_hr_Beef_0098.jpg,434374,7ff3be2c2172bded6ba56d63d6439cab
train,12 hr Beef,12_hr_Beef_0099.jpg,train/12 hr Beef/12_hr_Beef_0099.jpg,460366,fed614d3eef8b7c8b24f4b6485278487
train,12 hr Beef,12_hr_Beef_0100.jpg,train/12 hr Beef/12_hr_Beef_0100.jpg,520731,4d0e09426db3810095a8d5cb78f4e262
train,12 hr Beef,12_hr_Beef_0101.jpg,train/12 hr Beef/12_hr_Beef_0101.jpg,441173,064b091fb32f36e925ab213ffe9f04aa
train,12 hr Beef,12_hr_Beef_0102.jpg,train/12 hr Beef/12_hr_Beef_0102.jpg,431573,b7804e79ddf6437d251e00d4061ac405
train,12 hr Beef,12_hr_Beef_0103.jpg,train/12 hr Beef/12_hr_Beef_0103.jpg,534812,df67508885ad3be3e7a8470f74ffa5a8
train,12 hr Beef,12_hr_Beef_0104.jpg,train/12 hr Beef/12_hr_Beef_0104.jpg,469472,b1ae9d9c59942a9986254b2d10443145
train,12 hr Beef,12_hr_Beef_0105.jpg,train/12 hr Beef/12_hr_Beef_0105.jpg,468772,ded4da4d693011cbdf97cdb1e01e13c8
train,12 hr Beef,12_hr_Beef_0106.jpg,train/12 hr Beef/12_hr_Beef_0106.jpg,459986,c29689a2200f062f17a9307ca1ca8229
train,12 hr Beef,12_hr_Beef_0107.jpg,train/12 hr Beef/12_hr_Beef_0107.jpg,473908,4a2c9393cba4d2eb978adc9c964b5ef9
train,12 hr Beef,12_hr_Beef_0108.jpg,train/12 hr Beef/12_hr_Beef_0108.jpg,536610,6e464eb694655bcb97dde29d21b0b8ea
train,12 hr Beef,12_hr_Beef_0109.jpg,train/12 hr Beef/12_hr_Beef_0109.jpg,534463,59458ab90ebb4669bdfd1a50c40a91c8
train,12 hr Beef,12_hr_Beef_0110.jpg,train/12 hr Beef/12_hr_Beef_0110.jpg,514413,73a868053866c4b4c217f67230b9d770
train,12 hr Beef,12_hr_Beef_0111.jpg,train/12 hr Beef/12_hr_Beef_0111.jpg,420704,25969e02217e1b455c733a6bce18fdc0
train,12 hr Beef,12_hr_Beef_0112.jpg,train/12 hr Beef/12_hr_Beef_0112.jpg,461740,722417f63ef16447e43ae25931e7000e
train,12 hr Beef,12_hr_Beef_0113.jpg,train/12 hr Beef/12_hr_Beef_0113.jpg,476654,1c3a23fa259bcf0073487fd4f26460dd
train,12 hr Beef,12_hr_Beef_0114.jpg,train/12 hr Beef/12_hr_Beef_0114.jpg,486743,53d8c08b32dc40a8f677fe316ea62f2d
train,12 hr Beef,12_hr_Beef_0115.jpg,train/12 hr Beef/12_hr_Beef_0115.jpg,461784,e38023a2ba53f5cf23dca8c16e5f6ae5
train,12 hr Beef,12_hr_Beef_0116.jpg,train/12 hr Beef/12_hr_Beef_0116.jpg,452541,62345691098510a6d6ece4b0f2d1dda4
train,12 hr Beef,12_hr_Beef_0117.jpg,train/12 hr Beef/12_hr_Beef_0117.jpg,494497,fee3dda66b09ea241f5e59caf2caa2bb
train,12 hr Beef,12_hr_Beef_0118.jpg,train/12 hr Beef/12_hr_Beef_0118.jpg,467094,3db0095fd95551e0ef169d165c4cb955
train,12 hr Beef,12_hr_Beef_0119.jpg,train/12 hr Beef/12_hr_Beef_0119.jpg,457917,f3933b57ca6daa15b43b7cbfef5956d9
train,12 hr Beef,12_hr_Beef_0120.jpg,train/12 hr Beef/12_hr_Beef_0120.jpg,459777,2f47f5cea58d4f0000ef4212bec4856b
train,12 hr Beef,12_hr_Beef_0121.jpg,train/12 hr Beef/12_hr_Beef_0121.jpg,459083,ed863a4c77985c601f6259ada24851e3
train,12 hr Beef,12_hr_Beef_0122.jpg,train/12 hr Beef/12_hr_Beef_0122.jpg,434267,c102f55705f566a648c4e0067d57e451
train,12 hr Beef,12_hr_Beef_0123.jpg,train/12 hr Beef/12_hr_Beef_0123.jpg,494119,521d86aad04603a4faa5eaccb67e17ec
train,12 hr Beef,12_hr_Beef_0124.jpg,train/12 hr Beef/12_hr_Beef_0124.jpg,429531,07adb1ccb50c547a482695a717b90e66
train,12 hr Beef,12_hr_Beef_0125.jpg,train/12 hr Beef/12_hr_Beef_0125.jpg,480806,042c4dcbfc080e6bbcf4a00ce908a2de
train,12 hr Beef,12_hr_Beef_0126.jpg,train/12 hr Beef/12_hr_Beef_0126.jpg,454138,f0b657c61e83e6c98bb67b16bc6c02fc
train,12 hr Beef,12_hr_Beef_0127.jpg,train/12 hr Beef/12_hr_Beef_0127.jpg,515278,f537b00d464bf1d87d82e74d303f46b8
train,12 hr Beef,12_hr_Beef_0128.jpg,train/12 hr Beef/12_hr_Beef_0128.jpg,489517,dcf997c5fe680b7d01a666bbb040e495
train,12 hr Beef,12_hr_Beef_0129.jpg,train/12 hr Beef/12_hr_Beef_0129.jpg,524061,fc257d1b0ca00ca02ff5ca57797fb598
train,12 hr Beef,12_hr_Beef_0130.jpg,train/12 hr Beef/12_hr_Beef_0130.jpg,499625,1d3b43d18a350c2a258aeb99979e40a5
train,12 hr Beef,12_hr_Beef_0131.jpg,train/12 hr Beef/12_hr_Beef_0131.jpg,511869,4f427747be13b681850d1ba1d9956e99
train,12 hr Beef,12_hr_Beef_0132.jpg,train/12 hr Beef/12_hr_Beef_0132.jpg,497373,5b2e768a2e73591684ab5c6dfbd86525
train,12 hr Beef,12_hr_Beef_0133.jpg,train/12 hr Beef/12_hr_Beef_0133.jpg,529512,5f1a4715208892e5674f79a1afacba30
train,12 hr Beef,12_hr_Beef_0134.jpg,train/12 hr Beef/12_hr_Beef_0134.jpg,499538,5571a3b373082e7543ae22b9e66cfaa9
train,12 hr Beef,12_hr_Beef_0135.jpg,train/12 hr Beef/12_hr_Beef_0135.jpg,528596,a2da3bfecec529488c7701f143039945
train,12 hr Beef,12_hr_Beef_0136.jpg,train/12 hr Beef/12_hr_Beef_0136.jpg,435001,964a013990c1d8c776376b90c43bf680
train,12 hr Beef,12_hr_Beef_0137.jpg,train/12 hr Beef/12_hr_Beef_0137.jpg,493200,5082d4716b541825d1e4b25dcc311717
train,12 hr Beef,12_hr_Beef_0138.jpg,train/12 hr Beef/12_hr_Beef_0138.jpg,467097,2aa2d26d7974640473862111a2eabdf8
train,12 hr Beef,12_hr_Beef_0139.jpg,train/12 hr Beef/12_hr_Beef_0139.jpg,423306,b296fb9190d30df25a754b083cf0962c
train,12 hr Beef,12_hr_Beef_0140.jpg,train/12 hr Beef/12_hr_Beef_0140.jpg,507325,999a85e44468bf0e335f41844d022087
train,12 hr Beef,12_hr_Beef_0141.jpg,train/12 hr Beef/12_hr_Beef_0141.jpg,456798,520c812268a4876a8d2e17a5b1065999
train,12 hr Mutton,12_hr_Mutton_0000.jpg,train/12 hr Mutton/12_hr_Mutton_0000.jpg,492338,bfbca76088720c66c0eae56bcd1d5128
train,12 hr Mutton,12_hr_Mutton_0001.jpg,train/12 hr Mutton/12_hr_Mutton_0001.jpg,451364,8ad5107be69434bddb023da4d7f3e301
train,12 hr Mutton,12_hr_Mutton_0002.jpg,train/12 hr Mutton/12_hr_Mutton_0002.jpg,497843,1a4b0594bff2b2107596a0fdddc763aa
train,12 hr Mutton,12_hr_Mutton_0003.jpg,train/12 hr Mutton/12_hr_Mutton_0003.jpg,462157,e14a98ad8802513b31e72140d8a32580
train,12 hr Mutton,12_hr_Mutton_0004.jpg,train/12 hr Mutton/12_hr_Mutton_0004.jpg,450772,b07a589cd380c7768c051e7f2bccabb9
train,12 hr Mutton,12_hr_Mutton_0005.jpg,train/12 hr Mutton/12_hr_Mutton_0005.jpg,496984,e5896f6cf915cb72e10ca55692fc2ca4
train,12 hr Mutton,12_hr_Mutton_0006.jpg,train/12 hr Mutton/12_hr_Mutton_0006.jpg,528401,d44d7e9dbd230135297641f765eea04c
train,12 hr Mutton,12_hr_Mutton_0007.jpg,train/12 hr Mutton/12_hr_Mutton_0007.jpg,514903,b9e31ab53ae72d6ba10e3303b1e8db30
train,12 hr Mutton,12_hr_Mutton_0008.jpg,train/12 hr Mutton/12_hr_Mutton_0008.jpg,512998,cd4e1120c8090f0c4f8cc5ca163a5792
train,12 hr Mutton,12_hr_Mutton_0009.jpg,train/12 hr Mutton/12_hr_Mutton_0009.jpg,546499,e8f77fe9ac1bc924a5b987796f32c5ac
train,12 hr Mutton,12_hr_Mutton_0010.jpg,train/12 hr Mutton/12_hr_Mutton_0010.jpg,441079,9db7a3c005f6b4165f615634347adb4c
train,12 hr Mutton,12_hr_Mutton_0011.jpg,train/12 hr Mutton/12_hr_Mutton_0011.jpg,516540,612260160cea1e5d8c5b8cc88e33db42
train,12 hr Mutton,12_hr_Mutton_0012.jpg,train/12 hr Mutton/12_hr_Mutton_0012.jpg,450314,562c66b87014c4b2e9007ed102a920ad
train,12 hr Mutton,12_hr_Mutton_0013.jpg,train/12 hr Mutton/12_hr_Mutton_0013.jpg,473051,b4058fda3e972b6b882859690d1a70ce
train,12 hr Mutton,12_hr_Mutton_0014.jpg,train/12 hr Mutton/12_hr_Mutton_0014.jpg,512500,264ffbf2175dbeafc8a77575aa9ce80a
train,12 hr Mutton,12_hr_Mutton_0015.jpg,train/12 hr Mutton/12_hr_Mutton_0015.jpg,479545,5d82ffef4bcab4d48bec6d25f71df3db
train,12 hr Mutton,12_hr_Mutton_0016.jpg,train/12 hr Mutton/12_hr_Mutton_0016.jpg,464945,0fa695ef31bf34a445c32882d9de13fb
train,12 hr Mutton,12_hr_Mutton_0017.jpg,train/12 hr Mutton/12_hr_Mutton_0017.jpg,435923,6785e19a06a47d098c5c6e8d2159737c
train,12 hr Mutton,12_hr_Mutton_0018.jpg,train/12 hr Mutton/12_hr_Mutton_0018.jpg,498219,358f6cda3051cfb6ddd082acd3e5dc33
train,12 hr Mutton,12_hr_Mutton_0019.jpg,train/12 hr Mutton/12_hr_Mutton_0019.jpg,526634,602d417e09bc93d9d0e62f37d60425af
train,12 hr Mutton,12_hr_Mutton_0020.jpg,train/12 hr Mutton/12_hr_Mutton_0020.jpg,500476,c732f92fec72c881b7896c761bec43e0
train,12 hr Mutton,12_hr_Mutton_0021.jpg,train/12 hr Mutton/12_hr_Mutton_0021.jpg,433541,42a374a25e83d06d3bd747a4d6af928b
train,12 hr Mutton,12_hr_Mutton_0022.jpg,train/12 hr Mutton/12_hr_Mutton_0022.jpg,443261,841c23a6cee9faff41a6124c5ce2230b
train,12 hr Mutton,12_hr_Mutton_0023.jpg,train/12 hr Mutton/12_hr_Mutton_0023.jpg,509350,dcd8fcc78c5b456bfee69fd5c9e46810
train,12 hr Mutton,12_hr_Mutton_0024.jpg,train/12 hr Mutton/12_hr_Mutton_0024.jpg,523084,97beed46265b9e4a44495b55b99364a0
train,12 hr Mutton,12_hr_Mutton_0025.jpg,train/12 hr Mutton/12_hr_Mutton_0025.jpg,475387,82bdaef0a0418ea622aefe76804ec162
train,12 hr Mutton,12_hr_Mutton_0026.jpg,train/12 hr Mutton/12_hr_Mutton_0026.jpg,462963,f8e447377611e137f89ad50a6100e758
train,12 hr Mutton,12_hr_Mutton_0027.jpg,train/12 hr Mutton/12_hr_Mutton_0027.jpg,532062,d68de0e8cea61d0c114337ceb9a78652
train,12 hr Mutton,12_hr_Mutton_0028.jpg,train/12 hr Mutton/12_hr_Mutton_0028.jpg,447548,43d197adad1c8c6e65c7ac48ffbc1d57
train,12 hr Mutton,12_hr_Mutton_0029.jpg,train/12 hr Mutton/12_hr_Mutton_0029.jpg,506967,646ee33f7e538b0c11c07e4a0f677185
train,12 hr Mutton,12_hr_Mutton_0030.jpg,train/12 hr Mutton/12_hr_Mutton_0030.jpg,459579,98cd5c07be1601772c581eda9bb5071d
train,12 hr Mutton,12_hr_Mutton_0031.jpg,train/12 hr Mutton/12_hr_Mutton_0031.jpg,460484,a757d80a53d0246fe6a87f96c629cb18
train,12 hr Mutton,12_hr_Mutton_0032.jpg,train/12 hr Mutton/12_hr_Mutton_0032.jpg,466026,eecb2072a72f1cb8c0e9d0b5bb950a7d
train,12 hr Mutton,12_hr_Mutton_0033.jpg,train/12 hr Mutton/12_hr_Mutton_0033.jpg,504796,9a11cdf5efae4ce77e20edd66df7302a
train,12 hr Mutton,12_hr_Mutton_0034.jpg,train/12 hr Mutton/12_hr_Mutton_0034.jpg,456826,b2487d4259436ba25ba0f310b7035719
train,12 hr Mutton,12_hr_Mutton_0035.jpg,train/12 hr Mutton/12_hr_Mutton_0035.jpg,465297,3b648d97469c8ddb0f711f10593eb0e6
train,12 hr Mutton,12_hr_Mutton_0036.jpg,train/12 hr Mutton/12_hr_Mutton_0036.jpg,470493,ce0d273b90e22ad31fce6f1a1bca5dff
train,12 hr Mutton,12_hr_Mutton_0037.jpg,train/12 hr Mutton/12_hr_Mutton_0037.jpg,597716,3e20bba4496804c89ae724f0d2d83581
train,12 hr Mutton,12_hr_Mutton_0038.jpg,train/12 hr Mutton/12_hr_Mutton_0038.jpg,526664,9140aa0cd57efece7799da6fa022234e
train,12 hr Mutton,12_hr_Mutton_0039.jpg,train/12 hr Mutton/12_hr_Mutton_0039.jpg,471805,0d3d9d824a2d20910d6947ec55462b8d
train,12 hr Mutton,12_hr_Mutton_0040.jpg,train/12 hr Mutton/12_hr_Mutton_0040.jpg,498229,668b0963be28e635741a9c600e298b9c
train,12 hr Mutton,12_hr_Mutton_0041.jpg,train/12 hr Mutton/12_hr_Mutton_0041.jpg,507165,3a916aed7b7390aff84b95efece36c7f
train,12 hr Mutton,12_hr_Mutton_0042.jpg,train/12 hr Mutton/12_hr_Mutton_0042.jpg,515238,cff56cc225cfbd1f80c55c77c7a7dc2c
train,12 hr Mutton,12_hr_Mutton_0043.jpg,train/12 hr Mutton/12_hr_Mutton_0043.jpg,547187,90f36e813a9afe217a236027ac3a4030
train,12 hr Mutton,12_hr_Mutton_0044.jpg,train/12 hr Mutton/12_hr_Mutton_0044.jpg,464468,ccb44c2fac5a31ea735bfcd33d82b58d
train,12 hr Mutton,12_hr_Mutton_0045.jpg,train/12 hr Mutton/12_hr_Mutton_0045.jpg,427046,7c1bcd8e80d6bc04c589b6dc1b528934
train,12 hr Mutton,12_hr_Mutton_0046.jpg,train/12 hr Mutton/12_hr_Mutton_0046.jpg,507155,0e1102898ba25a5e21502ea5703fd0af
train,12 hr Mutton,12_hr_Mutton_0047.jpg,train/12 hr Mutton/12_hr_Mutton_0047.jpg,557440,3884b373c8589a458e7710edc5e81b1d
train,12 hr Mutton,12_hr_Mutton_0048.jpg,train/12 hr Mutton/12_hr_Mutton_0048.jpg,533497,a21947185d664ff5c8dc1526b7c5d97a
train,12 hr Mutton,12_hr_Mutton_0049.jpg,train/12 hr Mutton/12_hr_Mutton_0049.jpg,442797,1ec8de5546dfafad59ceec628b572a1c
train,12 hr Mutton,12_hr_Mutton_0050.jpg,train/12 hr Mutton/12_hr_Mutton_0050.jpg,522010,1cecda56a37ec03ef722e537ce667778
train,12 hr Mutton,12_hr_Mutton_0051.jpg,train/12 hr Mutton/12_hr_Mutton_0051.jpg,500874,afc21046d1fa8bc48c1a152c80b0fb03
train,12 hr Mutton,12_hr_Mutton_0052.jpg,train/12 hr Mutton/12_hr_Mutton_0052.jpg,472489,b531246ddca898eeac4bd4d5b2e0eef6
train,12 hr Mutton,12_hr_Mutton_0053.jpg,train/12 hr Mutton/12_hr_Mutton_0053.jpg,450840,2070a4142f34be46284f4f2882821dd7
train,12 hr Mutton,12_hr_Mutton_0054.jpg,train/12 hr Mutton/12_hr_Mutton_0054.jpg,479970,0ff1a0d8b35943ee256972e5419e6300
train,12 hr Mutton,12_hr_Mutton_0055.jpg,train/12 hr Mutton/12_hr_Mutton_0055.jpg,539256,82808d009cd1d650c9dd5890d1f14aed
train,12 hr Mutton,12_hr_Mutton_0056.jpg,train/12 hr Mutton/12_hr_Mutton_0056.jpg,541520,7e2d1c2d43fa3bf65872ece2f654de41
train,12 hr Mutton,12_hr_Mutton_0057.jpg,train/12 hr Mutton/12_hr_Mutton_0057.jpg,512257,26e8f4648bc415eeb294ae10ff2c94f8
train,12 hr Mutton,12_hr_Mutton_0058.jpg,train/12 hr Mutton/12_hr_Mutton_0058.jpg,439291,ab587da9f19f12e66237e13ea2a5398f
train,12 hr Mutton,12_hr_Mutton_0059.jpg,train/12 hr Mutton/12_hr_Mutton_0059.jpg,462918,6ddc0d11082839d1411f8a8f555a136c
train,12 hr Mutton,12_hr_Mutton_0060.jpg,train/12 hr Mutton/12_hr_Mutton_0060.jpg,558947,7ddfc1d324097f61029a42798ab233e5
train,12 hr Mutton,12_hr_Mutton_0061.jpg,train/12 hr Mutton/12_hr_Mutton_0061.jpg,458097,72905b9f2bd08aa2e3a242432988b0a7
train,12 hr Mutton,12_hr_Mutton_0062.jpg,train/12 hr Mutton/12_hr_Mutton_0062.jpg,459302,b3cb68047821f9907653d68b042ca390
train,12 hr Mutton,12_hr_Mutton_0063.jpg,train/12 hr Mutton/12_hr_Mutton_0063.jpg,527023,cea1538c8a0efeb0c456d4f45903484d
train,12 hr Mutton,12_hr_Mutton_0064.jpg,train/12 hr Mutton/12_hr_Mutton_0064.jpg,441694,3563fd9ea0014bf9b9a8b91a154e78ae
train,12 hr Mutton,12_hr_Mutton_0065.jpg,train/12 hr Mutton/12_hr_Mutton_0065.jpg,511800,c5eac8265e50c64051d34ef0a9b0c669
train,12 hr Mutton,12_hr_Mutton_0066.jpg,train/12 hr Mutton/12_hr_Mutton_0066.jpg,542897,c6db3b41f09acf5ec0c9b3e186f6907f
train,12 hr Mutton,12_hr_Mutton_0067.jpg,train/12 hr Mutton/12_hr_Mutton_0067.jpg,411149,89a7285a1d95cccc2717814581f2fc76
train,12 hr Mutton,12_hr_Mutton_0068.jpg,train/12 hr Mutton/12_hr_Mutton_0068.jpg,526668,7b6d37dd265943f95939857dfe93d609
train,12 hr Mutton,12_hr_Mutton_0069.jpg,train/12 hr Mutton/12_hr_Mutton_0069.jpg,514603,49120468ed53d2ae37efb208b8088586
train,12 hr Mutton,12_hr_Mutton_0070.jpg,train/12 hr Mutton/12_hr_Mutton_0070.jpg,487021,26093c4116e3dacbaadae9c16d58bdfb
train,12 hr Mutton,12_hr_Mutton_0071.jpg,train/12 hr Mutton/12_hr_Mutton_0071.jpg,543819,9414fa854db55bd604d3423b74f67f72
train,12 hr Mutton,12_hr_Mutton_0072.jpg,train/12 hr Mutton/12_hr_Mutton_0072.jpg,488945,5dbafb2b8d075ca9f017e81640734691
train,12 hr Mutton,12_hr_Mutton_0073.jpg,train/12 hr Mutton/12_hr_Mutton_0073.jpg,474475,4cacd643342c87bccaa0ede26aa8857b
train,12 hr Mutton,12_hr_Mutton_0074.jpg,train/12 hr Mutton/12_hr_Mutton_0074.jpg,471667,ab4a49c312ac00a9c18e1efe4a6b7828
train,12 hr Mutton,12_hr_Mutton_0075.jpg,train/12 hr Mutton/12_hr_Mutton_0075.jpg,461894,58d6f3da3b711297070fde8a8b29e796
train,12 hr Mutton,12_hr_Mutton_0076.jpg,train/12 hr Mutton/12_hr_Mutton_0076.jpg,458121,6b951fc7ff401e7e5fa12f382cc6a95d
train,12 hr Mutton,12_hr_Mutton_0077.jpg,train/12 hr Mutton/12_hr_Mutton_0077.jpg,473551,db5248ad8f016cdd6a516ea82ea679e1
train,12 hr Mutton,12_hr_Mutton_0078.jpg,train/12 hr Mutton/12_hr_Mutton_0078.jpg,447627,90e0d52c764433ed38b210ae7ac4d576
train,12 hr Mutton,12_hr_Mutton_0079.jpg,train/12 hr Mutton/12_hr_Mutton_0079.jpg,465584,c1de2bca192a28c4cb3612524ef21956
train,12 hr Mutton,12_hr_Mutton_0080.jpg,train/12 hr Mutton/12_hr_Mutton_0080.jpg,411991,e9f71bf9d061eaba089443260fe7bfd9
train,12 hr Mutton,12_hr_Mutton_0081.jpg,train/12 hr Mutton/12_hr_Mutton_0081.jpg,517238,dbe132490a980936f2ebcfc0e2acbbf7
train,12 hr Mutton,12_hr_Mutton_0082.jpg,train/12 hr Mutton/12_hr_Mutton_0082.jpg,480552,9955f28bad948eea8b257fa84e0b490f
train,12 hr Mutton,12_hr_Mutton_0083.jpg,train/12 hr Mutton/12_hr_Mutton_0083.jpg,434159,23fb81b23a928830a9d8b505e14328e9
train,12 hr Mutton,12_hr_Mutton_0084.jpg,train/12 hr Mutton/12_hr_Mutton_0084.jpg,471590,09a45aa69e2b0bb73cb14689c0a6e028
train,12 hr Mutton,12_hr_Mutton_0085.jpg,train/12 hr Mutton/12_hr_Mutton_0085.jpg,454051,aa3b6d0423a88bdedbf919d11ec73786
train,12 hr Mutton,12_hr_Mutton_0086.jpg,train/12 hr Mutton/12_hr_Mutton_0086.jpg,515618,bbea5ff901a022ab11417981e39efbd3
train,12 hr Mutton,12_hr_Mutton_0087.jpg,train/12 hr Mutton/12_hr_Mutton_0087.jpg,447435,d5879707fc03614122b6c57ca7931ec2
train,12 hr Mutton,12_hr_Mutton_0088.jpg,train/12 hr Mutton/12_hr_Mutton_0088.jpg,432514,a6796fa8e5a0d9b04ab3c833a32ab12c
train,12 hr Mutton,12_hr_Mutton_0089.jpg,train/12 hr Mutton/12_hr_Mutton_0089.jpg,492594,bef05cb84e37da613a00eb2ac0be60cb
train,12 hr Mutton,12_hr_Mutton_0090.jpg,train/12 hr Mutton/12_hr_Mutton_0090.jpg,501773,03342ef5a9d01a6ed90b1a424e5f67b8
train,12 hr Mutton,12_hr_Mutton_0091.jpg,train/12 hr Mutton/12_hr_Mutton_0091.jpg,568169,c9987650c5c97845ec7d3509a11c88f2
train,12 hr Mutton,12_hr_Mutton_0092.jpg,train/12 hr Mutton/12_hr_Mutton_0092.jpg,549693,3e80b3a6a399f4dd6886f9dd5c4cc29f
train,12 hr Mutton,12_hr_Mutton_0093.jpg,train/12 hr Mutton/12_hr_Mutton_0093.jpg,483217,bc65301dc6fc50d584e520d47b825fb8
train,12 hr Mutton,12_hr_Mutton_0094.jpg,train/12 hr Mutton/12_hr_Mutton_0094.jpg,459738,b9bf723f763dd05e0336e02d0b7d6a67
train,12 hr Mutton,12_hr_Mutton_0095.jpg,train/12 hr Mutton/12_hr_Mutton_0095.jpg,471747,9d979ab4b3e49d6bce37e5490863ad37
train,12 hr Mutton,12_hr_Mutton_0096.jpg,train/12 hr Mutton/12_hr_Mutton_0096.jpg,456624,4420a5d4cc6d6d865f18c32161cc4da4
train,12 hr Mutton,12_hr_Mutton_0097.jpg,train/12 hr Mutton/12_hr_Mutton_0097.jpg,523982,fd80b5f937f26ad8bdcdabcedbbe3e4d
train,12 hr Mutton,12_hr_Mutton_0098.jpg,train/12 hr Mutton/12_hr_Mutton_0098.jpg,441856,9b7b75b49e0982e218fa85c51058efb9
train,12 hr Mutton,12_hr_Mutton_0099.jpg,train/12 hr Mutton/12_hr_Mutton_0099.jpg,457612,ac00dc7596e92c10eee5481cc67ddb7d
train,12 hr Mutton,12_hr_Mutton_0100.jpg,train/12 hr Mutton/12_hr_Mutton_0100.jpg,463503,e70cb7a2b6c7273b881f6c919412092f
train,12 hr Mutton,12_hr_Mutton_0101.jpg,train/12 hr Mutton/12_hr_Mutton_0101.jpg,448981,414e9f7dc50dd0bc0d29ca6d79243302
train,12 hr Mutton,12_hr_Mutton_0102.jpg,train/12 hr Mutton/12_hr_Mutton_0102.jpg,453269,4cc76cdfaa7861d74103a556181c4710
train,12 hr Mutton,12_hr_Mutton_0103.jpg,train/12 hr Mutton/12_hr_Mutton_0103.jpg,486672,efe607db9a9a49b9de525a6e3226c809
train,12 hr Mutton,12_hr_Mutton_0104.jpg,train/12 hr Mutton/12_hr_Mutton_0104.jpg,453985,94960d874dd67ae4cccc7f6803542dcd
train,12 hr Mutton,12_hr_Mutton_0105.jpg,train/12 hr Mutton/12_hr_Mutton_0105.jpg,394935,f7a9df60ceb0c4b0d6a9faba00139cc9
train,12 hr Mutton,12_hr_Mutton_0106.jpg,train/12 hr Mutton/12_hr_Mutton_0106.jpg,450720,c7c9fa7c7461723fdeec71b92db1bcac
train,12 hr Mutton,12_hr_Mutton_0107.jpg,train/12 hr Mutton/12_hr_Mutton_0107.jpg,503677,ab46d3dc0890d205f49d6d70948b1f57
train,12 hr Mutton,12_hr_Mutton_0108.jpg,train/12 hr Mutton/12_hr_Mutton_0108.jpg,413127,31367536791074de9657e0922b1cfa33
train,12 hr Mutton,12_hr_Mutton_0109.jpg,train/12 hr Mutton/12_hr_Mutton_0109.jpg,452917,c1c5ddbbccf624b52cf56056b90c1fcf
train,12 hr Mutton,12_hr_Mutton_0110.jpg,train/12 hr Mutton/12_hr_Mutton_0110.jpg,412550,c7e87aa93acb20118b80dffb118c8854
train,12 hr Mutton,12_hr_Mutton_0111.jpg,train/12 hr Mutton/12_hr_Mutton_0111.jpg,537672,454ec0fe5cc51597bb19478ff8bd332a
train,12 hr Mutton,12_hr_Mutton_0112.jpg,train/12 hr Mutton/12_hr_Mutton_0112.jpg,502541,3450c23e0ca09c7903094a1efb45a41e
train,12 hr Mutton,12_hr_Mutton_0113.jpg,train/12 hr Mutton/12_hr_Mutton_0113.jpg,438604,5398514b2cae4d28bc98492535d2d657
train,12 hr Mutton,12_hr_Mutton_0114.jpg,train/12 hr Mutton/12_hr_Mutton_0114.jpg,519082,3b9c5c956abadfb23c989d5f1489ed66
train,12 hr Mutton,12_hr_Mutton_0115.jpg,train/12 hr Mutton/12_hr_Mutton_0115.jpg,458674,61f7c559c5f67b228acd802df6e9feea
train,12 hr Mutton,12_hr_Mutton_0116.jpg,train/12 hr Mutton/12_hr_Mutton_0116.jpg,499444,d63c3ae7567251fc057638ae68c6a2e1
train,12 hr Mutton,12_hr_Mutton_0117.jpg,train/12 hr Mutton/12_hr_Mutton_0117.jpg,485086,635066ceb38d93fdb5a443056aad46d2
train,12 hr Mutton,12_hr_Mutton_0118.jpg,train/12 hr Mutton/12_hr_Mutton_0118.jpg,451347,0c00c37e3bc92bde11502123da91ccbb
train,12 hr Mutton,12_hr_Mutton_0119.jpg,train/12 hr Mutton/12_hr_Mutton_0119.jpg,494351,211fab18e3f027a9e38e87b9e8014b1e
train,12 hr Mutton,12_hr_Mutton_0120.jpg,train/12 hr Mutton/12_hr_Mutton_0120.jpg,493830,f86702c335671412983ed9ac350b4dfa
train,12 hr Mutton,12_hr_Mutton_0121.jpg,train/12 hr Mutton/12_hr_Mutton_0121.jpg,453624,65d4c5185dc525a74c87fff5f056926e
train,12 hr Mutton,12_hr_Mutton_0122.jpg,train/12 hr Mutton/12_hr_Mutton_0122.jpg,407780,0feeff99edc32ac3e96699bea2908682
train,12 hr Mutton,12_hr_Mutton_0123.jpg,train/12 hr Mutton/12_hr_Mutton_0123.jpg,444913,369828341b909bd6d0095d51d26872cb
train,12 hr Mutton,12_hr_Mutton_0124.jpg,train/12 hr Mutton/12_hr_Mutton_0124.jpg,416523,e123b4ecef3e637ebe7299b0691184f9
train,12 hr Mutton,12_hr_Mutton_0125.jpg,train/12 hr Mutton/12_hr_Mutton_0125.jpg,547281,fa3c3a872922649d56be91b6e4c1da35
train,12 hr Mutton,12_hr_Mutton_0126.jpg,train/12 hr Mutton/12_hr_Mutton_0126.jpg,448499,e171053e8b62f1fd634d100a2968ee1f
train,12 hr Mutton,12_hr_Mutton_0127.jpg,train/12 hr Mutton/12_hr_Mutton_0127.jpg,533778,ea141600e6ad37df989c5a33c502e4ea
train,12 hr Mutton,12_hr_Mutton_0128.jpg,train/12 hr Mutton/12_hr_Mutton_0128.jpg,478254,5d5f0317d4b81cde62e9b6fb76a03052
train,12 hr Mutton,12_hr_Mutton_0129.jpg,train/12 hr Mutton/12_hr_Mutton_0129.jpg,462616,cf925f7b3867b3fde8f70f5e434a11f1
train,12 hr Mutton,12_hr_Mutton_0130.jpg,train/12 hr Mutton/12_hr_Mutton_0130.jpg,527247,520a1b03480b4a00ec47b5c267a1f0e3
train,12 hr Mutton,12_hr_Mutton_0131.jpg,train/12 hr Mutton/12_hr_Mutton_0131.jpg,448489,99ff25169e2437e54cf8c152beff35dd
train,12 hr Mutton,12_hr_Mutton_0132.jpg,train/12 hr Mutton/12_hr_Mutton_0132.jpg,516327,9c461c5b50b4225cdb874dec2a1c05bb
train,12 hr Mutton,12_hr_Mutton_0133.jpg,train/12 hr Mutton/12_hr_Mutton_0133.jpg,559567,406745f72eaa632521f165c4fde59670
train,12 hr Mutton,12_hr_Mutton_0134.jpg,train/12 hr Mutton/12_hr_Mutton_0134.jpg,506591,bb0842b4a38bffa50572501312101ece
train,12 hr Mutton,12_hr_Mutton_0135.jpg,train/12 hr Mutton/12_hr_Mutton_0135.jpg,545133,72ca848de753c9455c44ba2bb67d142e
train,12 hr Mutton,12_hr_Mutton_0136.jpg,train/12 hr Mutton/12_hr_Mutton_0136.jpg,508001,93e6d7961fce1359f03c7c2ce3da2f11
train,12 hr Mutton,12_hr_Mutton_0137.jpg,train/12 hr Mutton/12_hr_Mutton_0137.jpg,531709,c46b275223b5a7793d0949f140089ae2
train,12 hr Mutton,12_hr_Mutton_0138.jpg,train/12 hr Mutton/12_hr_Mutton_0138.jpg,505798,3af636da10c36d4445f831e1b1880353
train,12 hr Mutton,12_hr_Mutton_0139.jpg,train/12 hr Mutton/12_hr_Mutton_0139.jpg,508020,d81379b1b1ccd4fb65aa816c81e3845b
train,12 hr Mutton,12_hr_Mutton_0140.jpg,train/12 hr Mutton/12_hr_Mutton_0140.jpg,408020,9611497676537580734ed54f4d86b266
train,12 hr Mutton,12_hr_Mutton_0141.jpg,train/12 hr Mutton/12_hr_Mutton_0141.jpg,466085,c576028324b0818ad9399062f2f95b59
train,12 hr Mutton,12_hr_Mutton_0142.jpg,train/12 hr Mutton/12_hr_Mutton_0142.jpg,464366,8c8c3716e3c4e576caf2601ef3da10f8
train,12 hr Mutton,12_hr_Mutton_0143.jpg,train/12 hr Mutton/12_hr_Mutton_0143.jpg,490803,b3455f2e816774a54ff3cce11535d14f
train,12 hr Mutton,12_hr_Mutton_0144.jpg,train/12 hr Mutton/12_hr_Mutton_0144.jpg,526505,5fd69fc43d3269ca7dc6afca4f9b0e60
train,12 hr Mutton,12_hr_Mutton_0145.jpg,train/12 hr Mutton/12_hr_Mutton_0145.jpg,494319,4944a5d91ca6a3c369866bb9050685b1
train,24 hr Beef,24_hr_Beef_0000.jpg,train/24 hr Beef/24_hr_Beef_0000.jpg,422853,5c919483f797abbec9620c601dab90c2
train,24 hr Beef,24_hr_Beef_0001.jpg,train/24 hr Beef/24_hr_Beef_0001.jpg,506969,9d2e02e9632d316f8cb712762f09fdf4
train,24 hr Beef,24_hr_Beef_0002.jpg,train/24 hr Beef/24_hr_Beef_0002.jpg,483193,6e8a1e3728b51e26a709a1017dedff8c
train,24 hr Beef,24_hr_Beef_0003.jpg,train/24 hr Beef/24_hr_Beef_0003.jpg,472506,83f270bc3bf069636d188c8f33fd9bfa
train,24 hr Beef,24_hr_Beef_0004.jpg,train/24 hr Beef/24_hr_Beef_0004.jpg,481552,4da1e886b1cf468cd5824dfb54a9981a
train,24 hr Beef,24_hr_Beef_0005.jpg,train/24 hr Beef/24_hr_Beef_0005.jpg,457297,3d58ab7c76ad38043f07c2f01f373ce8
train,24 hr Beef,24_hr_Beef_0006.jpg,train/24 hr Beef/24_hr_Beef_0006.jpg,480813,fc2217d7d0d0b66bce451b5a336ea33e
train,24 hr Beef,24_hr_Beef_0007.jpg,train/24 hr Beef/24_hr_Beef_0007.jpg,516664,a6bdca449dee425547211afc8e2217ae
train,24 hr Beef,24_hr_Beef_0008.jpg,train/24 hr Beef/24_hr_Beef_0008.jpg,481940,1a3416c1e2a54ae6e99f856ea61fb895
train,24 hr Beef,24_hr_Beef_0009.jpg,train/24 hr Beef/24_hr_Beef_0009.jpg,411984,14ea72af270e1e82330f8ca395bd14e2
train,24 hr Beef,24_hr_Beef_0010.jpg,train/24 hr Beef/24_hr_Beef_0010.jpg,553171,93dae2a140af1ec4197535a9ffea3a42
train,24 hr Beef,24_hr_Beef_0011.jpg,train/24 hr Beef/24_hr_Beef_0011.jpg,576147,00971bbf391c8c2947aa4fccf1750768
train,24 hr Beef,24_hr_Beef_0012.jpg,train/24 hr Beef/24_hr_Beef_0012.jpg,465896,170ce3d9380b4eb9f3b857ffe6071b96
train,24 hr Beef,24_hr_Beef_0013.jpg,train/24 hr Beef/24_hr_Beef_0013.jpg,435826,259adad9e506e9e2b90d0d31037a86b0
train,24 hr Beef,24_hr_Beef_0014.jpg,train/24 hr Beef/24_hr_Beef_0014.jpg,456126,5eb9994da8ba114174055f96499b7901
train,24 hr Beef,24_hr_Beef_0015.jpg,train/24 hr Beef/24_hr_Beef_0015.jpg,551330,a248fe747c97d637e1cd67b82359eac1
train,24 hr Beef,24_hr_Beef_0016.jpg,train/24 hr Beef/24_hr_Beef_0016.jpg,554731,f308063ad8efb69af388cd2c856d5425
train,24 hr Beef,24_hr_Beef_0017.jpg,train/24 hr Beef/24_hr_Beef_0017.jpg,510338,2834ef89beb02eee10d27ef7de9271cb
train,24 hr Beef,24_hr_Beef_0018.jpg,train/24 hr Beef/24_hr_Beef_0018.jpg,511481,d352059ede66ffb7f2bc05d0294c93a8
train,24 hr Beef,24_hr_Beef_0019.jpg,train/24 hr Beef/24_hr_Beef_0019.jpg,537782,975aa8d27cff501fa60abe5f8c03b080
train,24 hr Beef,24_hr_Beef_0020.jpg,train/24 hr Beef/24_hr_Beef_0020.jpg,469537,fc0c56307d528c926790ba8ceb33f5e1
train,24 hr Beef,24_hr_Beef_0021.jpg,train/24 hr Beef/24_hr_Beef_0021.jpg,491291,46be7992dee7bb0607dac816b3685c96
train,24 hr Beef,24_hr_Beef_0022.jpg,train/24 hr Beef/24_hr_Beef_0022.jpg,498463,95215fbeba719b479938de2318de2913
train,24 hr Beef,24_hr_Beef_0023.jpg,train/24 hr Beef/24_hr_Beef_0023.jpg,466731,237f43c0bc9d799c004d40c5aec7e5fb
train,24 hr Beef,24_hr_Beef_0024.jpg,train/24 hr Beef/24_hr_Beef_0024.jpg,515887,b211a0978a906f745527c956f5084172
train,24 hr Beef,24_hr_Beef_0025.jpg,train/24 hr Beef/24_hr_Beef_0025.jpg,451054,1784e2671cfecd2d06c8f0152f1a5782
train,24 hr Beef,24_hr_Beef_0026.jpg,train/24 hr Beef/24_hr_Beef_0026.jpg,581791,d82da09eb9fad837f04c035afa58a4b4
train,24 hr Beef,24_hr_Beef_0027.jpg,train/24 hr Beef/24_hr_Beef_0027.jpg,504846,01f2c96a28c9334c9e1e843ed500f277
train,24 hr Beef,24_hr_Beef_0028.jpg,train/24 hr Beef/24_hr_Beef_0028.jpg,421315,16ad6d1ae7f06caa608f9312e37ca0f6
train,24 hr Beef,24_hr_Beef_0029.jpg,train/24 hr Beef/24_hr_Beef_0029.jpg,464293,45f4742c47bb21d9b8b3263029bae344
train,24 hr Beef,24_hr_Beef_0030.jpg,train/24 hr Beef/24_hr_Beef_0030.jpg,410618,e817738524d46abdbe07b0db5d56b6d0
train,24 hr Beef,24_hr_Beef_0031.jpg,train/24 hr Beef/24_hr_Beef_0031.jpg,472340,06ffb15edba0969bdc0dc2e77cd676e7
train,24 hr Beef,24_hr_Beef_0032.jpg,train/24 hr Beef/24_hr_Beef_0032.jpg,575490,a9bf730f3fa66c1d87126f8df79cf841
train,24 hr Beef,24_hr_Beef_0033.jpg,train/24 hr Beef/24_hr_Beef_0033.jpg,416664,7486f6e4a9002a2045e4b07124c27844
train,24 hr Beef,24_hr_Beef_0034.jpg,train/24 hr Beef/24_hr_Beef_0034.jpg,477929,2d0db756b65ecdfb938f4ced1c10bd41
train,24 hr Beef,24_hr_Beef_0035.jpg,train/24 hr Beef/24_hr_Beef_0035.jpg,502485,88adcc3e7e15980bc59522c003cdc1a5
train,24 hr Beef,24_hr_Beef_0036.jpg,train/24 hr Beef/24_hr_Beef_0036.jpg,490563,c201cee1b81ce53c18a92fb51a79b08b
train,24 hr Beef,24_hr_Beef_0037.jpg,train/24 hr Beef/24_hr_Beef_0037.jpg,535238,016c6f873fc18bc3dd114178dd3cdc5c
train,24 hr Beef,24_hr_Beef_0038.jpg,train/24 hr Beef/24_hr_Beef_0038.jpg,482043,e2b7a342658dd5db9b03c5d95ef14530
train,24 hr Beef,24_hr_Beef_0039.jpg,train/24 hr Beef/24_hr_Beef_0039.jpg,490479,77720d515ffdef208fc3f9ed1239a5d6
train,24 hr Beef,24_hr_Beef_0040.jpg,train/24 hr Beef/24_hr_Beef_0040.jpg,543585,27b29af424c4eba4105d5ef6b67f89db
train,24 hr Beef,24_hr_Beef_0041.jpg,train/24 hr Beef/24_hr_Beef_0041.jpg,469528,38fc5d62c75216836ef002119ba1dc8d
train,24 hr Beef,24_hr_Beef_0042.jpg,train/24 hr Beef/24_hr_Beef_0042.jpg,477805,d87aa0190321c198b482151cb11e5cf4
train,24 hr Beef,24_hr_Beef_0043.jpg,train/24 hr Beef/24_hr_Beef_0043.jpg,552691,a9c3c5b3fdb4eda36a3579cf8e64315f
train,24 hr Beef,24_hr_Beef_0044.jpg,train/24 hr Beef/24_hr_Beef_0044.jpg,475773,3acdeff5e196f7d8f514f0f900439fca
train,24 hr Beef,24_hr_Beef_0045.jpg,train/24 hr Beef/24_hr_Beef_0045.jpg,565475,b59b02b23d82a20083b4694c02ee1e5a
train,24 hr Beef,24_hr_Beef_0046.jpg,train/24 hr Beef/24_hr_Beef_0046.jpg,547592,96c31c6275bf59a7c66c409cf0a00426
train,24 hr Beef,24_hr_Beef_0047.jpg,train/24 hr Beef/24_hr_Beef_0047.jpg,576648,6238c655618d5d40dd28c214c6e52503
train,24 hr Beef,24_hr_Beef_0048.jpg,train/24 hr Beef/24_hr_Beef_0048.jpg,490731,5bf9d240b864031ac623d7e8a8f2a6d9
train,24 hr Beef,24_hr_Beef_0049.jpg,train/24 hr Beef/24_hr_Beef_0049.jpg,463526,b62098c94c56f70a92811d48b950cff0
train,24 hr Beef,24_hr_Beef_0050.jpg,train/24 hr Beef/24_hr_Beef_0050.jpg,508708,5894817acaa32919ac86c9271d002a45
train,24 hr Beef,24_hr_Beef_0051.jpg,train/24 hr Beef/24_hr_Beef_0051.jpg,455811,98c5be25c1ac0d6d6424cfda28eb1c41
train,24 hr Beef,24_hr_Beef_0052.jpg,train/24 hr Beef/24_hr_Beef_0052.jpg,427587,57817c44a15900e4ec0a35de720030b4
train,24 hr Beef,24_hr_Beef_0053.jpg,train/24 hr Beef/24_hr_Beef_0053.jpg,417363,0a438dc4c6d19c823eefe0cc4505f129
train,24 hr Beef,24_hr_Beef_0054.jpg,train/24 hr Beef/24_hr_Beef_0054.jpg,466630,943128d33dc1eeada6bf843f1c281954
train,24 hr Beef,24_hr_Beef_0055.jpg,train/24 hr Beef/24_hr_Beef_0055.jpg,472004,a3653b890319ca67f744971db9460248
train,24 hr Beef,24_hr_Beef_0056.jpg,train/24 hr Beef/24_hr_Beef_0056.jpg,468709,766572ef3885a8b5d476b7dff600974c
train,24 hr Beef,24_hr_Beef_0057.jpg,train/24 hr Beef/24_hr_Beef_0057.jpg,531453,4d5c2797e8650da7c4ae2cb1549d2023
train,24 hr Beef,24_hr_Beef_0058.jpg,train/24 hr Beef/24_hr_Beef_0058.jpg,554061,2fa2094b87ea2c245f0c458d44992b3c
train,24 hr Beef,24_hr_Beef_0059.jpg,train/24 hr Beef/24_hr_Beef_0059.jpg,481810,bc83a71730a7b4fe3108190bc8a3c192
train,24 hr Beef,24_hr_Beef_0060.jpg,train/24 hr Beef/24_hr_Beef_0060.jpg,495421,f3238ea2a74580fe61ab491eee7cf6b0
train,24 hr Beef,24_hr_Beef_0061.jpg,train/24 hr Beef/24_hr_Beef_0061.jpg,552018,135c7c97b949faf1bb6d461355fb35a3
train,24 hr Beef,24_hr_Beef_0062.jpg,train/24 hr Beef/24_hr_Beef_0062.jpg,487566,7b1e0aa9017a19c1faa17f72f6c86eb5
train,24 hr Beef,24_hr_Beef_0063.jpg,train/24 hr Beef/24_hr_Beef_0063.jpg,579356,c4a3e40286224c0f7757f041903eb77f
train,24 hr Beef,24_hr_Beef_0064.jpg,train/24 hr Beef/24_hr_Beef_0064.jpg,464315,a771e9b4fef017bd1293f0df7d9992b1
train,24 hr Beef,24_hr_Beef_0065.jpg,train/24 hr Beef/24_hr_Beef_0065.jpg,429632,9fad20ad93b65a141926ba797976948f
train,24 hr Beef,24_hr_Beef_0066.jpg,train/24 hr Beef/24_hr_Beef_0066.jpg,435658,dfdd1e4ea13942b205cf1d77edc6d27a
train,24 hr Beef,24_hr_Beef_0067.jpg,train/24 hr Beef/24_hr_Beef_0067.jpg,488239,3834936033c2dbe06081ea0da8a60be8
train,24 hr Beef,24_hr_Beef_0068.jpg,train/24 hr Beef/24_hr_Beef_0068.jpg,534720,4b621d61c3c8927c2cd3e4216f694254
train,24 hr Beef,24_hr_Beef_0069.jpg,train/24 hr Beef/24_hr_Beef_0069.jpg,434294,99625530d06ba017ead7de39eb892a15
train,24 hr Beef,24_hr_Beef_0070.jpg,train/24 hr Beef/24_hr_Beef_0070.jpg,556781,e230a09f59d37b594febb653e647fbc9
train,24 hr Beef,24_hr_Beef_0071.jpg,train/24 hr Beef/24_hr_Beef_0071.jpg,487597,765a9fddaaa556e7cde24f2b068e5bcd
train,24 hr Beef,24_hr_Beef_0072.jpg,train/24 hr Beef/24_hr_Beef_0072.jpg,440608,48ea4807d6f83cf2229d9a6e199842af
train,24 hr Beef,24_hr_Beef_0073.jpg,train/24 hr Beef/24_hr_Beef_0073.jpg,510681,5ca7226bdbf5577149955c584754e7fd
train,24 hr Beef,24_hr_Beef_0074.jpg,train/24 hr Beef/24_hr_Beef_0074.jpg,478512,339e78d1b75ae0b244a21a3afb4c1c50
train,24 hr Beef,24_hr_Beef_0075.jpg,train/24 hr Beef/24_hr_Beef_0075.jpg,547557,9d9b5f687e4f2ec3a1422c7f51c7b955
train,24 hr Beef,24_hr_Beef_0076.jpg,train/24 hr Beef/24_hr_Beef_0076.jpg,485852,7fa9bf74db891a35009a89899032fe58
train,24 hr Beef,24_hr_Beef_0077.jpg,train/24 hr Beef/24_hr_Beef_0077.jpg,409016,3395a713d21d601a42d0d5a1e954ef67
train,24 hr Beef,24_hr_Beef_0078.jpg,train/24 hr Beef/24_hr_Beef_0078.jpg,580897,7096c8b9c6b76f50294e7891b26bd725
train,24 hr Beef,24_hr_Beef_0079.jpg,train/24 hr Beef/24_hr_Beef_0079.jpg,534147,64d01d5ac025376d8565555e25399b88
train,24 hr Beef,24_hr_Beef_0080.jpg,train/24 hr Beef/24_hr_Beef_0080.jpg,458766,dcefc09c71388cc3921c304a00da9d1c
train,24 hr Beef,24_hr_Beef_0081.jpg,train/24 hr Beef/24_hr_Beef_0081.jpg,476341,98b248d6f07f8a261aa4f5ee2508319a
train,24 hr Beef,24_hr_Beef_0082.jpg,train/24 hr Beef/24_hr_Beef_0082.jpg,523668,4b9c34710b05aa1ed6c9afb2462ff3aa
train,24 hr Beef,24_hr_Beef_0083.jpg,train/24 hr Beef/24_hr_Beef_0083.jpg,408948,07e1549f7991648bc91cc39dd67e3a42
train,24 hr Beef,24_hr_Beef_0084.jpg,train/24 hr Beef/24_hr_Beef_0084.jpg,506906,33fe930496a366f300b0938afccfcdb6
train,24 hr Beef,24_hr_Beef_0085.jpg,train/24 hr Beef/24_hr_Beef_0085.jpg,479086,448a2336d78004a5c0232c12bc32b76f
train,24 hr Beef,24_hr_Beef_0086.jpg,train/24 hr Beef/24_hr_Beef_0086.jpg,464529,89453a6115ab1c03b40f9968459a6436
train,24 hr Beef,24_hr_Beef_0087.jpg,train/24 hr Beef/24_hr_Beef_0087.jpg,513415,c794335c34572d4a550eceed15f028d3
train,24 hr Beef,24_hr_Beef_0088.jpg,train/24 hr Beef/24_hr_Beef_0088.jpg,576880,e92bd5a2ceba41210b18fc789f6ccba3
train,24 hr Beef,24_hr_Beef_0089.jpg,train/24 hr Beef/24_hr_Beef_0089.jpg,422796,37b8feb98764cb95cd68bac0bb942aa3
train,24 hr Beef,24_hr_Beef_0090.jpg,train/24 hr Beef/24_hr_Beef_0090.jpg,563139,2baaf65e63238f3a58cf0539edd25100
train,24 hr Beef,24_hr_Beef_0091.jpg,train/24 hr Beef/24_hr_Beef_0091.jpg,432604,64fa89984b2a4e5215feda4fa2113919
train,24 hr Beef,24_hr_Beef_0092.jpg,train/24 hr Beef/24_hr_Beef_0092.jpg,497062,5b8a464348849b91e56f317eae2c26f3
train,24 hr Beef,24_hr_Beef_0093.jpg,train/24 hr Beef/24_hr_Beef_0093.jpg,460122,f9ce8fc2faea740f497ac9b0c13e5a8a
train,24 hr Beef,24_hr_Beef_0094.jpg,train/24 hr Beef/24_hr_Beef_0094.jpg,528856,a5543ca8da262201460eeb5a5f7f51bb
train,24 hr Beef,24_hr_Beef_0095.jpg,train/24 hr Beef/24_hr_Beef_0095.jpg,528234,265dc0cf21ec4ca00df2105d3692a0a0
train,24 hr Beef,24_hr_Beef_0096.jpg,train/24 hr Beef/24_hr_Beef_0096.jpg,512515,884c9ef6680248c870e75417268ea800
train,24 hr Beef,24_hr_Beef_0097.jpg,train/24 hr Beef/24_hr_Beef_0097.jpg,565736,32153aa86df5f20628786e60c5e5a84b
train,24 hr Beef,24_hr_Beef_0098.jpg,train/24 hr Beef/24_hr_Beef_0098.jpg,458257,7b64dfddf3314258eadf33131d608624
train,24 hr Beef,24_hr_Beef_0099.jpg,train/24 hr Beef/24_hr_Beef_0099.jpg,572745,e97f514fa4fa4fd39a9c059397b7c1f9
train,24 hr Beef,24_hr_Beef_0100.jpg,train/24 hr Beef/24_hr_Beef_0100.jpg,485771,08eddd78ff88ef472a8762d0506b9c6a
train,24 hr Beef,24_hr_Beef_0101.jpg,train/24 hr Beef/24_hr_Beef_0101.jpg,482045,c470a314098482b6b44a9095eb631d6e
train,24 hr Beef,24_hr_Beef_0102.jpg,train/24 hr Beef/24_hr_Beef_0102.jpg,504449,0d1aee042038d04ef1dd52bf168d9aaf
train,24 hr Beef,24_hr_Beef_0103.jpg,train/24 hr Beef/24_hr_Beef_0103.jpg,434430,44b8115e649f7bb4ddfea1ddf7272cb3
train,24 hr Beef,24_hr_Beef_0104.jpg,train/24 hr Beef/24_hr_Beef_0104.jpg,464209,190287483f9b3a31bf2c8fdf6688214b
train,24 hr Beef,24_hr_Beef_0105.jpg,train/24 hr Beef/24_hr_Beef_0105.jpg,457046,bb93d056ee18460b405c1099bd135474
train,24 hr Beef,24_hr_Beef_0106.jpg,train/24 hr Beef/24_hr_Beef_0106.jpg,600216,94f56436c3edaa4e6fbe646724682ff8
train,24 hr Beef,24_hr_Beef_0107.jpg,train/24 hr Beef/24_hr_Beef_0107.jpg,489488,1725f34a745a704ad60f6349a37b8492
train,24 hr Beef,24_hr_Beef_0108.jpg,train/24 hr Beef/24_hr_Beef_0108.jpg,590587,2e9d0d4177c7825226cfb2a1b0a531c6
train,24 hr Beef,24_hr_Beef_0109.jpg,train/24 hr Beef/24_hr_Beef_0109.jpg,465349,05e4e322613ef3695a9b81249a643701
train,24 hr Beef,24_hr_Beef_0110.jpg,train/24 hr Beef/24_hr_Beef_0110.jpg,438104,76834c85a5fe0db346513a2d72c4a37b
train,24 hr Beef,24_hr_Beef_0111.jpg,train/24 hr Beef/24_hr_Beef_0111.jpg,479390,5f18f8fe80a45ef42cea273c0b5c2c0b
train,24 hr Beef,24_hr_Beef_0112.jpg,train/24 hr Beef/24_hr_Beef_0112.jpg,483852,c198e082e3cdc26cfe8ae01dd6b51f20
train,24 hr Beef,24_hr_Beef_0113.jpg,train/24 hr Beef/24_hr_Beef_0113.jpg,535467,8ca3f0cfa42e70295d6096852c7f1a52
train,24 hr Beef,24_hr_Beef_0114.jpg,train/24 hr Beef/24_hr_Beef_0114.jpg,510855,5a821dd43cfd0e50fbad9e118d0fb00d
train,24 hr Beef,24_hr_Beef_0115.jpg,train/24 hr Beef/24_hr_Beef_0115.jpg,464310,dc1bc07bcbafa121e6b3ca16dde9d724
train,24 hr Beef,24_hr_Beef_0116.jpg,train/24 hr Beef/24_hr_Beef_0116.jpg,468295,ce24309d10807dbbd529693acbc1a840
train,24 hr Beef,24_hr_Beef_0117.jpg,train/24 hr Beef/24_hr_Beef_0117.jpg,517560,fe40595c6a819ca831123d4e7f8f8e5a
train,24 hr Beef,24_hr_Beef_0118.jpg,train/24 hr Beef/24_hr_Beef_0118.jpg,607032,f91f0f2a29a8c786df4d50005efae968
train,24 hr Beef,24_hr_Beef_0119.jpg,train/24 hr Beef/24_hr_Beef_0119.jpg,485122,3126ff0abd4d28a2df9f4d282066d5d8
train,24 hr Beef,24_hr_Beef_0120.jpg,train/24 hr Beef/24_hr_Beef_0120.jpg,496238,2c273b3ab3f94a7cfe151a5160c55608
train,24 hr Beef,24_hr_Beef_0121.jpg,train/24 hr Beef/24_hr_Beef_0121.jpg,530843,3954df49c5f38fadb779b68e0a617fea
train,24 hr Beef,24_hr_Beef_0122.jpg,train/24 hr Beef/24_hr_Beef_0122.jpg,518332,b68805ec373b9fb449645ccfc140c735
train,24 hr Beef,24_hr_Beef_0123.jpg,train/24 hr Beef/24_hr_Beef_0123.jpg,429452,31507178f92f9139b3ff73ccdb6d100c
train,24 hr Beef,24_hr_Beef_0124.jpg,train/24 hr Beef/24_hr_Beef_0124.jpg,450918,492f590493d14f9263d44f62304719bc
train,24 hr Beef,24_hr_Beef_0125.jpg,train/24 hr Beef/24_hr_Beef_0125.jpg,496570,7a2d47d8659f74fe612639c173d964e8
train,24 hr Beef,24_hr_Beef_0126.jpg,train/24 hr Beef/24_hr_Beef_0126.jpg,426832,40eea19bc26212843445eb39d6fc5307
train,24 hr Beef,24_hr_Beef_0127.jpg,train/24 hr Beef/24_hr_Beef_0127.jpg,467513,a29a2a0f01f4f41a0952588d16833175
train,24 hr Beef,24_hr_Beef_0128.jpg,train/24 hr Beef/24_hr_Beef_0128.jpg,491380,18f010e3fcf1b2cda171de9eb80b446a
train,24 hr Beef,24_hr_Beef_0129.jpg,train/24 hr Beef/24_hr_Beef_0129.jpg,497882,f0d98a85061e3962bba31e7bfe10c6d5
train,24 hr Beef,24_hr_Beef_0130.jpg,train/24 hr Beef/24_hr_Beef_0130.jpg,485615,8e171241b9f6b5bf797697ace3fa067a
train,24 hr Beef,24_hr_Beef_0131.jpg,train/24 hr Beef/24_hr_Beef_0131.jpg,536929,2a29ffc07a5929406669bf2e82bee1f5
train,24 hr Beef,24_hr_Beef_0132.jpg,train/24 hr Beef/24_hr_Beef_0132.jpg,440740,0be8b37d87587c6b73f42feeb9a54b39
train,24 hr Beef,24_hr_Beef_0133.jpg,train/24 hr Beef/24_hr_Beef_0133.jpg,532960,123c6edd19c640735741d01e0bec8f54
train,24 hr Beef,24_hr_Beef_0134.jpg,train/24 hr Beef/24_hr_Beef_0134.jpg,496480,45f4054d961a6e9b358f7b3edeb7280a
train,24 hr Beef,24_hr_Beef_0135.jpg,train/24 hr Beef/24_hr_Beef_0135.jpg,490473,b2438c997c443e5fd4cbcdbf54047e3a
train,24 hr Beef,24_hr_Beef_0136.jpg,train/24 hr Beef/24_hr_Beef_0136.jpg,558327,b8e7c2474b19e7e88c7669da6ed4ff13
train,24 hr Beef,24_hr_Beef_0137.jpg,train/24 hr Beef/24_hr_Beef_0137.jpg,538373,f129c931277f02b73e886cee735dc11e
train,24 hr Beef,24_hr_Beef_0138.jpg,train/24 hr Beef/24_hr_Beef_0138.jpg,480452,94199ab937bfc404a0bb19d9c01ac214
train,24 hr Beef,24_hr_Beef_0139.jpg,train/24 hr Beef/24_hr_Beef_0139.jpg,564817,40ca680234fc7122bd71b5f2af514653
train,24 hr Beef,24_hr_Beef_0140.jpg,train/24 hr Beef/24_hr_Beef_0140.jpg,468314,2ee8e3c3614531ff512774f7e5361051
train,24 hr Beef,24_hr_Beef_0141.jpg,train/24 hr Beef/24_hr_Beef_0141.jpg,460672,b804c0c4a7b8a5818b92869c96ccd2e5
train,24 hr Beef,24_hr_Beef_0142.jpg,train/24 hr Beef/24_hr_Beef_0142.jpg,408344,aa937402b626af7bde708b368df1562f
train,24 hr Beef,24_hr_Beef_0143.jpg,train/24 hr Beef/24_hr_Beef_0143.jpg,451445,475cfabc8ab3b886499254d2eefbaee9
train,24 hr Beef,24_hr_Beef_0144.jpg,train/24 hr Beef/24_hr_Beef_0144.jpg,461377,80d2a0990e9f44186b69c6cc222f61e0
train,24 hr Beef,24_hr_Beef_0145.jpg,train/24 hr Beef/24_hr_Beef_0145.jpg,495732,1116fda3d5e5f9d79e202eeb2ec09547
train,24 hr Beef,24_hr_Beef_0146.jpg,train/24 hr Beef/24_hr_Beef_0146.jpg,397880,1c5758e1342e3e958184cb4d1f92caed
train,24 hr Beef,24_hr_Beef_0147.jpg,train/24 hr Beef/24_hr_Beef_0147.jpg,498754,7628b03a01c1260dfbda7422b9dcca26
train,24 hr Beef,24_hr_Beef_0148.jpg,train/24 hr Beef/24_hr_Beef_0148.jpg,424378,0fe013ac0e1b3a57d834bfc7c2ad621a
train,24 hr Beef,24_hr_Beef_0149.jpg,train/24 hr Beef/24_hr_Beef_0149.jpg,471623,992ebff899eff1456022bf08ded8031e
train,24 hr Beef,24_hr_Beef_0150.jpg,train/24 hr Beef/24_hr_Beef_0150.jpg,477970,3a9c6698b235c8b3bf77f36039c58d6e
train,24 hr Beef,24_hr_Beef_0151.jpg,train/24 hr Beef/24_hr_Beef_0151.jpg,467466,b7eff6698623181c47c06f7d7df63b00
train,24 hr Beef,24_hr_Beef_0152.jpg,train/24 hr Beef/24_hr_Beef_0152.jpg,591413,8d88f074739eb7e8cb821e365f32d33e
train,24 hr Beef,24_hr_Beef_0153.jpg,train/24 hr Beef/24_hr_Beef_0153.jpg,514856,decca053ef45f57278b831c427804ea6
train,24 hr Beef,24_hr_Beef_0154.jpg,train/24 hr Beef/24_hr_Beef_0154.jpg,488891,b7c9cbe9e889b4212ff1345d2e68ee4b
train,24 hr Beef,24_hr_Beef_0155.jpg,train/24 hr Beef/24_hr_Beef_0155.jpg,500074,61ae0d383a853a3bb943cb134884711f
train,24 hr Beef,24_hr_Beef_0156.jpg,train/24 hr Beef/24_hr_Beef_0156.jpg,457731,2ea7172ba663f0b1b5b1b6fab8fb7023
train,24 hr Beef,24_hr_Beef_0157.jpg,train/24 hr Beef/24_hr_Beef_0157.jpg,493047,b075b7dd19c4ab4d734954e699a9b411
train,24 hr Mutton,24_hr_Mutton_0000.jpg,train/24 hr Mutton/24_hr_Mutton_0000.jpg,408405,28635bad3d6e80b820b1f988db40d36f
train,24 hr Mutton,24_hr_Mutton_0001.jpg,train/24 hr Mutton/24_hr_Mutton_0001.jpg,419057,2b2f4854ee9d1deae53a18901cbe8854
train,24 hr Mutton,24_hr_Mutton_0002.jpg,train/24 hr Mutton/24_hr_Mutton_0002.jpg,449839,a26cb2562af8eed491b108a55bad6f1d
train,24 hr Mutton,24_hr_Mutton_0003.jpg,train/24 hr Mutton/24_hr_Mutton_0003.jpg,458138,721eba9057274ebdcf7108c71692e39b
train,24 hr Mutton,24_hr_Mutton_0004.jpg,train/24 hr Mutton/24_hr_Mutton_0004.jpg,460212,4d3b0a8c98f2e73b06cf10a70fb4ecc6
train,24 hr Mutton,24_hr_Mutton_0005.jpg,train/24 hr Mutton/24_hr_Mutton_0005.jpg,456281,bd53b0620d442055ca63779586e274e5
train,24 hr Mutton,24_hr_Mutton_0006.jpg,train/24 hr Mutton/24_hr_Mutton_0006.jpg,449185,e281620fa2748d00a889c313e25cbba2
train,24 hr Mutton,24_hr_Mutton_0007.jpg,train/24 hr Mutton/24_hr_Mutton_0007.jpg,428274,be4052bc19a3a19a33a904e17aae5ed8
train,24 hr Mutton,24_hr_Mutton_0008.jpg,train/24 hr Mutton/24_hr_Mutton_0008.jpg,507851,561201d4793d304d06ae2dec4e31b859
train,24 hr Mutton,24_hr_Mutton_0009.jpg,train/24 hr Mutton/24_hr_Mutton_0009.jpg,507043,5d68a46546f8de50ff900dd2f47e78b0
train,24 hr Mutton,24_hr_Mutton_0010.jpg,train/24 hr Mutton/24_hr_Mutton_0010.jpg,534217,2ebcc72ccd9b489123392a3b700e1fd8
train,24 hr Mutton,24_hr_Mutton_0011.jpg,train/24 hr Mutton/24_hr_Mutton_0011.jpg,438130,0ccaf186e317a12fdb952736b338371d
train,24 hr Mutton,24_hr_Mutton_0012.jpg,train/24 hr Mutton/24_hr_Mutton_0012.jpg,473611,c15a763fc466b911000f757a1d3fef5a
train,24 hr Mutton,24_hr_Mutton_0013.jpg,train/24 hr Mutton/24_hr_Mutton_0013.jpg,526462,7a2d005ee978cc1719e6086b7d5a966c
train,24 hr Mutton,24_hr_Mutton_0014.jpg,train/24 hr Mutton/24_hr_Mutton_0014.jpg,461124,da37c8f3a5a94bf140c465dc850e097b
train,24 hr Mutton,24_hr_Mutton_0015.jpg,train/24 hr Mutton/24_hr_Mutton_0015.jpg,455940,c8df66ab804720098bff9e2e17f18b4b
train,24 hr Mutton,24_hr_Mutton_0016.jpg,train/24 hr Mutton/24_hr_Mutton_0016.jpg,481430,f25fad1de8b385607393e3b946356491
train,24 hr Mutton,24_hr_Mutton_0017.jpg,train/24 hr Mutton/24_hr_Mutton_0017.jpg,443161,41f3e81dc7414f737d8e23345d66eccd
train,24 hr Mutton,24_hr_Mutton_0018.jpg,train/24 hr Mutton/24_hr_Mutton_0018.jpg,445097,ce841900a00f86ff998b8b4cec49b30e
train,24 hr Mutton,24_hr_Mutton_0019.jpg,train/24 hr Mutton/24_hr_Mutton_0019.jpg,536095,34d7158de59270b6a20e6bbfca6d4a52
train,24 hr Mutton,24_hr_Mutton_0020.jpg,train/24 hr Mutton/24_hr_Mutton_0020.jpg,408812,ac9fce86ccce1b7fe7b7c2a85e0d8880
train,24 hr Mutton,24_hr_Mutton_0021.jpg,train/24 hr Mutton/24_hr_Mutton_0021.jpg,500506,889f784461c624decf0a34094a1e4eaf
train,24 hr Mutton,24_hr_Mutton_0022.jpg,train/24 hr Mutton/24_hr_Mutton_0022.jpg,439420,0e4a4ecc11a4a67def572133729a7cc7
train,24 hr Mutton,24_hr_Mutton_0023.jpg,train/24 hr Mutton/24_hr_Mutton_0023.jpg,472435,9871f411b0b09469e087d8392030a890
train,24 hr Mutton,24_hr_Mutton_0024.jpg,train/24 hr Mutton/24_hr_Mutton_0024.jpg,462449,9382e298b71a19843c69027e7594a0ab
train,24 hr Mutton,24_hr_Mutton_0025.jpg,train/24 hr Mutton/24_hr_Mutton_0025.jpg,438919,9410753baad41baf2fd720338fd65d56
train,24 hr Mutton,24_hr_Mutton_0026.jpg,train/24 hr Mutton/24_hr_Mutton_0026.jpg,498145,d6b434d9b25593567742af3303e4ce81
train,24 hr Mutton,24_hr_Mutton_0027.jpg,train/24 hr Mutton/24_hr_Mutton_0027.jpg,397678,649b8605caf2286672b4de524147495a
train,24 hr Mutton,24_hr_Mutton_0028.jpg,train/24 hr Mutton/24_hr_Mutton_0028.jpg,434638,db0e0653fe962b55f4ffdb9a2c34a7d1
train,24 hr Mutton,24_hr_Mutton_0029.jpg,train/24 hr Mutton/24_hr_Mutton_0029.jpg,481180,89ced3fd325256637d7404aae5b2d185
train,24 hr Mutton,24_hr_Mutton_0030.jpg,train/24 hr Mutton/24_hr_Mutton_0030.jpg,451711,4fe754c2902368d770a5afb5cb955a57
train,24 hr Mutton,24_hr_Mutton_0031.jpg,train/24 hr Mutton/24_hr_Mutton_0031.jpg,501353,7e77eccab29c5bb23a78339fba814e69
train,24 hr Mutton,24_hr_Mutton_0032.jpg,train/24 hr Mutton/24_hr_Mutton_0032.jpg,452251,e80b79ce276bb0234b580efca602e712
train,24 hr Mutton,24_hr_Mutton_0033.jpg,train/24 hr Mutton/24_hr_Mutton_0033.jpg,546312,2aee859891cea9d6053839992a86af93
train,24 hr Mutton,24_hr_Mutton_0034.jpg,train/24 hr Mutton/24_hr_Mutton_0034.jpg,471579,669d7c6e27d553b1fb9a7778f74933e7
train,24 hr Mutton,24_hr_Mutton_0035.jpg,train/24 hr Mutton/24_hr_Mutton_0035.jpg,416913,6763792d421f500cb1687ad1c15450b4
train,24 hr Mutton,24_hr_Mutton_0036.jpg,train/24 hr Mutton/24_hr_Mutton_0036.jpg,489496,bd0404b0882100c8402289b1940ce0f7
train,24 hr Mutton,24_hr_Mutton_0037.jpg,train/24 hr Mutton/24_hr_Mutton_0037.jpg,485953,d849eedf6393c8312fe8aa4ced409fee
train,24 hr Mutton,24_hr_Mutton_0038.jpg,train/24 hr Mutton/24_hr_Mutton_0038.jpg,406312,953dbde9feb40f07c71295275ee4319d
train,24 hr Mutton,24_hr_Mutton_0039.jpg,train/24 hr Mutton/24_hr_Mutton_0039.jpg,567273,f40bc9e4823d4ec39b41bea9017e9074
train,24 hr Mutton,24_hr_Mutton_0040.jpg,train/24 hr Mutton/24_hr_Mutton_0040.jpg,436603,735cd30c975d62a005ee41b20cf745c8
train,24 hr Mutton,24_hr_Mutton_0041.jpg,train/24 hr Mutton/24_hr_Mutton_0041.jpg,457530,c261e6056b5720688c318be3ac57abe7
train,24 hr Mutton,24_hr_Mutton_0042.jpg,train/24 hr Mutton/24_hr_Mutton_0042.jpg,399776,10a904c6f098ce2680aba6c489f82e5d
train,24 hr Mutton,24_hr_Mutton_0043.jpg,train/24 hr Mutton/24_hr_Mutton_0043.jpg,502346,3076a76afb8b63a630bedfaebf8c5e71
train,24 hr Mutton,24_hr_Mutton_0044.jpg,train/24 hr Mutton/24_hr_Mutton_0044.jpg,605115,f7793a4588a8204fcd09599e5653350d
train,24 hr Mutton,24_hr_Mutton_0045.jpg,train/24 hr Mutton/24_hr_Mutton_0045.jpg,482007,9153c7adefbd3c06a82a751aeaffdd84
train,24 hr Mutton,24_hr_Mutton_0046.jpg,train/24 hr Mutton/24_hr_Mutton_0046.jpg,516581,af32f83767edb34133b49689f1dfb7d2
train,24 hr Mutton,24_hr_Mutton_0047.jpg,train/24 hr Mutton/24_hr_Mutton_0047.jpg,494867,354dc94e0295ef75c13cbf32a19de556
train,24 hr Mutton,24_hr_Mutton_0048.jpg,train/24 hr Mutton/24_hr_Mutton_0048.jpg,516294,49f4c130e61a51aad26039d812ffe354
train,24 hr Mutton,24_hr_Mutton_0049.jpg,train/24 hr Mutton/24_hr_Mutton_0049.jpg,445910,53321493cc3938fc32534db9b55769a0
train,24 hr Mutton,24_hr_Mutton_0050.jpg,train/24 hr Mutton/24_hr_Mutton_0050.jpg,424073,0292d8e0e128f2ec685e5d5bc9580745
train,24 hr Mutton,24_hr_Mutton_0051.jpg,train/24 hr Mutton/24_hr_Mutton_0051.jpg,426021,36bc7a80899ae62a5b00a9f4019a2578
train,24 hr Mutton,24_hr_Mutton_0052.jpg,train/24 hr Mutton/24_hr_Mutton_0052.jpg,511854,d4f52e2efdc18de31543505c0def7ff8
train,24 hr Mutton,24_hr_Mutton_0053.jpg,train/24 hr Mutton/24_hr_Mutton_0053.jpg,536721,b15d4eb4a31aa0df129abcfdbc8c0dc1
train,24 hr Mutton,24_hr_Mutton_0054.jpg,train/24 hr Mutton/24_hr_Mutton_0054.jpg,470159,178384746278a965e8617adeb07c099d
train,24 hr Mutton,24_hr_Mutton_0055.jpg,train/24 hr Mutton/24_hr_Mutton_0055.jpg,462108,9bd9dc23f9252a6a18c9dddd508e2071
train,24 hr Mutton,24_hr_Mutton_0056.jpg,train/24 hr Mutton/24_hr_Mutton_0056.jpg,457142,b01c088673898f2d818f82a3a5c68764
train,24 hr Mutton,24_hr_Mutton_0057.jpg,train/24 hr Mutton/24_hr_Mutton_0057.jpg,475618,b423d585974d55fef81039659ba8e3be
train,24 hr Mutton,24_hr_Mutton_0058.jpg,train/24 hr Mutton/24_hr_Mutton_0058.jpg,437054,9db1428e3b5d7aa21fe1b142cf88cc26
train,24 hr Mutton,24_hr_Mutton_0059.jpg,train/24 hr Mutton/24_hr_Mutton_0059.jpg,453741,c8072c6ae07cf182404cedf075712d7f
train,24 hr Mutton,24_hr_Mutton_0060.jpg,train/24 hr Mutton/24_hr_Mutton_0060.jpg,470586,52e940a6be8e8d2ca25ac4ba214b06fd
train,24 hr Mutton,24_hr_Mutton_0061.jpg,train/24 hr Mutton/24_hr_Mutton_0061.jpg,437692,7b62d4280c071418e532c17c5010f86e
train,24 hr Mutton,24_hr_Mutton_0062.jpg,train/24 hr Mutton/24_hr_Mutton_0062.jpg,454939,bfd20844ff77421110a722b7e250c77d
train,24 hr Mutton,24_hr_Mutton_0063.jpg,train/24 hr Mutton/24_hr_Mutton_0063.jpg,411048,019f6801ae37ef9e4ec4895c0d290ef8
train,24 hr Mutton,24_hr_Mutton_0064.jpg,train/24 hr Mutton/24_hr_Mutton_0064.jpg,470873,75fdbe28fe39de90f5c3e9776123094f
train,24 hr Mutton,24_hr_Mutton_0065.jpg,train/24 hr Mutton/24_hr_Mutton_0065.jpg,491218,9e88ba036b409ae7d00653f9a36eb948
train,24 hr Mutton,24_hr_Mutton_0066.jpg,train/24 hr Mutton/24_hr_Mutton_0066.jpg,484591,749b5c790894fd698d1cc599aa6ba288
train,24 hr Mutton,24_hr_Mutton_0067.jpg,train/24 hr Mutton/24_hr_Mutton_0067.jpg,455063,c6b565272f9950afa04b385254e576e6
train,24 hr Mutton,24_hr_Mutton_0068.jpg,train/24 hr Mutton/24_hr_Mutton_0068.jpg,507407,80a98994711abfbb60cf5b4094b8c61b
train,24 hr Mutton,24_hr_Mutton_0069.jpg,train/24 hr Mutton/24_hr_Mutton_0069.jpg,458543,a788f356bde7854230681caddb44651c
train,24 hr Mutton,24_hr_Mutton_0070.jpg,train/24 hr Mutton/24_hr_Mutton_0070.jpg,444209,fbaacb16047ba0d80c158f9cd3fc574b
train,24 hr Mutton,24_hr_Mutton_0071.jpg,train/24 hr Mutton/24_hr_Mutton_0071.jpg,503804,3a79eb89042503aabe7006027f392520
train,24 hr Mutton,24_hr_Mutton_0072.jpg,train/24 hr Mutton/24_hr_Mutton_0072.jpg,485843,11e6c94fd73f06bd036cd385a6c5478d
train,24 hr Mutton,24_hr_Mutton_0073.jpg,train/24 hr Mutton/24_hr_Mutton_0073.jpg,422879,e83260ee984762469f48959144d5a737
train,24 hr Mutton,24_hr_Mutton_0074.jpg,train/24 hr Mutton/24_hr_Mutton_0074.jpg,497813,24decbc9ef43d3f6a8d02ad09a5bf4f3
train,24 hr Mutton,24_hr_Mutton_0075.jpg,train/24 hr Mutton/24_hr_Mutton_0075.jpg,453612,fa440d1a6928ee7fd7f73e201505e020
train,24 hr Mutton,24_hr_Mutton_0076.jpg,train/24 hr Mutton/24_hr_Mutton_0076.jpg,524569,e301aac1920f8327ac0837eab896beae
train,24 hr Mutton,24_hr_Mutton_0077.jpg,train/24 hr Mutton/24_hr_Mutton_0077.jpg,447581,3ade99e548a38c260bf467f1feb589da
train,24 hr Mutton,24_hr_Mutton_0078.jpg,train/24 hr Mutton/24_hr_Mutton_0078.jpg,425054,7fcf2b5bd8dfd44b21bad85d0f9f8ea5
train,24 hr Mutton,24_hr_Mutton_0079.jpg,train/24 hr Mutton/24_hr_Mutton_0079.jpg,566196,ff77e8eec57aca99ebbfedb886cce164
train,24 hr Mutton,24_hr_Mutton_0080.jpg,train/24 hr Mutton/24_hr_Mutton_0080.jpg,437858,1377b7ac90caa65895c62c69d047e387
train,24 hr Mutton,24_hr_Mutton_0081.jpg,train/24 hr Mutton/24_hr_Mutton_0081.jpg,481157,064798b83cbc36461db496c71ebf92a0
train,24 hr Mutton,24_hr_Mutton_0082.jpg,train/24 hr Mutton/24_hr_Mutton_0082.jpg,472019,3782305fbc4dc9d2ebffee81e728717b
train,24 hr Mutton,24_hr_Mutton_0083.jpg,train/24 hr Mutton/24_hr_Mutton_0083.jpg,480847,9b2242364853d7bfb6bb8590ac5c431a
train,24 hr Mutton,24_hr_Mutton_0084.jpg,train/24 hr Mutton/24_hr_Mutton_0084.jpg,585038,3cd6837fbc2ee7bee0d58b03787eaf25
train,24 hr Mutton,24_hr_Mutton_0085.jpg,train/24 hr Mutton/24_hr_Mutton_0085.jpg,522414,1d1012a6a894f9f56f3309294d948b72
train,24 hr Mutton,24_hr_Mutton_0086.jpg,train/24 hr Mutton/24_hr_Mutton_0086.jpg,459118,7c8b6b5dc1e47feb3ab44e521636a2d4
train,24 hr Mutton,24_hr_Mutton_0087.jpg,train/24 hr Mutton/24_hr_Mutton_0087.jpg,443931,b90fc1a20ced1ba56cb448f07f14406f
train,24 hr Mutton,24_hr_Mutton_0088.jpg,train/24 hr Mutton/24_hr_Mutton_0088.jpg,529423,cbaa5ade4fcf49410d2c2d23f6f4e173
train,24 hr Mutton,24_hr_Mutton_0089.jpg,train/24 hr Mutton/24_hr_Mutton_0089.jpg,439018,f5e2c878ede89e296de714d554a7627c
train,24 hr Mutton,24_hr_Mutton_0090.jpg,train/24 hr Mutton/24_hr_Mutton_0090.jpg,453415,b23aa0142c2973bfac76155db69ab6a6
train,24 hr Mutton,24_hr_Mutton_0091.jpg,train/24 hr Mutton/24_hr_Mutton_0091.jpg,441250,4580b8af2d91ac00e146b285a38cdb13
train,24 hr Mutton,24_hr_Mutton_0092.jpg,train/24 hr Mutton/24_hr_Mutton_0092.jpg,465655,704ee5c55c07ca9f4149adf365ef8ed9
train,24 hr Mutton,24_hr_Mutton_0093.jpg,train/24 hr Mutton/24_hr_Mutton_0093.jpg,563574,9f31d112193641fcbd41b33f7b853cc2
train,24 hr Mutton,24_hr_Mutton_0094.jpg,train/24 hr Mutton/24_hr_Mutton_0094.jpg,576958,617d68c778e6ac224efc0d1c4d8d6262
train,24 hr Mutton,24_hr_Mutton_0095.jpg,train/24 hr Mutton/24_hr_Mutton_0095.jpg,497689,eeb9cec41ffd28ad0071cbc8edb2b838
train,24 hr Mutton,24_hr_Mutton_0096.jpg,train/24 hr Mutton/24_hr_Mutton_0096.jpg,565006,4fea936fe41b3a7a5992bfe1d2af4af6
train,24 hr Mutton,24_hr_Mutton_0097.jpg,train/24 hr Mutton/24_hr_Mutton_0097.jpg,516039,141b8afe122ad356189c8416017c6280
train,24 hr Mutton,24_hr_Mutton_0098.jpg,train/24 hr Mutton/24_hr_Mutton_0098.jpg,469836,bff83be79cfbd670849d653f70670ac0
train,24 hr Mutton,24_hr_Mutton_0099.jpg,train/24 hr Mutton/24_hr_Mutton_0099.jpg,536848,bac8ee1fcefdb9dd0a120b78fd9113ee
train,24 hr Mutton,24_hr_Mutton_0100.jpg,train/24 hr Mutton/24_hr_Mutton_0100.jpg,507207,d3cd03555e7c1f778619e6e62b362d0c
train,24 hr Mutton,24_hr_Mutton_0101.jpg,train/24 hr Mutton/24_hr_Mutton_0101.jpg,470361,2b183ce02892475c48e086e58119107f
train,24 hr Mutton,24_hr_Mutton_0102.jpg,train/24 hr Mutton/24_hr_Mutton_0102.jpg,472996,614e47af71d9c086d589e5f393291fa8
train,24 hr Mutton,24_hr_Mutton_0103.jpg,train/24 hr Mutton/24_hr_Mutton_0103.jpg,482287,e116e10c72169c12272a251dbf9c2fea
train,24 hr Mutton,24_hr_Mutton_0104.jpg,train/24 hr Mutton/24_hr_Mutton_0104.jpg,493743,8d239afc39e594fe1162530ffe3713f3
train,24 hr Mutton,24_hr_Mutton_0105.jpg,train/24 hr Mutton/24_hr_Mutton_0105.jpg,530184,cba8b8dac13d1aa0068007b7b57150fe
train,24 hr Mutton,24_hr_Mutton_0106.jpg,train/24 hr Mutton/24_hr_Mutton_0106.jpg,478846,bd802e4f8e18da4f85b621c6fa87ffb5
train,24 hr Mutton,24_hr_Mutton_0107.jpg,train/24 hr Mutton/24_hr_Mutton_0107.jpg,409847,a03fc17c6bb9e95dd89d8cb9abf49f3d
train,24 hr Mutton,24_hr_Mutton_0108.jpg,train/24 hr Mutton/24_hr_Mutton_0108.jpg,409279,6e3085fd23afd64f545ae4969932a1cb
train,24 hr Mutton,24_hr_Mutton_0109.jpg,train/24 hr Mutton/24_hr_Mutton_0109.jpg,437331,75ee4429bcb231c8712062cef95157f3
train,24 hr Mutton,24_hr_Mutton_0110.jpg,train/24 hr Mutton/24_hr_Mutton_0110.jpg,454136,4c435f25898c88b8b5c8ca5e54927a2e
train,24 hr Mutton,24_hr_Mutton_0111.jpg,train/24 hr Mutton/24_hr_Mutton_0111.jpg,517862,30c270bf7bb8e4cfe58eade5fd007d3a
train,24 hr Mutton,24_hr_Mutton_0112.jpg,train/24 hr Mutton/24_hr_Mutton_0112.jpg,428165,65e2d03c3af8e788f144d92d29e46aaf
train,24 hr Mutton,24_hr_Mutton_0113.jpg,train/24 hr Mutton/24_hr_Mutton_0113.jpg,477392,4a02370c083c871da9bb23470ad18c62
train,24 hr Mutton,24_hr_Mutton_0114.jpg,train/24 hr Mutton/24_hr_Mutton_0114.jpg,469534,758934fc4e76a5660de68815749f481c
train,24 hr Mutton,24_hr_Mutton_0115.jpg,train/24 hr Mutton/24_hr_Mutton_0115.jpg,506501,3c1a1e26e8ff3cb107d9beb71fcb2f89
train,24 hr Mutton,24_hr_Mutton_0116.jpg,train/24 hr Mutton/24_hr_Mutton_0116.jpg,506128,bbd20298847fe779f4c5b5163e25ac07
train,24 hr Mutton,24_hr_Mutton_0117.jpg,train/24 hr Mutton/24_hr_Mutton_0117.jpg,417118,a7546edd9736b7c39d66749b9c438645
train,24 hr Mutton,24_hr_Mutton_0118.jpg,train/24 hr Mutton/24_hr_Mutton_0118.jpg,455944,5cab2618f0569852cb3f2e864b3bb7b8
train,24 hr Mutton,24_hr_Mutton_0119.jpg,train/24 hr Mutton/24_hr_Mutton_0119.jpg,436885,70fc86b56a7c224c713f5a4f5494de9d
train,24 hr Mutton,24_hr_Mutton_0120.jpg,train/24 hr Mutton/24_hr_Mutton_0120.jpg,497914,41bcc176d4ac0355c9a30191dd0c1853
train,24 hr Mutton,24_hr_Mutton_0121.jpg,train/24 hr Mutton/24_hr_Mutton_0121.jpg,505036,2f4dcc5f036f271935a28155284a6e30
train,24 hr Mutton,24_hr_Mutton_0122.jpg,train/24 hr Mutton/24_hr_Mutton_0122.jpg,485447,93f796321519b5263b9ed7fb3e91ebfd
train,24 hr Mutton,24_hr_Mutton_0123.jpg,train/24 hr Mutton/24_hr_Mutton_0123.jpg,455131,1fddcbee032caa437240c0f1966abde6
train,24 hr Mutton,24_hr_Mutton_0124.jpg,train/24 hr Mutton/24_hr_Mutton_0124.jpg,471631,92eca65b2d0f2d08854f8496fa14ce30
train,24 hr Mutton,24_hr_Mutton_0125.jpg,train/24 hr Mutton/24_hr_Mutton_0125.jpg,414732,9db4f978514f16c4d56b8997f2d1f956
train,24 hr Mutton,24_hr_Mutton_0126.jpg,train/24 hr Mutton/24_hr_Mutton_0126.jpg,418973,a5474baa44ee19313c8a865ce31f883d
train,24 hr Mutton,24_hr_Mutton_0127.jpg,train/24 hr Mutton/24_hr_Mutton_0127.jpg,489289,68d4c6ecaea27d600de2e510b98c055c
train,24 hr Mutton,24_hr_Mutton_0128.jpg,train/24 hr Mutton/24_hr_Mutton_0128.jpg,494295,d5d43011cc9f446376bb78abb8cdb397
train,24 hr Mutton,24_hr_Mutton_0129.jpg,train/24 hr Mutton/24_hr_Mutton_0129.jpg,386101,86ac8e4f8e28369f26e490b5ee573119
train,24 hr Mutton,24_hr_Mutton_0130.jpg,train/24 hr Mutton/24_hr_Mutton_0130.jpg,523131,037633af8a2e0dd6a26cb56805919231
train,24 hr Mutton,24_hr_Mutton_0131.jpg,train/24 hr Mutton/24_hr_Mutton_0131.jpg,477712,bff1ced883b2cda8d4943f83926dd120
train,24 hr Mutton,24_hr_Mutton_0132.jpg,train/24 hr Mutton/24_hr_Mutton_0132.jpg,490874,d2780dea36a452d62e8475f1dc8c68e8
train,24 hr Mutton,24_hr_Mutton_0133.jpg,train/24 hr Mutton/24_hr_Mutton_0133.jpg,459205,22b9e3002682c087901a5e5022223b30
train,24 hr Mutton,24_hr_Mutton_0134.jpg,train/24 hr Mutton/24_hr_Mutton_0134.jpg,481423,93b2d0655088c951ac38ef06ec0d0c1f
train,24 hr Mutton,24_hr_Mutton_0135.jpg,train/24 hr Mutton/24_hr_Mutton_0135.jpg,475046,6051ef323da082e230fe62c1ec9e6877
train,24 hr Mutton,24_hr_Mutton_0136.jpg,train/24 hr Mutton/24_hr_Mutton_0136.jpg,441315,44ea83db67020785849e74163c592ad3
train,24 hr Mutton,24_hr_Mutton_0137.jpg,train/24 hr Mutton/24_hr_Mutton_0137.jpg,456326,ff174308757181933c055d12e705fb0a
train,24 hr Mutton,24_hr_Mutton_0138.jpg,train/24 hr Mutton/24_hr_Mutton_0138.jpg,505164,dae3465a566f5e118fd795c29ae83604
train,24 hr Mutton,24_hr_Mutton_0139.jpg,train/24 hr Mutton/24_hr_Mutton_0139.jpg,480770,7efc65bbed8db3a2db68c8704c67db5c
train,24 hr Mutton,24_hr_Mutton_0140.jpg,train/24 hr Mutton/24_hr_Mutton_0140.jpg,494802,17172dc7575483d0c1a5e40cd77d4aa5
train,24 hr Mutton,24_hr_Mutton_0141.jpg,train/24 hr Mutton/24_hr_Mutton_0141.jpg,469325,36610ece1d6ae8da743e7240414d5b47
train,24 hr Mutton,24_hr_Mutton_0142.jpg,train/24 hr Mutton/24_hr_Mutton_0142.jpg,475656,adff654f82d27a085f50bc1f5f0f1426
train,24 hr Mutton,24_hr_Mutton_0143.jpg,train/24 hr Mutton/24_hr_Mutton_0143.jpg,454094,197094a276a9999b9f3e4881b1a03b05
train,24 hr Mutton,24_hr_Mutton_0144.jpg,train/24 hr Mutton/24_hr_Mutton_0144.jpg,526301,c9862357b54182d3d27055d7d9258196
train,24 hr Mutton,24_hr_Mutton_0145.jpg,train/24 hr Mutton/24_hr_Mutton_0145.jpg,448744,c5227caacf5daac4b489443ce1316f51
train,24 hr Mutton,24_hr_Mutton_0146.jpg,train/24 hr Mutton/24_hr_Mutton_0146.jpg,453407,f907675ebb9a2ee6e9ce660ff43a3a27
train,24 hr Mutton,24_hr_Mutton_0147.jpg,train/24 hr Mutton/24_hr_Mutton_0147.jpg,413530,8a4dc448327efe371e8a649d8bd28d1b
train,24 hr Mutton,24_hr_Mutton_0148.jpg,train/24 hr Mutton/24_hr_Mutton_0148.jpg,508960,3a3d1fbeafb8cf93ffed16ababc12acc
train,24 hr Mutton,24_hr_Mutton_0149.jpg,train/24 hr Mutton/24_hr_Mutton_0149.jpg,454704,ac24964f49628e0969993729757f5db6
train,24 hr Mutton,24_hr_Mutton_0150.jpg,train/24 hr Mutton/24_hr_Mutton_0150.jpg,414739,9451bd75ab518494cc45df54e16caa80
train,36 hr Mutton,36_hr_Mutton_0000.jpg,train/36 hr Mutton/36_hr_Mutton_0000.jpg,605273,f28dfbffd4195e27bbf9a607e1831ccf
train,36 hr Mutton,36_hr_Mutton_0001.jpg,train/36 hr Mutton/36_hr_Mutton_0001.jpg,590273,01c28bcf4250ee219c72733dc02798fe
train,36 hr Mutton,36_hr_Mutton_0002.jpg,train/36 hr Mutton/36_hr_Mutton_0002.jpg,507635,a5f0e8c3aa48c10f896e32a299696536
train,36 hr Mutton,36_hr_Mutton_0003.jpg,train/36 hr Mutton/36_hr_Mutton_0003.jpg,637055,d72eda311578973ad8b2e26f9b519e91
train,36 hr Mutton,36_hr_Mutton_0004.jpg,train/36 hr Mutton/36_hr_Mutton_0004.jpg,556577,b0379f3526dfc430d10740833e36a743
train,36 hr Mutton,36_hr_Mutton_0005.jpg,train/36 hr Mutton/36_hr_Mutton_0005.jpg,656799,7c5966cc0b53396669ac14d7de2e61f6
train,36 hr Mutton,36_hr_Mutton_0006.jpg,train/36 hr Mutton/36_hr_Mutton_0006.jpg,537233,4bfe97c0298563b2d009ac795fc7d78f
train,36 hr Mutton,36_hr_Mutton_0007.jpg,train/36 hr Mutton/36_hr_Mutton_0007.jpg,608327,9caf6d88bdf783a42c8d61577d06cf77
train,36 hr Mutton,36_hr_Mutton_0008.jpg,train/36 hr Mutton/36_hr_Mutton_0008.jpg,606111,a2f9c747a4b570716b8d081e8fe2c6e6
train,36 hr Mutton,36_hr_Mutton_0009.jpg,train/36 hr Mutton/36_hr_Mutton_0009.jpg,549121,06c78e3a38a11583958c5e1328baab67
train,36 hr Mutton,36_hr_Mutton_0010.jpg,train/36 hr Mutton/36_hr_Mutton_0010.jpg,484415,8db1ea4a69f9f609da224fb1047dd687
train,36 hr Mutton,36_hr_Mutton_0011.jpg,train/36 hr Mutton/36_hr_Mutton_0011.jpg,547516,86da220b4350ae280f8d8fc7df9376cf
train,36 hr Mutton,36_hr_Mutton_0012.jpg,train/36 hr Mutton/36_hr_Mutton_0012.jpg,554586,45cf2d272fff5fd1690f05b199551639
train,36 hr Mutton,36_hr_Mutton_0013.jpg,train/36 hr Mutton/36_hr_Mutton_0013.jpg,591839,a16c94f96d8ac08137eaa4a76313fab5
train,36 hr Mutton,36_hr_Mutton_0014.jpg,train/36 hr Mutton/36_hr_Mutton_0014.jpg,617505,1dbfd70fa0f778d43c5eabc6c7e74e5b
train,36 hr Mutton,36_hr_Mutton_0015.jpg,train/36 hr Mutton/36_hr_Mutton_0015.jpg,511614,33214bb5198848f9f6396088d3cac3a5
train,36 hr Mutton,36_hr_Mutton_0016.jpg,train/36 hr Mutton/36_hr_Mutton_0016.jpg,546492,cb79431fd643e6ac473f829c43480c6c
train,36 hr Mutton,36_hr_Mutton_0017.jpg,train/36 hr Mutton/36_hr_Mutton_0017.jpg,508303,0cd3987b11d3be962f725ead3677258c
train,36 hr Mutton,36_hr_Mutton_0018.jpg,train/36 hr Mutton/36_hr_Mutton_0018.jpg,519208,f014946244b354659e0c173902fa48f9
train,36 hr Mutton,36_hr_Mutton_0019.jpg,train/36 hr Mutton/36_hr_Mutton_0019.jpg,563511,b29922ef437daddffbaabc8ba6302357
train,36 hr Mutton,36_hr_Mutton_0020.jpg,train/36 hr Mutton/36_hr_Mutton_0020.jpg,590185,75ba20e9c45c9d2a1b8c6df1f45b39ed
train,36 hr Mutton,36_hr_Mutton_0021.jpg,train/36 hr Mutton/36_hr_Mutton_0021.jpg,483278,eddec14215a8fc1abe0b889fec56d3db
train,36 hr Mutton,36_hr_Mutton_0022.jpg,train/36 hr Mutton/36_hr_Mutton_0022.jpg,585316,40984a691e693c6249d79ed9ba8b8839
train,36 hr Mutton,36_hr_Mutton_0023.jpg,train/36 hr Mutton/36_hr_Mutton_0023.jpg,514703,09e60979549003d9e4064e25de60eda7
train,36 hr Mutton,36_hr_Mutton_0024.jpg,train/36 hr Mutton/36_hr_Mutton_0024.jpg,534150,f886f874564a055cc0b72ab7aae3f9ba
train,36 hr Mutton,36_hr_Mutton_0025.jpg,train/36 hr Mutton/36_hr_Mutton_0025.jpg,497667,e619a20910639bc7fbc389bf3584bc2f
train,36 hr Mutton,36_hr_Mutton_0026.jpg,train/36 hr Mutton/36_hr_Mutton_0026.jpg,606533,4fc8b8f672f583d2ddeb85f4c2fc7e66
train,36 hr Mutton,36_hr_Mutton_0027.jpg,train/36 hr Mutton/36_hr_Mutton_0027.jpg,594021,8538146e380bb8e712b1d60edb7317f5
train,36 hr Mutton,36_hr_Mutton_0028.jpg,train/36 hr Mutton/36_hr_Mutton_0028.jpg,484571,2d3f3c7c52fe288314f8e429c63552e9
train,36 hr Mutton,36_hr_Mutton_0029.jpg,train/36 hr Mutton/36_hr_Mutton_0029.jpg,504896,df84c9e288cbb10d93e9caf031f29943
train,36 hr Mutton,36_hr_Mutton_0030.jpg,train/36 hr Mutton/36_hr_Mutton_0030.jpg,517912,141f81977c7adb9445ab5f13cd57947e
train,36 hr Mutton,36_hr_Mutton_0031.jpg,train/36 hr Mutton/36_hr_Mutton_0031.jpg,627566,8bfd4d80a040c7af1e275515aedd98bd
train,36 hr Mutton,36_hr_Mutton_0032.jpg,train/36 hr Mutton/36_hr_Mutton_0032.jpg,501241,9cc6ab8abf2a46372ded9d1ac7503b4e
train,36 hr Mutton,36_hr_Mutton_0033.jpg,train/36 hr Mutton/36_hr_Mutton_0033.jpg,460603,54b53732c8948e6e4c4aa97cfc640b70
train,36 hr Mutton,36_hr_Mutton_0034.jpg,train/36 hr Mutton/36_hr_Mutton_0034.jpg,555438,c9de38f1857ce7d0a81b82db5af331ff
train,36 hr Mutton,36_hr_Mutton_0035.jpg,train/36 hr Mutton/36_hr_Mutton_0035.jpg,493215,5fb0277d8bb3b8ee757f9054e3fe5cd6
train,36 hr Mutton,36_hr_Mutton_0036.jpg,train/36 hr Mutton/36_hr_Mutton_0036.jpg,541368,1fbae6438b79703d9fe6106aa0e1b699
train,36 hr Mutton,36_hr_Mutton_0037.jpg,train/36 hr Mutton/36_hr_Mutton_0037.jpg,496240,d8361c2ea25fe687b04a9bbd026ad77d
train,36 hr Mutton,36_hr_Mutton_0038.jpg,train/36 hr Mutton/36_hr_Mutton_0038.jpg,515300,3f658c5f769f746ab4d270cc54b32189
train,36 hr Mutton,36_hr_Mutton_0039.jpg,train/36 hr Mutton/36_hr_Mutton_0039.jpg,521966,2131d20540d4d97fa365bc21699f50ac
train,36 hr Mutton,36_hr_Mutton_0040.jpg,train/36 hr Mutton/36_hr_Mutton_0040.jpg,516228,69ae832aacb1b7854829a597563a9f20
train,36 hr Mutton,36_hr_Mutton_0041.jpg,train/36 hr Mutton/36_hr_Mutton_0041.jpg,566159,8b05bf77a90c37b461088d70a1f5abca
train,36 hr Mutton,36_hr_Mutton_0042.jpg,train/36 hr Mutton/36_hr_Mutton_0042.jpg,518494,a933aa4fbeb87bcb9a74aac63108b2eb
train,36 hr Mutton,36_hr_Mutton_0043.jpg,train/36 hr Mutton/36_hr_Mutton_0043.jpg,545290,ba23284222f78977547e3c83b39ff368
train,36 hr Mutton,36_hr_Mutton_0044.jpg,train/36 hr Mutton/36_hr_Mutton_0044.jpg,538819,5baf03d9cddc5ef25f4087cdf5fb9e79
train,36 hr Mutton,36_hr_Mutton_0045.jpg,train/36 hr Mutton/36_hr_Mutton_0045.jpg,599137,2593c98a335117853e6eecd95018580e
train,36 hr Mutton,36_hr_Mutton_0046.jpg,train/36 hr Mutton/36_hr_Mutton_0046.jpg,595286,707d19625cc0643de748e4cb65f59474
train,36 hr Mutton,36_hr_Mutton_0047.jpg,train/36 hr Mutton/36_hr_Mutton_0047.jpg,488467,5082b8211ba627fdf8d4102f865f856d
train,36 hr Mutton,36_hr_Mutton_0048.jpg,train/36 hr Mutton/36_hr_Mutton_0048.jpg,559736,3e847b5a89288aea166f95ae13260395
train,36 hr Mutton,36_hr_Mutton_0049.jpg,train/36 hr Mutton/36_hr_Mutton_0049.jpg,520207,1095997c64570cf6f1f03192ab3cc022
train,36 hr Mutton,36_hr_Mutton_0050.jpg,train/36 hr Mutton/36_hr_Mutton_0050.jpg,435173,95adfe0e27a1b68be8444312d2ec852a
train,36 hr Mutton,36_hr_Mutton_0051.jpg,train/36 hr Mutton/36_hr_Mutton_0051.jpg,605830,155044142c3b72c0ece21fe4d79c1086
train,36 hr Mutton,36_hr_Mutton_0052.jpg,train/36 hr Mutton/36_hr_Mutton_0052.jpg,602206,a7fba48be548031895756b275191ca03
train,36 hr Mutton,36_hr_Mutton_0053.jpg,train/36 hr Mutton/36_hr_Mutton_0053.jpg,512141,6c13a02c55820a73aa9ec42116a9a9e8
train,36 hr Mutton,36_hr_Mutton_0054.jpg,train/36 hr Mutton/36_hr_Mutton_0054.jpg,559445,6546e923d5a544c96791d1fdd8fa277e
train,36 hr Mutton,36_hr_Mutton_0055.jpg,train/36 hr Mutton/36_hr_Mutton_0055.jpg,564716,4e823fcbefb2917b151749e372c11c83
train,36 hr Mutton,36_hr_Mutton_0056.jpg,train/36 hr Mutton/36_hr_Mutton_0056.jpg,508516,8b6ac024f2c30d3cfc3e4b958e3a3ae1
train,36 hr Mutton,36_hr_Mutton_0057.jpg,train/36 hr Mutton/36_hr_Mutton_0057.jpg,526202,6bed4aebe6e5cc928fe60c8621e37c33
train,36 hr Mutton,36_hr_Mutton_0058.jpg,train/36 hr Mutton/36_hr_Mutton_0058.jpg,601091,bb8b5e591a34b47fb858d3882f845cd3
train,36 hr Mutton,36_hr_Mutton_0059.jpg,train/36 hr Mutton/36_hr_Mutton_0059.jpg,571705,2dcf37b9c7f1dc7c89a129358caaa922
train,36 hr Mutton,36_hr_Mutton_0060.jpg,train/36 hr Mutton/36_hr_Mutton_0060.jpg,489770,9c8f794ae62ebf4fcd041a48f190efe7
train,36 hr Mutton,36_hr_Mutton_0061.jpg,train/36 hr Mutton/36_hr_Mutton_0061.jpg,599927,04d66004ae3d37071a550b825e385ebb
train,36 hr Mutton,36_hr_Mutton_0062.jpg,train/36 hr Mutton/36_hr_Mutton_0062.jpg,594869,996831abe4306b1b8edaafb4432dc63e
train,36 hr Mutton,36_hr_Mutton_0063.jpg,train/36 hr Mutton/36_hr_Mutton_0063.jpg,624224,4beccf613c78563a87bcd0799c1bf649
train,36 hr Mutton,36_hr_Mutton_0064.jpg,train/36 hr Mutton/36_hr_Mutton_0064.jpg,649457,cc37dfa9b80ba66093bb01cda21c6d76
train,36 hr Mutton,36_hr_Mutton_0065.jpg,train/36 hr Mutton/36_hr_Mutton_0065.jpg,516020,5abcb4359ef37735f6339e8862bea4cd
train,36 hr Mutton,36_hr_Mutton_0066.jpg,train/36 hr Mutton/36_hr_Mutton_0066.jpg,480595,a07a5af0de39d0c0d69e92dbf78c6b3b
train,36 hr Mutton,36_hr_Mutton_0067.jpg,train/36 hr Mutton/36_hr_Mutton_0067.jpg,535283,91a07e2bc32f2e77b39843df6db99fef
train,36 hr Mutton,36_hr_Mutton_0068.jpg,train/36 hr Mutton/36_hr_Mutton_0068.jpg,517684,b76e71381da4f61eff73bff55bf874e5
train,36 hr Mutton,36_hr_Mutton_0069.jpg,train/36 hr Mutton/36_hr_Mutton_0069.jpg,493681,f51e112dffb9c766948d5653bf7411bf
train,36 hr Mutton,36_hr_Mutton_0070.jpg,train/36 hr Mutton/36_hr_Mutton_0070.jpg,589341,649722134916a06bc5e2a579fe098764
train,36 hr Mutton,36_hr_Mutton_0071.jpg,train/36 hr Mutton/36_hr_Mutton_0071.jpg,483241,47f2ec02498171e876ec0865142fd01c
train,36 hr Mutton,36_hr_Mutton_0072.jpg,train/36 hr Mutton/36_hr_Mutton_0072.jpg,514177,7947de88fca4f8121970fef86024fb0b
train,36 hr Mutton,36_hr_Mutton_0073.jpg,train/36 hr Mutton/36_hr_Mutton_0073.jpg,607276,7ac3f035463978a7fc7112ca9f8a37eb
train,36 hr Mutton,36_hr_Mutton_0074.jpg,train/36 hr Mutton/36_hr_Mutton_0074.jpg,514172,380798208e84ae7a858bcfa0fd9f76c2
train,36 hr Mutton,36_hr_Mutton_0075.jpg,train/36 hr Mutton/36_hr_Mutton_0075.jpg,549940,fa3d3b2da0592588b522cafe1ea5d7f5
train,36 hr Mutton,36_hr_Mutton_0076.jpg,train/36 hr Mutton/36_hr_Mutton_0076.jpg,605420,844f5cd5d552fc2a7ea4bcfc8aa6ed30
train,36 hr Mutton,36_hr_Mutton_0077.jpg,train/36 hr Mutton/36_hr_Mutton_0077.jpg,562021,837c496a905bf82ec218d0b04678d6d1
train,36 hr Mutton,36_hr_Mutton_0078.jpg,train/36 hr Mutton/36_hr_Mutton_0078.jpg,458320,dedf4fb555a737a3975ebe95c79b48ff
train,36 hr Mutton,36_hr_Mutton_0079.jpg,train/36 hr Mutton/36_hr_Mutton_0079.jpg,608991,1fb107d72c89c91cd4966fd647e6507e
train,36 hr Mutton,36_hr_Mutton_0080.jpg,train/36 hr Mutton/36_hr_Mutton_0080.jpg,529208,73438c35e12e182981ce2d976f674089
train,36 hr Mutton,36_hr_Mutton_0081.jpg,train/36 hr Mutton/36_hr_Mutton_0081.jpg,554646,40cb86dadc7a5264896a96691d3bcb43
train,36 hr Mutton,36_hr_Mutton_0082.jpg,train/36 hr Mutton/36_hr_Mutton_0082.jpg,572414,2d03aefaf6077dd4d8ade4bdd55108c5
train,36 hr Mutton,36_hr_Mutton_0083.jpg,train/36 hr Mutton/36_hr_Mutton_0083.jpg,491070,9f526f2ea8e801c6a1aa91928fc8349a
train,36 hr Mutton,36_hr_Mutton_0084.jpg,train/36 hr Mutton/36_hr_Mutton_0084.jpg,596286,0ad925b4b4c7ac1476a194decd95ec95
train,36 hr Mutton,36_hr_Mutton_0085.jpg,train/36 hr Mutton/36_hr_Mutton_0085.jpg,493298,f64dfe5d862ffac7d1f19fd3ee0874b3
train,36 hr Mutton,36_hr_Mutton_0086.jpg,train/36 hr Mutton/36_hr_Mutton_0086.jpg,498665,2f71a1529c6c5a64bb17882dcc279176
train,36 hr Mutton,36_hr_Mutton_0087.jpg,train/36 hr Mutton/36_hr_Mutton_0087.jpg,513823,d96dd5710a48f88545ddf3ff30d4d5ef
train,36 hr Mutton,36_hr_Mutton_0088.jpg,train/36 hr Mutton/36_hr_Mutton_0088.jpg,591454,6128175655ee71a16b5318e39c607bed
train,36 hr Mutton,36_hr_Mutton_0089.jpg,train/36 hr Mutton/36_hr_Mutton_0089.jpg,475786,e9df0a02d999922e097f2c74c5567376
train,36 hr Mutton,36_hr_Mutton_0090.jpg,train/36 hr Mutton/36_hr_Mutton_0090.jpg,479741,9f48151a93f09e72d903e9bbe12e9f97
train,36 hr Mutton,36_hr_Mutton_0091.jpg,train/36 hr Mutton/36_hr_Mutton_0091.jpg,607520,8bef034e37952b4f75b59053dc7e6c58
train,36 hr Mutton,36_hr_Mutton_0092.jpg,train/36 hr Mutton/36_hr_Mutton_0092.jpg,614912,93e26515811ccca21831dcef952c718b
train,36 hr Mutton,36_hr_Mutton_0093.jpg,train/36 hr Mutton/36_hr_Mutton_0093.jpg,569345,1e9195b7f9ac2c2fc4c11cffc8660b8b
train,36 hr Mutton,36_hr_Mutton_0094.jpg,train/36 hr Mutton/36_hr_Mutton_0094.jpg,559776,34eee59f76addbd4f11788472ff87f7c
train,36 hr Mutton,36_hr_Mutton_0095.jpg,train/36 hr Mutton/36_hr_Mutton_0095.jpg,475550,0ef70111578ff73214c6ca0748813f41
train,36 hr Mutton,36_hr_Mutton_0096.jpg,train/36 hr Mutton/36_hr_Mutton_0096.jpg,461184,2c66a29f627cc11a80c3b3c8f4b5b765
train,36 hr Mutton,36_hr_Mutton_0097.jpg,train/36 hr Mutton/36_hr_Mutton_0097.jpg,575574,fa1621cb090f7f79b54910bfd5c29c29
train,36 hr Mutton,36_hr_Mutton_0098.jpg,train/36 hr Mutton/36_hr_Mutton_0098.jpg,536754,3a53e8fa169eadcd33a81663a836b3b2
train,36 hr Mutton,36_hr_Mutton_0099.jpg,train/36 hr Mutton/36_hr_Mutton_0099.jpg,527391,982c85a96a17681dcd82c2bc1885823e
train,36 hr Mutton,36_hr_Mutton_0100.jpg,train/36 hr Mutton/36_hr_Mutton_0100.jpg,524985,abaac1fd014af84a98cf677eeb10365c
train,36 hr Mutton,36_hr_Mutton_0101.jpg,train/36 hr Mutton/36_hr_Mutton_0101.jpg,492506,b413c48f52e5a54e745dd6ab2f854969
train,36 hr Mutton,36_hr_Mutton_0102.jpg,train/36 hr Mutton/36_hr_Mutton_0102.jpg,501996,d303c974293547b6a0ef30d1d99ee585
train,36+ hr Beef,36+_hr_Beef_0000.jpg,train/36+ hr Beef/36+_hr_Beef_0000.jpg,558766,b003f920249a14162e088619b0acb737
train,36+ hr Beef,36+_hr_Beef_0001.jpg,train/36+ hr Beef/36+_hr_Beef_0001.jpg,564710,d94e45f1f3ca61ce22812079b0fe596c
train,36+ hr Beef,36+_hr_Beef_0002.jpg,train/36+ hr Beef/36+_hr_Beef_0002.jpg,592259,8f941fa2b9c7cc7c8aec32b43beb2df7
train,36+ hr Beef,36+_hr_Beef_0003.jpg,train/36+ hr Beef/36+_hr_Beef_0003.jpg,546622,fa7382f96c51ce06aa02285f1c62eba6
train,36+ hr Beef,36+_hr_Beef_0004.jpg,train/36+ hr Beef/36+_hr_Beef_0004.jpg,544946,5bf1407ad5414e28892e5b9936ba594f
train,36+ hr Beef,36+_hr_Beef_0005.jpg,train/36+ hr Beef/36+_hr_Beef_0005.jpg,512028,0d34ae54e06b9d9fcd9b6126ed007e5c
train,36+ hr Beef,36+_hr_Beef_0006.jpg,train/36+ hr Beef/36+_hr_Beef_0006.jpg,513480,a55e1cfa2b1d3f9ead33db43455c7d6a
train,36+ hr Beef,36+_hr_Beef_0007.jpg,train/36+ hr Beef/36+_hr_Beef_0007.jpg,558555,300bd46a531cf4dbed81a64d8ec41083
train,36+ hr Beef,36+_hr_Beef_0008.jpg,train/36+ hr Beef/36+_hr_Beef_0008.jpg,566045,fe1035e681f22c737aba5ddf4bd67e81
train,36+ hr Beef,36+_hr_Beef_0009.jpg,train/36+ hr Beef/36+_hr_Beef_0009.jpg,519328,a378e403f9c502da6565bb13a9eb14c3
train,36+ hr Beef,36+_hr_Beef_0010.jpg,train/36+ hr Beef/36+_hr_Beef_0010.jpg,515614,53963fbc7204e9bc7c64dee39a452016
train,36+ hr Beef,36+_hr_Beef_0011.jpg,train/36+ hr Beef/36+_hr_Beef_0011.jpg,530472,94e3ce9fae3ddb949e2720e294526084
train,36+ hr Beef,36+_hr_Beef_0012.jpg,train/36+ hr Beef/36+_hr_Beef_0012.jpg,554376,7fa6239c44fcde2138a2d26b85020491
train,36+ hr Beef,36+_hr_Beef_0013.jpg,train/36+ hr Beef/36+_hr_Beef_0013.jpg,589887,a7e0b685b1ddcca949599c3e740926cc
train,36+ hr Beef,36+_hr_Beef_0014.jpg,train/36+ hr Beef/36+_hr_Beef_0014.jpg,558053,08c27bdb9bbedccb6d0e0a7857959eee
train,36+ hr Beef,36+_hr_Beef_0015.jpg,train/36+ hr Beef/36+_hr_Beef_0015.jpg,570372,87eb012b53cb57ed9a81c75a8378067c
train,36+ hr Beef,36+_hr_Beef_0016.jpg,train/36+ hr Beef/36+_hr_Beef_0016.jpg,573070,201e091d4654a9809b7d464a61452da3
train,36+ hr Beef,36+_hr_Beef_0017.jpg,train/36+ hr Beef/36+_hr_Beef_0017.jpg,588942,d9815c71724632272f27980d67796ba7
train,36+ hr Beef,36+_hr_Beef_0018.jpg,train/36+ hr Beef/36+_hr_Beef_0018.jpg,478185,f9dc099235daef216434128a7fb29192
train,36+ hr Beef,36+_hr_Beef_0019.jpg,train/36+ hr Beef/36+_hr_Beef_0019.jpg,496662,a2410b1f37222c36f537a2c8079ffc98
train,36+ hr Beef,36+_hr_Beef_0020.jpg,train/36+ hr Beef/36+_hr_Beef_0020.jpg,504077,0a1eef135c5980e0b57ea32b4431e6d3
train,36+ hr Beef,36+_hr_Beef_0021.jpg,train/36+ hr Beef/36+_hr_Beef_0021.jpg,630716,b6c8a27baad23ecfd031150b7f4dc431
train,36+ hr Beef,36+_hr_Beef_0022.jpg,train/36+ hr Beef/36+_hr_Beef_0022.jpg,513982,b2e44267b59e583514202630e2eedc12
train,36+ hr Beef,36+_hr_Beef_0023.jpg,train/36+ hr Beef/36+_hr_Beef_0023.jpg,591367,88cc4b6569dbdabd4653c38d0545fe24
train,36+ hr Beef,36+_hr_Beef_0024.jpg,train/36+ hr Beef/36+_hr_Beef_0024.jpg,554599,245ae1e02b2b90fb7bf36d45b8c78c9b
train,36+ hr Beef,36+_hr_Beef_0025.jpg,train/36+ hr Beef/36+_hr_Beef_0025.jpg,584676,b188d3dc351f271ad4edda26f719a0fd
train,36+ hr Beef,36+_hr_Beef_0026.jpg,train/36+ hr Beef/36+_hr_Beef_0026.jpg,489387,8dbb52f78239c98c78f256d3ff78c288
train,36+ hr Beef,36+_hr_Beef_0027.jpg,train/36+ hr Beef/36+_hr_Beef_0027.jpg,602805,9d99a94f52aa039233397ef32bd3eed7
train,36+ hr Beef,36+_hr_Beef_0028.jpg,train/36+ hr Beef/36+_hr_Beef_0028.jpg,565002,eaa1360123446cdd48620ede44ddfdf1
train,36+ hr Beef,36+_hr_Beef_0029.jpg,train/36+ hr Beef/36+_hr_Beef_0029.jpg,566797,3ab5f91c0560d069a98e1a4f1a1a38cf
train,36+ hr Beef,36+_hr_Beef_0030.jpg,train/36+ hr Beef/36+_hr_Beef_0030.jpg,551167,491ea3bc43cd059bb5a0ad40e81c3f7f
train,36+ hr Beef,36+_hr_Beef_0031.jpg,train/36+ hr Beef/36+_hr_Beef_0031.jpg,560309,c364cccf3552c7997229c6d4e478a284
train,36+ hr Beef,36+_hr_Beef_0032.jpg,train/36+ hr Beef/36+_hr_Beef_0032.jpg,551781,1f64822c8dc711a675953b994fb471d9
train,36+ hr Beef,36+_hr_Beef_0033.jpg,train/36+ hr Beef/36+_hr_Beef_0033.jpg,586522,c06fac7701c6c99b59031e79e0922011
train,36+ hr Beef,36+_hr_Beef_0034.jpg,train/36+ hr Beef/36+_hr_Beef_0034.jpg,561711,25eeb01a7c826c0bbb14492ecdc7f9ca
train,36+ hr Beef,36+_hr_Beef_0035.jpg,train/36+ hr Beef/36+_hr_Beef_0035.jpg,578074,6866101e807643fe5c8d767880ec9ea7
train,36+ hr Beef,36+_hr_Beef_0036.jpg,train/36+ hr Beef/36+_hr_Beef_0036.jpg,561398,3d968026d2e4daf53265a937501e240c
train,36+ hr Beef,36+_hr_Beef_0037.jpg,train/36+ hr Beef/36+_hr_Beef_0037.jpg,556499,5621b3edc0c8d8f7079a4f45ddebaf4a
train,36+ hr Beef,36+_hr_Beef_0038.jpg,train/36+ hr Beef/36+_hr_Beef_0038.jpg,558563,b3baaaedc7deabb915cf670fc0ab5341
train,36+ hr Beef,36+_hr_Beef_0039.jpg,train/36+ hr Beef/36+_hr_Beef_0039.jpg,486759,7c85bb3276c8a21b637e7479e3c28064
train,36+ hr Beef,36+_hr_Beef_0040.jpg,train/36+ hr Beef/36+_hr_Beef_0040.jpg,564140,06f85c1c53d3927c1f07b539bf15969f
train,36+ hr Beef,36+_hr_Beef_0041.jpg,train/36+ hr Beef/36+_hr_Beef_0041.jpg,527721,ce39a49d355abcdaf6289c56322b1688
train,36+ hr Beef,36+_hr_Beef_0042.jpg,train/36+ hr Beef/36+_hr_Beef_0042.jpg,555126,c39eb133684721b845bc56a4febb5ff3
train,36+ hr Beef,36+_hr_Beef_0043.jpg,train/36+ hr Beef/36+_hr_Beef_0043.jpg,554960,367675c378ca5e9c1633ffa91a011daa
train,36+ hr Beef,36+_hr_Beef_0044.jpg,train/36+ hr Beef/36+_hr_Beef_0044.jpg,482840,919c3aeef50a4e556254040a459b137d
train,36+ hr Beef,36+_hr_Beef_0045.jpg,train/36+ hr Beef/36+_hr_Beef_0045.jpg,598046,c8b17042df994a06f3e6dd9a0d2e851b
train,36+ hr Beef,36+_hr_Beef_0046.jpg,train/36+ hr Beef/36+_hr_Beef_0046.jpg,492928,62ad489c752b4ff498c8936d9b0274a1
train,36+ hr Beef,36+_hr_Beef_0047.jpg,train/36+ hr Beef/36+_hr_Beef_0047.jpg,586657,1cb69f63d43cfb93179d7086dabafe57
train,36+ hr Beef,36+_hr_Beef_0048.jpg,train/36+ hr Beef/36+_hr_Beef_0048.jpg,529279,c7c4d736fdb01f7f7d5cf58270e0e47f
train,36+ hr Beef,36+_hr_Beef_0049.jpg,train/36+ hr Beef/36+_hr_Beef_0049.jpg,498416,7f6cc1f4590c6b1a13b7903e94258dbb
train,36+ hr Beef,36+_hr_Beef_0050.jpg,train/36+ hr Beef/36+_hr_Beef_0050.jpg,510188,7f1fb016df0e5ff78ad3e383f5621fcc
train,36+ hr Beef,36+_hr_Beef_0051.jpg,train/36+ hr Beef/36+_hr_Beef_0051.jpg,554800,d93b0ad66d19dd27999281d7c6028019
train,36+ hr Beef,36+_hr_Beef_0052.jpg,train/36+ hr Beef/36+_hr_Beef_0052.jpg,590165,eb9304dc46738742c7076c91d8e0a1ac
train,36+ hr Beef,36+_hr_Beef_0053.jpg,train/36+ hr Beef/36+_hr_Beef_0053.jpg,550493,275269dc439536a7badebbf6c5491ad1
train,36+ hr Beef,36+_hr_Beef_0054.jpg,train/36+ hr Beef/36+_hr_Beef_0054.jpg,555178,450ae542265c94e851f21034879c1e3a
train,36+ hr Beef,36+_hr_Beef_0055.jpg,train/36+ hr Beef/36+_hr_Beef_0055.jpg,613303,cda3dd90425434b46e5a84be1d4b12fa
train,36+ hr Beef,36+_hr_Beef_0056.jpg,train/36+ hr Beef/36+_hr_Beef_0056.jpg,480662,609d067f875fc717bdf5ba7bc1d0496c
train,36+ hr Beef,36+_hr_Beef_0057.jpg,train/36+ hr Beef/36+_hr_Beef_0057.jpg,597814,64c3238dfc40c954047bfe6788de15d6
train,36+ hr Beef,36+_hr_Beef_0058.jpg,train/36+ hr Beef/36+_hr_Beef_0058.jpg,621410,951b98226bd1a2ceb90cf62219a5ff22
train,36+ hr Beef,36+_hr_Beef_0059.jpg,train/36+ hr Beef/36+_hr_Beef_0059.jpg,555998,83dc1a7d4c1824df63dc9cf4309ef4c6
train,36+ hr Beef,36+_hr_Beef_0060.jpg,train/36+ hr Beef/36+_hr_Beef_0060.jpg,517314,0b3c2f293f39b8bb15fcedad3c8f5eae
train,36+ hr Beef,36+_hr_Beef_0061.jpg,train/36+ hr Beef/36+_hr_Beef_0061.jpg,548324,b64d2d39848fd54bbf4a544bc228f51c
train,36+ hr Beef,36+_hr_Beef_0062.jpg,train/36+ hr Beef/36+_hr_Beef_0062.jpg,560655,1b9baa2cae32926d9887ecc45d196577
train,36+ hr Beef,36+_hr_Beef_0063.jpg,train/36+ hr Beef/36+_hr_Beef_0063.jpg,566488,a958c1da999a6138f345003b3efa6a9e
train,36+ hr Beef,36+_hr_Beef_0064.jpg,train/36+ hr Beef/36+_hr_Beef_0064.jpg,588428,1241303ee11ba8ca973a732145cca5af
train,36+ hr Beef,36+_hr_Beef_0065.jpg,train/36+ hr Beef/36+_hr_Beef_0065.jpg,623039,11b4b28c57a5ea5c709f45d1a36c55d9
train,36+ hr Beef,36+_hr_Beef_0066.jpg,train/36+ hr Beef/36+_hr_Beef_0066.jpg,537629,819f1e97ea7e0ad66b9b561199394dd1
train,36+ hr Beef,36+_hr_Beef_0067.jpg,train/36+ hr Beef/36+_hr_Beef_0067.jpg,497091,38cbf98fb6251f897e69d5707dd3a226
train,36+ hr Beef,36+_hr_Beef_0068.jpg,train/36+ hr Beef/36+_hr_Beef_0068.jpg,494689,0200838ee1c9319a576767d32bd2af32
train,36+ hr Beef,36+_hr_Beef_0069.jpg,train/36+ hr Beef/36+_hr_Beef_0069.jpg,579008,865329423f1a8663b606fef8e9634b9b
train,36+ hr Beef,36+_hr_Beef_0070.jpg,train/36+ hr Beef/36+_hr_Beef_0070.jpg,521628,a371160e8b2a0ce575e954b23ee419fe
train,36+ hr Beef,36+_hr_Beef_0071.jpg,train/36+ hr Beef/36+_hr_Beef_0071.jpg,527430,80729a8dd91955354faab75c73e4c620
train,36+ hr Beef,36+_hr_Beef_0072.jpg,train/36+ hr Beef/36+_hr_Beef_0072.jpg,545109,3eb3dc0581322857eb0a437a62eb9dde
train,36+ hr Beef,36+_hr_Beef_0073.jpg,train/36+ hr Beef/36+_hr_Beef_0073.jpg,585206,6f93a0b8a217c8f02634556957507aaa
train,36+ hr Beef,36+_hr_Beef_0074.jpg,train/36+ hr Beef/36+_hr_Beef_0074.jpg,574685,ad1e2ff812fe863cd8c27477c0734b21
train,36+ hr Beef,36+_hr_Beef_0075.jpg,train/36+ hr Beef/36+_hr_Beef_0075.jpg,481117,2708f1050480aebf594bc9f847342c51
train,36+ hr Beef,36+_hr_Beef_0076.jpg,train/36+ hr Beef/36+_hr_Beef_0076.jpg,557780,0885e6a1d66874845ad93fbd13f45b0b
train,36+ hr Beef,36+_hr_Beef_0077.jpg,train/36+ hr Beef/36+_hr_Beef_0077.jpg,510224,4230ab8b565e5904911b5ac7d2c56864
train,36+ hr Beef,36+_hr_Beef_0078.jpg,train/36+ hr Beef/36+_hr_Beef_0078.jpg,570116,7dfc4bba4a50b4548be94eb44aa2dd18
train,36+ hr Beef,36+_hr_Beef_0079.jpg,train/36+ hr Beef/36+_hr_Beef_0079.jpg,471448,fe450f5268bf8da23f387cf1d057fa8a
train,36+ hr Beef,36+_hr_Beef_0080.jpg,train/36+ hr Beef/36+_hr_Beef_0080.jpg,377846,4ce857281eef132ab63629146e68fb73
train,36+ hr Beef,36+_hr_Beef_0081.jpg,train/36+ hr Beef/36+_hr_Beef_0081.jpg,572573,c2e08a685a7ebc77aeb8611907b82c2b
train,36+ hr Beef,36+_hr_Beef_0082.jpg,train/36+ hr Beef/36+_hr_Beef_0082.jpg,565313,6a0be3fc15cec291d0fb42acf0ea3372
train,36+ hr Beef,36+_hr_Beef_0083.jpg,train/36+ hr Beef/36+_hr_Beef_0083.jpg,549222,aafd87ffc492e407dc63f5def372865e
train,36+ hr Beef,36+_hr_Beef_0084.jpg,train/36+ hr Beef/36+_hr_Beef_0084.jpg,517062,7330bfcff14449e0d23812bf37021f09
train,36+ hr Beef,36+_hr_Beef_0085.jpg,train/36+ hr Beef/36+_hr_Beef_0085.jpg,608287,163a534834e4e6e0af21f7ff5f0f36a1
train,36+ hr Beef,36+_hr_Beef_0086.jpg,train/36+ hr Beef/36+_hr_Beef_0086.jpg,612380,5025da049153abd3bb0ce4c20c5beb45
train,36+ hr Beef,36+_hr_Beef_0087.jpg,train/36+ hr Beef/36+_hr_Beef_0087.jpg,560440,1f5bc349370f8bcebfeaedf03016ba85
train,36+ hr Beef,36+_hr_Beef_0088.jpg,train/36+ hr Beef/36+_hr_Beef_0088.jpg,556083,c061dc465991245bfc2298ea7d632b2a
train,36+ hr Beef,36+_hr_Beef_0089.jpg,train/36+ hr Beef/36+_hr_Beef_0089.jpg,542304,4b73da81324aa2703d5974e6d3299edb
train,36+ hr Beef,36+_hr_Beef_0090.jpg,train/36+ hr Beef/36+_hr_Beef_0090.jpg,502881,268f6befbd7145a855d804169e8256bb
train,36+ hr Beef,36+_hr_Beef_0091.jpg,train/36+ hr Beef/36+_hr_Beef_0091.jpg,573215,1546e27b269eafb87d18f63418f8966b
train,36+ hr Beef,36+_hr_Beef_0092.jpg,train/36+ hr Beef/36+_hr_Beef_0092.jpg,525082,220cf6047a4d67863f2a96216b4ea7bd
train,36+ hr Beef,36+_hr_Beef_0093.jpg,train/36+ hr Beef/36+_hr_Beef_0093.jpg,552856,c736982fb274fec2cf710bcef87ea91b
train,36+ hr Beef,36+_hr_Beef_0094.jpg,train/36+ hr Beef/36+_hr_Beef_0094.jpg,580375,9a0cc270bc40543ef3ca5919fc7cf7b7
train,36+ hr Beef,36+_hr_Beef_0095.jpg,train/36+ hr Beef/36+_hr_Beef_0095.jpg,603483,35c5a493c043999e39639b7620e82cea
train,36+ hr Beef,36+_hr_Beef_0096.jpg,train/36+ hr Beef/36+_hr_Beef_0096.jpg,559170,0d30ea2ab8aa60041f66dd71a50e9acf
train,36+ hr Beef,36+_hr_Beef_0097.jpg,train/36+ hr Beef/36+_hr_Beef_0097.jpg,522685,57e271b968686245c314648d369cb9a5
train,36+ hr Beef,36+_hr_Beef_0098.jpg,train/36+ hr Beef/36+_hr_Beef_0098.jpg,613730,a555152768f21d5f99b7580e64f14de9
train,36+ hr Beef,36+_hr_Beef_0099.jpg,train/36+ hr Beef/36+_hr_Beef_0099.jpg,618959,caadb92d40a92d2744fdbe5dc64fd401
train,36+ hr Beef,36+_hr_Beef_0100.jpg,train/36+ hr Beef/36+_hr_Beef_0100.jpg,576679,3d88a769fe5027a792e72f09a1ef8cf3
train,36+ hr Beef,36+_hr_Beef_0101.jpg,train/36+ hr Beef/36+_hr_Beef_0101.jpg,528765,b9e4cfca5526f8a9fa6c71488e97a362
train,36+ hr Beef,36+_hr_Beef_0102.jpg,train/36+ hr Beef/36+_hr_Beef_0102.jpg,610860,12f2817a8c8fe539ef45761d2e739685
train,36+ hr Beef,36+_hr_Beef_0103.jpg,train/36+ hr Beef/36+_hr_Beef_0103.jpg,547810,4d3e522eaf1ec5b3ff3a3bf08d6eb270
train,36+ hr Beef,36+_hr_Beef_0104.jpg,train/36+ hr Beef/36+_hr_Beef_0104.jpg,592761,df25236467ec295319807cbaa1f590d7
train,36+ hr Beef,36+_hr_Beef_0105.jpg,train/36+ hr Beef/36+_hr_Beef_0105.jpg,566068,516655debd34234f2cc1e3608688e522
train,36+ hr Beef,36+_hr_Beef_0106.jpg,train/36+ hr Beef/36+_hr_Beef_0106.jpg,589820,2eb904e0bceb328ede6f08d5bb0e564c
train,36+ hr Beef,36+_hr_Beef_0107.jpg,train/36+ hr Beef/36+_hr_Beef_0107.jpg,507406,d9684dbd5b9b7dda5e555874b5bc1d46
train,36+ hr Beef,36+_hr_Beef_0108.jpg,train/36+ hr Beef/36+_hr_Beef_0108.jpg,530220,3fddc49b8be252f296293cd200edbf1b
train,36+ hr Beef,36+_hr_Beef_0109.jpg,train/36+ hr Beef/36+_hr_Beef_0109.jpg,542489,67fd1125d3ab6f8119c048b16ee45340
train,36+ hr Beef,36+_hr_Beef_0110.jpg,train/36+ hr Beef/36+_hr_Beef_0110.jpg,595183,1c386ba35a0f5f120e8ad2a89b9eab6a
train,36+ hr Beef,36+_hr_Beef_0111.jpg,train/36+ hr Beef/36+_hr_Beef_0111.jpg,513707,7b3ce36a2546e74ac83ee3e321eab6a3
train,36+ hr Beef,36+_hr_Beef_0112.jpg,train/36+ hr Beef/36+_hr_Beef_0112.jpg,581786,6fdf575975833d77609f039a716dc955
train,36+ hr Beef,36+_hr_Beef_0113.jpg,train/36+ hr Beef/36+_hr_Beef_0113.jpg,552726,54b3ecb216dbd729d13dafd42ddf7a43
train,36+ hr Beef,36+_hr_Beef_0114.jpg,train/36+ hr Beef/36+_hr_Beef_0114.jpg,678815,935c0d952f945873e287a9eee23ee4bd
train,36+ hr Beef,36+_hr_Beef_0115.jpg,train/36+ hr Beef/36+_hr_Beef_0115.jpg,516838,b2e42d9dcb0ac15125b25ac73f5c0128
train,36+ hr Beef,36+_hr_Beef_0116.jpg,train/36+ hr Beef/36+_hr_Beef_0116.jpg,562848,96717e6046cc4778a212473b8f2e7e13
train,36+ hr Beef,36+_hr_Beef_0117.jpg,train/36+ hr Beef/36+_hr_Beef_0117.jpg,546607,7aefad12788d3f7c3accbe1ccd247531
train,36+ hr Beef,36+_hr_Beef_0118.jpg,train/36+ hr Beef/36+_hr_Beef_0118.jpg,490593,940c6e70d43ceb4f5c87ba9e2a47d7a1
train,36+ hr Beef,36+_hr_Beef_0119.jpg,train/36+ hr Beef/36+_hr_Beef_0119.jpg,607796,b4595aab4604bbcd06b5d4030afaa272
train,36+ hr Beef,36+_hr_Beef_0120.jpg,train/36+ hr Beef/36+_hr_Beef_0120.jpg,538112,59bbf799830d7d39551fdba6e6776d8b
train,36+ hr Beef,36+_hr_Beef_0121.jpg,train/36+ hr Beef/36+_hr_Beef_0121.jpg,537665,2e9c1cd80c7e07dc9cd0e5ead4fdd9b8
train,36+ hr Beef,36+_hr_Beef_0122.jpg,train/36+ hr Beef/36+_hr_Beef_0122.jpg,480990,7157be28a5ab2d907d2eb28277abe0c9
train,36+ hr Beef,36+_hr_Beef_0123.jpg,train/36+ hr Beef/36+_hr_Beef_0123.jpg,513729,cb3a08a1f4bfb07c662507a2101b9851
train,36+ hr Beef,36+_hr_Beef_0124.jpg,train/36+ hr Beef/36+_hr_Beef_0124.jpg,578126,b33d188a42133bfd6178ea997bb17183
train,36+ hr Beef,36+_hr_Beef_0125.jpg,train/36+ hr Beef/36+_hr_Beef_0125.jpg,514520,36940479ca4ee979e2731f78f1d95b92
train,36+ hr Beef,36+_hr_Beef_0126.jpg,train/36+ hr Beef/36+_hr_Beef_0126.jpg,568558,6b73a3ccd1c2d1efa4b7af3537b19a27
train,36+ hr Beef,36+_hr_Beef_0127.jpg,train/36+ hr Beef/36+_hr_Beef_0127.jpg,563699,86d1dd2ac6efb94c005b15cc2082742d
train,36+ hr Beef,36+_hr_Beef_0128.jpg,train/36+ hr Beef/36+_hr_Beef_0128.jpg,532161,57c5147868497fd39cba08384a0eb36c
train,36+ hr Beef,36+_hr_Beef_0129.jpg,train/36+ hr Beef/36+_hr_Beef_0129.jpg,559555,68e84e7f628e58e59f5e2a32a5a3f8ab
train,36+ hr Beef,36+_hr_Beef_0130.jpg,train/36+ hr Beef/36+_hr_Beef_0130.jpg,605054,10bdbeb11827970d08343c3f2b663cd5
train,36+ hr Beef,36+_hr_Beef_0131.jpg,train/36+ hr Beef/36+_hr_Beef_0131.jpg,464395,24998adb89aadc62ff433c424f83b1f0
train,36+ hr Beef,36+_hr_Beef_0132.jpg,train/36+ hr Beef/36+_hr_Beef_0132.jpg,548971,54e99773fbe5b28f84f30e90d6cd140b
train,36+ hr Beef,36+_hr_Beef_0133.jpg,train/36+ hr Beef/36+_hr_Beef_0133.jpg,556713,c295318655f0293dab9ae993d830a89c
train,36+ hr Beef,36+_hr_Beef_0134.jpg,train/36+ hr Beef/36+_hr_Beef_0134.jpg,574347,3ab331ccc711dfca4ad5e761c4440ca3
train,36+ hr Beef,36+_hr_Beef_0135.jpg,train/36+ hr Beef/36+_hr_Beef_0135.jpg,561938,bc7b06786155f1410a9544ca94403f78
train,36+ hr Beef,36+_hr_Beef_0136.jpg,train/36+ hr Beef/36+_hr_Beef_0136.jpg,529810,dea65f59320880b00410eb57fcafd5ea
train,36+ hr Beef,36+_hr_Beef_0137.jpg,train/36+ hr Beef/36+_hr_Beef_0137.jpg,547308,fa22c91a6fbe7c50c6fec979208839ba
train,36+ hr Beef,36+_hr_Beef_0138.jpg,train/36+ hr Beef/36+_hr_Beef_0138.jpg,580265,3e0469f5ec9ae167f69a785980460e62
train,36+ hr Beef,36+_hr_Beef_0139.jpg,train/36+ hr Beef/36+_hr_Beef_0139.jpg,554434,e250874a0bcbc2b6413f1daec5c38975
train,36+ hr Beef,36+_hr_Beef_0140.jpg,train/36+ hr Beef/36+_hr_Beef_0140.jpg,562991,45f742189c8f63450dee4cdf651956f6
train,36+ hr Beef,36+_hr_Beef_0141.jpg,train/36+ hr Beef/36+_hr_Beef_0141.jpg,561246,157afec501c01dddcadc73637cd2dc62
train,36+ hr Beef,36+_hr_Beef_0142.jpg,train/36+ hr Beef/36+_hr_Beef_0142.jpg,565888,6b5784ebd4beafc725c35a13983199d5
train,36+ hr Beef,36+_hr_Beef_0143.jpg,train/36+ hr Beef/36+_hr_Beef_0143.jpg,495001,d9751a018b95b6b82d8715b57268b570
train,36+ hr Beef,36+_hr_Beef_0144.jpg,train/36+ hr Beef/36+_hr_Beef_0144.jpg,604642,a421050d5fd6f3e0d31a739d571c7efd
train,36+ hr Beef,36+_hr_Beef_0145.jpg,train/36+ hr Beef/36+_hr_Beef_0145.jpg,517029,bfff0f3517a17fc2b01eb86944a114b0
train,36+ hr Beef,36+_hr_Beef_0146.jpg,train/36+ hr Beef/36+_hr_Beef_0146.jpg,562891,0480c4b26a008ffd74f13d588c5d4811
train,36+ hr Beef,36+_hr_Beef_0147.jpg,train/36+ hr Beef/36+_hr_Beef_0147.jpg,553823,73681f9d67c01f5196d19ceab6acfb3c
train,36+ hr Beef,36+_hr_Beef_0148.jpg,train/36+ hr Beef/36+_hr_Beef_0148.jpg,516160,7f25f1d32a3cb5a1fcf5ceba330744ae
train,36+ hr Beef,36+_hr_Beef_0149.jpg,train/36+ hr Beef/36+_hr_Beef_0149.jpg,557115,400d81f8cb1320fc771eb2b15e6850a3
train,36+ hr Beef,36+_hr_Beef_0150.jpg,train/36+ hr Beef/36+_hr_Beef_0150.jpg,543131,34c885b2af15f4aae68bccb3555a470c
train,36+ hr Beef,36+_hr_Beef_0151.jpg,train/36+ hr Beef/36+_hr_Beef_0151.jpg,598222,32d26b54aaac73131244486433f76c2c
train,36+ hr Beef,36+_hr_Beef_0152.jpg,train/36+ hr Beef/36+_hr_Beef_0152.jpg,636294,b84865bad8e43647259159aa9a1bd370
train,36+ hr Beef,36+_hr_Beef_0153.jpg,train/36+ hr Beef/36+_hr_Beef_0153.jpg,512935,8e3de1e632ccc06503f32e3d0fd38374
train,36+ hr Beef,36+_hr_Beef_0154.jpg,train/36+ hr Beef/36+_hr_Beef_0154.jpg,583722,03c883fece26dd4352f8ce8d6ad85eca
train,36+ hr Beef,36+_hr_Beef_0155.jpg,train/36+ hr Beef/36+_hr_Beef_0155.jpg,540812,0c7db41ef888902f010d8432bb925615
train,36+ hr Beef,36+_hr_Beef_0156.jpg,train/36+ hr Beef/36+_hr_Beef_0156.jpg,586530,cebcb4cb296c23d6fc3edc838fb3daab
train,48 hr Mutton,48_hr_Mutton_0000.jpg,train/48 hr Mutton/48_hr_Mutton_0000.jpg,463863,299c585dff128d8de2150db769386808
train,48 hr Mutton,48_hr_Mutton_0001.jpg,train/48 hr Mutton/48_hr_Mutton_0001.jpg,473351,8654cfc909bd146ee90bdb684d0488c0
train,48 hr Mutton,48_hr_Mutton_0002.jpg,train/48 hr Mutton/48_hr_Mutton_0002.jpg,496062,14b3bab9acfc93ec25f441f701ffde75
train,48 hr Mutton,48_hr_Mutton_0003.jpg,train/48 hr Mutton/48_hr_Mutton_0003.jpg,504689,3dc7dd6de9b6544f227f9ce07545f80a
train,48 hr Mutton,48_hr_Mutton_0004.jpg,train/48 hr Mutton/48_hr_Mutton_0004.jpg,462710,bb41eb12bee0fe4a65470ae2f8046fec
train,48 hr Mutton,48_hr_Mutton_0005.jpg,train/48 hr Mutton/48_hr_Mutton_0005.jpg,482068,60c07a2337ef461a3ca971d17cf0e9c0
train,48 hr Mutton,48_hr_Mutton_0006.jpg,train/48 hr Mutton/48_hr_Mutton_0006.jpg,477648,bb09dc10f83818268de49c9a42c3d8cb
train,48 hr Mutton,48_hr_Mutton_0007.jpg,train/48 hr Mutton/48_hr_Mutton_0007.jpg,465726,669b871894bda1f72e0e0237ddfc4d90
train,48 hr Mutton,48_hr_Mutton_0008.jpg,train/48 hr Mutton/48_hr_Mutton_0008.jpg,567708,67b74c5e0fd93e68022598ac28337e6a
train,48 hr Mutton,48_hr_Mutton_0009.jpg,train/48 hr Mutton/48_hr_Mutton_0009.jpg,465116,9505b8eebf113566cf9fc951ad6583d0
train,48 hr Mutton,48_hr_Mutton_0010.jpg,train/48 hr Mutton/48_hr_Mutton_0010.jpg,499406,0463972aa08f8ca1cd814f6b29a18aec
train,48 hr Mutton,48_hr_Mutton_0011.jpg,train/48 hr Mutton/48_hr_Mutton_0011.jpg,399935,9c16cdd00a1f52d3795a0bc88e5b5f93
train,48 hr Mutton,48_hr_Mutton_0012.jpg,train/48 hr Mutton/48_hr_Mutton_0012.jpg,519689,a9cf48b35c8d837ac8a292f1411a736d
train,48 hr Mutton,48_hr_Mutton_0013.jpg,train/48 hr Mutton/48_hr_Mutton_0013.jpg,453316,06511ae6c96bcf4f67ed0ece75dbd4a4
train,48 hr Mutton,48_hr_Mutton_0014.jpg,train/48 hr Mutton/48_hr_Mutton_0014.jpg,425277,ad45ef7c88afd19a58cfaa4f2e0d4920
train,48 hr Mutton,48_hr_Mutton_0015.jpg,train/48 hr Mutton/48_hr_Mutton_0015.jpg,411353,06f7af413babdc32bee3da4781faaa1e
train,48 hr Mutton,48_hr_Mutton_0016.jpg,train/48 hr Mutton/48_hr_Mutton_0016.jpg,462489,d80ee2e43683e8d84bbe69cf3414f510
train,48 hr Mutton,48_hr_Mutton_0017.jpg,train/48 hr Mutton/48_hr_Mutton_0017.jpg,506087,3ef74e6f6eb9bf2cca47c6ad0d89f3db
train,48 hr Mutton,48_hr_Mutton_0018.jpg,train/48 hr Mutton/48_hr_Mutton_0018.jpg,474331,3f1c52c8e6003e1bc3e68c4f2015fc80
train,48 hr Mutton,48_hr_Mutton_0019.jpg,train/48 hr Mutton/48_hr_Mutton_0019.jpg,595287,13c8a90435507e301a4022424529ed34
train,48 hr Mutton,48_hr_Mutton_0020.jpg,train/48 hr Mutton/48_hr_Mutton_0020.jpg,438061,f5598c1303b2ae7d3a1555a25bb0ac7b
train,48 hr Mutton,48_hr_Mutton_0021.jpg,train/48 hr Mutton/48_hr_Mutton_0021.jpg,558460,358f723aa91bbb05397fb2dee04a3e35
train,48 hr Mutton,48_hr_Mutton_0022.jpg,train/48 hr Mutton/48_hr_Mutton_0022.jpg,463610,c58f6838b1c67f017554f325a870eb7b
train,48 hr Mutton,48_hr_Mutton_0023.jpg,train/48 hr Mutton/48_hr_Mutton_0023.jpg,522504,2e58b3e3bc88fc6bff0a6b873cae52b9
train,48 hr Mutton,48_hr_Mutton_0024.jpg,train/48 hr Mutton/48_hr_Mutton_0024.jpg,439114,6cf72c27f138a4d87d14ed449a72b4e5
train,48 hr Mutton,48_hr_Mutton_0025.jpg,train/48 hr Mutton/48_hr_Mutton_0025.jpg,491744,8bf80b7a702c47a880d65b45795b0b2a
train,48 hr Mutton,48_hr_Mutton_0026.jpg,train/48 hr Mutton/48_hr_Mutton_0026.jpg,504899,860fe3dc986664f0d55d9dce34011ba2
train,48 hr Mutton,48_hr_Mutton_0027.jpg,train/48 hr Mutton/48_hr_Mutton_0027.jpg,526081,16cde37251d9ebc18e8fdcbe0083957f
train,48 hr Mutton,48_hr_Mutton_0028.jpg,train/48 hr Mutton/48_hr_Mutton_0028.jpg,420576,54600243721438bfae508dacb1007590
train,48 hr Mutton,48_hr_Mutton_0029.jpg,train/48 hr Mutton/48_hr_Mutton_0029.jpg,542916,d3189d465ae7e72f0a32f6db6d063013
train,48 hr Mutton,48_hr_Mutton_0030.jpg,train/48 hr Mutton/48_hr_Mutton_0030.jpg,518712,23a6142eddbf96a23791bedf584654dd
train,48 hr Mutton,48_hr_Mutton_0031.jpg,train/48 hr Mutton/48_hr_Mutton_0031.jpg,473790,7033b6cae93a162b1fb00041c4faa7b8
train,48 hr Mutton,48_hr_Mutton_0032.jpg,train/48 hr Mutton/48_hr_Mutton_0032.jpg,488265,e913921b9b2bc96e7a9dc781679fb951
train,48 hr Mutton,48_hr_Mutton_0033.jpg,train/48 hr Mutton/48_hr_Mutton_0033.jpg,434719,d3d04e0587117881ba411248505f3b74
train,48 hr Mutton,48_hr_Mutton_0034.jpg,train/48 hr Mutton/48_hr_Mutton_0034.jpg,510015,7eccad16188b6a1ba3e51994bebd8e4b
train,48 hr Mutton,48_hr_Mutton_0035.jpg,train/48 hr Mutton/48_hr_Mutton_0035.jpg,523357,ff0e31d8d8849f2887dc03c0f74bfbf9
train,48 hr Mutton,48_hr_Mutton_0036.jpg,train/48 hr Mutton/48_hr_Mutton_0036.jpg,474020,372a851690e2acc1064c499aab61dd99
train,48 hr Mutton,48_hr_Mutton_0037.jpg,train/48 hr Mutton/48_hr_Mutton_0037.jpg,564651,3d9e4ae90a68f7beaa461dbd2c6d7937
train,48 hr Mutton,48_hr_Mutton_0038.jpg,train/48 hr Mutton/48_hr_Mutton_0038.jpg,441295,d9ea533e41b632c7642574d7296ce88e
train,48 hr Mutton,48_hr_Mutton_0039.jpg,train/48 hr Mutton/48_hr_Mutton_0039.jpg,490590,f79740c361a5aed44bc5fb6318e853ec
train,48 hr Mutton,48_hr_Mutton_0040.jpg,train/48 hr Mutton/48_hr_Mutton_0040.jpg,485079,759ff5c95d6b12911746ba42d9cb78e5
train,48 hr Mutton,48_hr_Mutton_0041.jpg,train/48 hr Mutton/48_hr_Mutton_0041.jpg,369536,7ead259acc2150bff750a0faae2e201c
train,48 hr Mutton,48_hr_Mutton_0042.jpg,train/48 hr Mutton/48_hr_Mutton_0042.jpg,480845,6402edb2dd381cd5f4fb477fcb5b3399
train,48 hr Mutton,48_hr_Mutton_0043.jpg,train/48 hr Mutton/48_hr_Mutton_0043.jpg,604081,ff876f250f626d98e9beb69fc98b50c9
train,48 hr Mutton,48_hr_Mutton_0044.jpg,train/48 hr Mutton/48_hr_Mutton_0044.jpg,490535,f77081de7c199e6e954dd011c51ceeb8
train,48 hr Mutton,48_hr_Mutton_0045.jpg,train/48 hr Mutton/48_hr_Mutton_0045.jpg,469884,d4143bc6afe554ca3465511ee3fbd72e
train,48 hr Mutton,48_hr_Mutton_0046.jpg,train/48 hr Mutton/48_hr_Mutton_0046.jpg,492224,be32b1910b5014c294cffafbb93f2d18
train,48 hr Mutton,48_hr_Mutton_0047.jpg,train/48 hr Mutton/48_hr_Mutton_0047.jpg,583902,ae40c4dff77833f9b13cea31d87064ca
train,48 hr Mutton,48_hr_Mutton_0048.jpg,train/48 hr Mutton/48_hr_Mutton_0048.jpg,467391,b3650127b80deca799ac2ce706336e1d
train,48 hr Mutton,48_hr_Mutton_0049.jpg,train/48 hr Mutton/48_hr_Mutton_0049.jpg,469932,affe21a81ebf1703d476186a068b193c
train,48 hr Mutton,48_hr_Mutton_0050.jpg,train/48 hr Mutton/48_hr_Mutton_0050.jpg,465004,b5db9aa1804bde48be5c651fc6c54e6a
train,48 hr Mutton,48_hr_Mutton_0051.jpg,train/48 hr Mutton/48_hr_Mutton_0051.jpg,558980,2548da67e21ff034dcb0da52534b06ee
train,48 hr Mutton,48_hr_Mutton_0052.jpg,train/48 hr Mutton/48_hr_Mutton_0052.jpg,436720,90da59e199866f45fc2632c5dae63fa4
train,48 hr Mutton,48_hr_Mutton_0053.jpg,train/48 hr Mutton/48_hr_Mutton_0053.jpg,528559,fe67ed07a2a726743ecca75cba45b53c
train,48 hr Mutton,48_hr_Mutton_0054.jpg,train/48 hr Mutton/48_hr_Mutton_0054.jpg,537306,40bd6322494efd2c17451a7fd2d2e0ae
train,48 hr Mutton,48_hr_Mutton_0055.jpg,train/48 hr Mutton/48_hr_Mutton_0055.jpg,465835,cf881e483ba8a72b1dabe9faa96fa220
train,48 hr Mutton,48_hr_Mutton_0056.jpg,train/48 hr Mutton/48_hr_Mutton_0056.jpg,436673,0edc48502d952005f61ce131d3bc5c12
train,48 hr Mutton,48_hr_Mutton_0057.jpg,train/48 hr Mutton/48_hr_Mutton_0057.jpg,481571,7d4ce6b4adf96c311a074e465539a2ea
train,48 hr Mutton,48_hr_Mutton_0058.jpg,train/48 hr Mutton/48_hr_Mutton_0058.jpg,528594,58cd04ebe58a0834323a8d46ecccedb6
train,48 hr Mutton,48_hr_Mutton_0059.jpg,train/48 hr Mutton/48_hr_Mutton_0059.jpg,429956,91efbb996bf7029967fabe54bfdbe7a6
train,48 hr Mutton,48_hr_Mutton_0060.jpg,train/48 hr Mutton/48_hr_Mutton_0060.jpg,497114,6dabd74668795f43df5e18c87991ca93
train,48 hr Mutton,48_hr_Mutton_0061.jpg,train/48 hr Mutton/48_hr_Mutton_0061.jpg,481332,b2b3fcddf122aae9628c0bd9215f337a
train,48 hr Mutton,48_hr_Mutton_0062.jpg,train/48 hr Mutton/48_hr_Mutton_0062.jpg,554245,1dac8c7cda167117974cb85e50550476
train,48 hr Mutton,48_hr_Mutton_0063.jpg,train/48 hr Mutton/48_hr_Mutton_0063.jpg,410821,5d92760c8f3adb412947b8787e95b337
train,48 hr Mutton,48_hr_Mutton_0064.jpg,train/48 hr Mutton/48_hr_Mutton_0064.jpg,497590,922a86585f4eb9be6fe3f3bcbae862db
train,48 hr Mutton,48_hr_Mutton_0065.jpg,train/48 hr Mutton/48_hr_Mutton_0065.jpg,429406,3330c491f637fe66ff7c3e74cb38e76f
train,48 hr Mutton,48_hr_Mutton_0066.jpg,train/48 hr Mutton/48_hr_Mutton_0066.jpg,472156,c72841d95533624c9156106dca05bf9d
train,48 hr Mutton,48_hr_Mutton_0067.jpg,train/48 hr Mutton/48_hr_Mutton_0067.jpg,431425,96c028fd445ba6fff791098e641e574c
train,48 hr Mutton,48_hr_Mutton_0068.jpg,train/48 hr Mutton/48_hr_Mutton_0068.jpg,432539,cc3c28fd376834f9a8151070f9112daf
train,48 hr Mutton,48_hr_Mutton_0069.jpg,train/48 hr Mutton/48_hr_Mutton_0069.jpg,541859,475cb041778718389ca51a7a8fd2f143
train,48 hr Mutton,48_hr_Mutton_0070.jpg,train/48 hr Mutton/48_hr_Mutton_0070.jpg,418848,0b72f82c04f0161b14545a8607001e30
train,48 hr Mutton,48_hr_Mutton_0071.jpg,train/48 hr Mutton/48_hr_Mutton_0071.jpg,563913,4fedb23ae5529c05e1eee9cad2451570
train,48 hr Mutton,48_hr_Mutton_0072.jpg,train/48 hr Mutton/48_hr_Mutton_0072.jpg,441410,2da0a6c10d7bdf5bb34246df7fce778a
train,48 hr Mutton,48_hr_Mutton_0073.jpg,train/48 hr Mutton/48_hr_Mutton_0073.jpg,492413,a042cba1a728d89933a278fd4a6ea741
train,48 hr Mutton,48_hr_Mutton_0074.jpg,train/48 hr Mutton/48_hr_Mutton_0074.jpg,476653,005bf5fae15c935399927994c60f300c
train,48 hr Mutton,48_hr_Mutton_0075.jpg,train/48 hr Mutton/48_hr_Mutton_0075.jpg,486620,065c6640a8a90625acc86dc61f621291
train,48 hr Mutton,48_hr_Mutton_0076.jpg,train/48 hr Mutton/48_hr_Mutton_0076.jpg,581614,36408c82bef98050082dd94b6a545eb2
train,48 hr Mutton,48_hr_Mutton_0077.jpg,train/48 hr Mutton/48_hr_Mutton_0077.jpg,465623,c09c0648c5a0fea85cca40a2e0cbb785
train,48 hr Mutton,48_hr_Mutton_0078.jpg,train/48 hr Mutton/48_hr_Mutton_0078.jpg,432427,c39244136ff3260c5250562b8ea801b8
train,48 hr Mutton,48_hr_Mutton_0079.jpg,train/48 hr Mutton/48_hr_Mutton_0079.jpg,571420,04543bfcc98ac7ac4ae201bae246d22f
train,48 hr Mutton,48_hr_Mutton_0080.jpg,train/48 hr Mutton/48_hr_Mutton_0080.jpg,483767,95f7e6794335f6062c5c044264514d78
train,48 hr Mutton,48_hr_Mutton_0081.jpg,train/48 hr Mutton/48_hr_Mutton_0081.jpg,536809,161e12569dc038cceded1886191214bb
train,48 hr Mutton,48_hr_Mutton_0082.jpg,train/48 hr Mutton/48_hr_Mutton_0082.jpg,581831,c28b994706156936e752b034bf8b7cd7
train,48 hr Mutton,48_hr_Mutton_0083.jpg,train/48 hr Mutton/48_hr_Mutton_0083.jpg,457129,f4edc0b0a65be1381842b5511b9117f2
train,48 hr Mutton,48_hr_Mutton_0084.jpg,train/48 hr Mutton/48_hr_Mutton_0084.jpg,569792,c8bc1b406362ab6db11b7b7a89634656
train,48 hr Mutton,48_hr_Mutton_0085.jpg,train/48 hr Mutton/48_hr_Mutton_0085.jpg,544454,4df1f8bac3bf0665d38c6998cb51d573
train,48 hr Mutton,48_hr_Mutton_0086.jpg,train/48 hr Mutton/48_hr_Mutton_0086.jpg,478075,9eb0c7bfb7e40b91ac060747eade3309
train,48 hr Mutton,48_hr_Mutton_0087.jpg,train/48 hr Mutton/48_hr_Mutton_0087.jpg,418643,9ffdf2bf1ba9b4bed3f9a58ea6f63d49
train,48 hr Mutton,48_hr_Mutton_0088.jpg,train/48 hr Mutton/48_hr_Mutton_0088.jpg,495151,bd5e9e9f6b308bed488ebd5596f1d619
train,48 hr Mutton,48_hr_Mutton_0089.jpg,train/48 hr Mutton/48_hr_Mutton_0089.jpg,562801,8ec2f653d26346debb6228b7c90927f8
train,48 hr Mutton,48_hr_Mutton_0090.jpg,train/48 hr Mutton/48_hr_Mutton_0090.jpg,507376,37d1174feda36054635c31a16b42288d
train,48 hr Mutton,48_hr_Mutton_0091.jpg,train/48 hr Mutton/48_hr_Mutton_0091.jpg,595116,13a9796e488189cfb049406b2c175f96
train,48 hr Mutton,48_hr_Mutton_0092.jpg,train/48 hr Mutton/48_hr_Mutton_0092.jpg,455072,03b7c2cc66ca18d0ebc450f2d94d1eeb
train,48 hr Mutton,48_hr_Mutton_0093.jpg,train/48 hr Mutton/48_hr_Mutton_0093.jpg,472804,e80745efaa5d7df4b0e7b012d240381f
train,48 hr Mutton,48_hr_Mutton_0094.jpg,train/48 hr Mutton/48_hr_Mutton_0094.jpg,445839,f597c89f0c6fcd0f3f7bfdc867e8367a
train,48 hr Mutton,48_hr_Mutton_0095.jpg,train/48 hr Mutton/48_hr_Mutton_0095.jpg,467842,0a2f9716de7cbda86887614e348cea7b
train,48 hr Mutton,48_hr_Mutton_0096.jpg,train/48 hr Mutton/48_hr_Mutton_0096.jpg,467495,bc86050964936d93b1b08295806255ad
train,48 hr Mutton,48_hr_Mutton_0097.jpg,train/48 hr Mutton/48_hr_Mutton_0097.jpg,437115,f7497614e391ba00d8e940494b6b0d18
train,48 hr Mutton,48_hr_Mutton_0098.jpg,train/48 hr Mutton/48_hr_Mutton_0098.jpg,538887,e165d540837cdee5aa4ee8981197d4d1
train,48 hr Mutton,48_hr_Mutton_0099.jpg,train/48 hr Mutton/48_hr_Mutton_0099.jpg,366955,293c5a70c50ae0f2c458afce8957c905
train,48 hr Mutton,48_hr_Mutton_0100.jpg,train/48 hr Mutton/48_hr_Mutton_0100.jpg,437966,e6842a591c4e19b404fefc39f6d5a0f1
train,48 hr Mutton,48_hr_Mutton_0101.jpg,train/48 hr Mutton/48_hr_Mutton_0101.jpg,517046,263d3badb1bc96deadb01d7b240d1c97
train,48 hr Mutton,48_hr_Mutton_0102.jpg,train/48 hr Mutton/48_hr_Mutton_0102.jpg,405810,490a61f94a8487ae785cea44309e7e29
train,48 hr Mutton,48_hr_Mutton_0103.jpg,train/48 hr Mutton/48_hr_Mutton_0103.jpg,546003,86f659c92080286080531a01c370bba8
train,48 hr Mutton,48_hr_Mutton_0104.jpg,train/48 hr Mutton/48_hr_Mutton_0104.jpg,446010,8a3b181eee1965a79ffd6605d08c0635
train,48 hr Mutton,48_hr_Mutton_0105.jpg,train/48 hr Mutton/48_hr_Mutton_0105.jpg,553430,dfe45b8ba253212a7734e241b9426dfb
train,48 hr Mutton,48_hr_Mutton_0106.jpg,train/48 hr Mutton/48_hr_Mutton_0106.jpg,476920,6239ac0e7ba4bbbc1b2ca1b55bc3f4cd
train,48 hr Mutton,48_hr_Mutton_0107.jpg,train/48 hr Mutton/48_hr_Mutton_0107.jpg,427244,fff5caada699235f5bf4f0bdf68cbc5a
train,48 hr Mutton,48_hr_Mutton_0108.jpg,train/48 hr Mutton/48_hr_Mutton_0108.jpg,518478,00d2fcd58cd9b7a58f50a97ce984974f
train,48 hr Mutton,48_hr_Mutton_0109.jpg,train/48 hr Mutton/48_hr_Mutton_0109.jpg,460495,373dd73658ecbcec75a7f4501937c4bd
train,48 hr Mutton,48_hr_Mutton_0110.jpg,train/48 hr Mutton/48_hr_Mutton_0110.jpg,473954,017849e8d4396c6479886a7d9f321073
train,48 hr Mutton,48_hr_Mutton_0111.jpg,train/48 hr Mutton/48_hr_Mutton_0111.jpg,491829,4a82735a5c0a03b5b5330b84105e2915
train,48 hr Mutton,48_hr_Mutton_0112.jpg,train/48 hr Mutton/48_hr_Mutton_0112.jpg,436169,e696d2ccd028b608067c0d65b0111c66
train,48 hr Mutton,48_hr_Mutton_0113.jpg,train/48 hr Mutton/48_hr_Mutton_0113.jpg,466107,a3b2ce7e25bbe732157c5646b791697c
train,48 hr Mutton,48_hr_Mutton_0114.jpg,train/48 hr Mutton/48_hr_Mutton_0114.jpg,511514,c144ae5dff3994d3d40a613d6510f31b
train,48 hr Mutton,48_hr_Mutton_0115.jpg,train/48 hr Mutton/48_hr_Mutton_0115.jpg,486810,2c0d102dd847556cf28ee327cf6dae83
train,48 hr Mutton,48_hr_Mutton_0116.jpg,train/48 hr Mutton/48_hr_Mutton_0116.jpg,516606,9c49a97fe32bf26115b52d26fc550fff
train,48 hr Mutton,48_hr_Mutton_0117.jpg,train/48 hr Mutton/48_hr_Mutton_0117.jpg,481852,55ea38bfb35ce26c1042b9e67000c6c6
train,48 hr Mutton,48_hr_Mutton_0118.jpg,train/48 hr Mutton/48_hr_Mutton_0118.jpg,465479,ddbfd712783a09e981632645030a05d4
train,48 hr Mutton,48_hr_Mutton_0119.jpg,train/48 hr Mutton/48_hr_Mutton_0119.jpg,514704,ad21feeabb3be01857a36cb0520855cf
train,48 hr Mutton,48_hr_Mutton_0120.jpg,train/48 hr Mutton/48_hr_Mutton_0120.jpg,586593,5497e016e6b6f2fabdf593175d4ccf69
train,48 hr Mutton,48_hr_Mutton_0121.jpg,train/48 hr Mutton/48_hr_Mutton_0121.jpg,445988,2e3b09845f362e9b2d7dfbbd25fe873b
train,48 hr Mutton,48_hr_Mutton_0122.jpg,train/48 hr Mutton/48_hr_Mutton_0122.jpg,474809,ea9fa4c9e4ad0440740f54890eb4404d
train,48 hr Mutton,48_hr_Mutton_0123.jpg,train/48 hr Mutton/48_hr_Mutton_0123.jpg,434824,627cc29516ce6fb481c5d8d6dfb226e4
train,48 hr Mutton,48_hr_Mutton_0124.jpg,train/48 hr Mutton/48_hr_Mutton_0124.jpg,594173,743a900d0e8e3fc24831a1dcd170b9ec
train,48 hr Mutton,48_hr_Mutton_0125.jpg,train/48 hr Mutton/48_hr_Mutton_0125.jpg,485155,00801d798aeace45ebd4ac046ca5fe71
train,48 hr Mutton,48_hr_Mutton_0126.jpg,train/48 hr Mutton/48_hr_Mutton_0126.jpg,469066,ace5973b75fd2853af9060d630874263
train,48 hr Mutton,48_hr_Mutton_0127.jpg,train/48 hr Mutton/48_hr_Mutton_0127.jpg,568129,87b26fbab28c92acfd0fdc8dc4b057ee
train,48 hr Mutton,48_hr_Mutton_0128.jpg,train/48 hr Mutton/48_hr_Mutton_0128.jpg,539238,177713c2d36d07568152a8dd2cbf6407
train,48 hr Mutton,48_hr_Mutton_0129.jpg,train/48 hr Mutton/48_hr_Mutton_0129.jpg,458729,7eb8dd2a774d4bd2d296b0e80743a4f0
train,48 hr Mutton,48_hr_Mutton_0130.jpg,train/48 hr Mutton/48_hr_Mutton_0130.jpg,423696,1b68a7a7284f1edc52679863b9e857d6
train,48 hr Mutton,48_hr_Mutton_0131.jpg,train/48 hr Mutton/48_hr_Mutton_0131.jpg,527142,c6080852c7e6a1cc1cff466667a0b33a
train,48 hr Mutton,48_hr_Mutton_0132.jpg,train/48 hr Mutton/48_hr_Mutton_0132.jpg,474505,75fd7e5cd2cd0aa4b92074e5117275c5
train,48 hr Mutton,48_hr_Mutton_0133.jpg,train/48 hr Mutton/48_hr_Mutton_0133.jpg,493366,52335be802dd763bd80651aeb9e87f30
train,48 hr Mutton,48_hr_Mutton_0134.jpg,train/48 hr Mutton/48_hr_Mutton_0134.jpg,533698,1a8e6b88785b704aff874b9b90942c6c
train,48 hr Mutton,48_hr_Mutton_0135.jpg,train/48 hr Mutton/48_hr_Mutton_0135.jpg,521331,a67d828185576308b954d06e5c37a056
train,48 hr Mutton,48_hr_Mutton_0136.jpg,train/48 hr Mutton/48_hr_Mutton_0136.jpg,515971,3b776119001ca4b5ef237bbd76393c91
train,48 hr Mutton,48_hr_Mutton_0137.jpg,train/48 hr Mutton/48_hr_Mutton_0137.jpg,452958,1fbafdd3b9398f674cec6f01f4e9ae1f
train,48 hr Mutton,48_hr_Mutton_0138.jpg,train/48 hr Mutton/48_hr_Mutton_0138.jpg,424098,f368a2b6cacd8020de4ecab400fcb0a6
train,48 hr Mutton,48_hr_Mutton_0139.jpg,train/48 hr Mutton/48_hr_Mutton_0139.jpg,506386,9f1e0914d126cbf574d8e2409c2826db
train,48 hr Mutton,48_hr_Mutton_0140.jpg,train/48 hr Mutton/48_hr_Mutton_0140.jpg,582202,31eec0d45b293f62a7e146e08c400e3f
train,48 hr Mutton,48_hr_Mutton_0141.jpg,train/48 hr Mutton/48_hr_Mutton_0141.jpg,495437,d52bbc43bb977c73fa88e33a038181e6
train,48 hr Mutton,48_hr_Mutton_0142.jpg,train/48 hr Mutton/48_hr_Mutton_0142.jpg,481245,db0b9b82cbdc362c5b2c802f4e3b7ee8
train,48 hr Mutton,48_hr_Mutton_0143.jpg,train/48 hr Mutton/48_hr_Mutton_0143.jpg,549962,600042ee5028c1935d0a8f3eaf362ce8
train,48 hr Mutton,48_hr_Mutton_0144.jpg,train/48 hr Mutton/48_hr_Mutton_0144.jpg,521984,98bf23ba8f2c52c6f46b16787ce1c86c
train,48 hr Mutton,48_hr_Mutton_0145.jpg,train/48 hr Mutton/48_hr_Mutton_0145.jpg,440472,5e7db4756f0f4041d41682b02f05cef2
train,48 hr Mutton,48_hr_Mutton_0146.jpg,train/48 hr Mutton/48_hr_Mutton_0146.jpg,425376,6c40642d8b96f2aa83bcb234d9cbe50f
train,48 hr Mutton,48_hr_Mutton_0147.jpg,train/48 hr Mutton/48_hr_Mutton_0147.jpg,515515,b68b84d1e279d7f93b28546b1f0db4c3
train,48 hr Mutton,48_hr_Mutton_0148.jpg,train/48 hr Mutton/48_hr_Mutton_0148.jpg,497524,b858554cf41fb395943104724e038276
valid,0 hr Beef,0_hr_Beef_0000.jpg,valid/0 hr Beef/0_hr_Beef_0000.jpg,776900,15749c1c03d36819aef022de81639562
valid,0 hr Beef,0_hr_Beef_0001.jpg,valid/0 hr Beef/0_hr_Beef_0001.jpg,816923,bb2519e040f7de7c9a97df43ae0307de
valid,0 hr Beef,0_hr_Beef_0002.jpg,valid/0 hr Beef/0_hr_Beef_0002.jpg,788861,1f86ee9f74cb20e49a2820bb5ef2acfd
valid,0 hr Beef,0_hr_Beef_0003.jpg,valid/0 hr Beef/0_hr_Beef_0003.jpg,772140,4b66297a71184fd9886ba147f23cce65
valid,0 hr Beef,0_hr_Beef_0004.jpg,valid/0 hr Beef/0_hr_Beef_0004.jpg,792685,5c015e0b7ee11e98f39ee8a156f7f813
valid,0 hr Beef,0_hr_Beef_0005.jpg,valid/0 hr Beef/0_hr_Beef_0005.jpg,797973,81d656501b66a3b3c63ab66d0163e3ac
valid,0 hr Beef,0_hr_Beef_0006.jpg,valid/0 hr Beef/0_hr_Beef_0006.jpg,808190,81ce910dedc96f88aa9427477bc92fca
valid,0 hr Beef,0_hr_Beef_0007.jpg,valid/0 hr Beef/0_hr_Beef_0007.jpg,742829,ebb3e9f26ce7473b21a94cfd18a87b16
valid,0 hr Beef,0_hr_Beef_0008.jpg,valid/0 hr Beef/0_hr_Beef_0008.jpg,821836,8f5dd554938e9aa695acffde3d70d78f
valid,0 hr Beef,0_hr_Beef_0009.jpg,valid/0 hr Beef/0_hr_Beef_0009.jpg,816797,6bc567f6b178291adcaad7cda4a905da
valid,0 hr Beef,0_hr_Beef_0010.jpg,valid/0 hr Beef/0_hr_Beef_0010.jpg,783946,ca8903868eb80119657c3cafd007f384
valid,0 hr Beef,0_hr_Beef_0011.jpg,valid/0 hr Beef/0_hr_Beef_0011.jpg,805187,ad9e1ea415f9a1654577a52d40b8174f
valid,0 hr Beef,0_hr_Beef_0012.jpg,valid/0 hr Beef/0_hr_Beef_0012.jpg,728884,603d14305f4fd5fb95d10ed134dddbbc
valid,0 hr Beef,0_hr_Beef_0013.jpg,valid/0 hr Beef/0_hr_Beef_0013.jpg,769263,a8d8662478f81aa33bc2cf0624173107
valid,0 hr Beef,0_hr_Beef_0014.jpg,valid/0 hr Beef/0_hr_Beef_0014.jpg,791521,0ed1feca2244d27cfc5bc63b44079049
valid,0 hr Beef,0_hr_Beef_0015.jpg,valid/0 hr Beef/0_hr_Beef_0015.jpg,750105,60eba8dd5e5c8f242e04f96e659b0af6
valid,0 hr Beef,0_hr_Beef_0016.jpg,valid/0 hr Beef/0_hr_Beef_0016.jpg,772071,b8a12316be86c22d783d82838b5326a3
valid,0 hr Beef,0_hr_Beef_0017.jpg,valid/0 hr Beef/0_hr_Beef_0017.jpg,796759,08c583f6b9a10be3e9b906027b660d3c
valid,0 hr Beef,0_hr_Beef_0018.jpg,valid/0 hr Beef/0_hr_Beef_0018.jpg,781388,68bae5cc20424171ca0842595278a173
valid,0 hr Beef,0_hr_Beef_0019.jpg,valid/0 hr Beef/0_hr_Beef_0019.jpg,767912,999c025f9f5219988cc8fd9320328296
valid,0 hr Beef,0_hr_Beef_0020.jpg,valid/0 hr Beef/0_hr_Beef_0020.jpg,809805,217f871f8026c2d708090f8571b9d91e
valid,0 hr Beef,0_hr_Beef_0021.jpg,valid/0 hr Beef/0_hr_Beef_0021.jpg,775208,3c7588383d7a3cccf986dbe8bf762fe5
valid,0 hr Beef,0_hr_Beef_0022.jpg,valid/0 hr Beef/0_hr_Beef_0022.jpg,802426,71cc38401b80b7c8fe9ab56f0880054e
valid,0 hr Beef,0_hr_Beef_0023.jpg,valid/0 hr Beef/0_hr_Beef_0023.jpg,801740,5af00ab49308681c9a791a94feef534d
valid,0 hr Beef,0_hr_Beef_0024.jpg,valid/0 hr Beef/0_hr_Beef_0024.jpg,817569,a2f46039c109d24527d8d98b8c75ab5b
valid,0 hr Beef,0_hr_Beef_0025.jpg,valid/0 hr Beef/0_hr_Beef_0025.jpg,781516,add277724a0179c33c6ef702237eb982
valid,0 hr Beef,0_hr_Beef_0026.jpg,valid/0 hr Beef/0_hr_Beef_0026.jpg,723761,b016d67ad797c95cdfe6dc8dc51343af
valid,0 hr Beef,0_hr_Beef_0027.jpg,valid/0 hr Beef/0_hr_Beef_0027.jpg,742456,b45c1790c610ca109bffc53f7c0aaf28
valid,0 hr Beef,0_hr_Beef_0028.jpg,valid/0 hr Beef/0_hr_Beef_0028.jpg,747096,0238dc5485eb87a9a20e8eb4e9ee6bcb
valid,0 hr Beef,0_hr_Beef_0029.jpg,valid/0 hr Beef/0_hr_Beef_0029.jpg,746720,9b8b8ef21f99f115c0e9d8538d4271f6
valid,0 hr Mutton,0_hr_Mutton_0000.jpg,valid/0 hr Mutton/0_hr_Mutton_0000.jpg,488511,66697b493405feb6f611297e705f81da
valid,0 hr Mutton,0_hr_Mutton_0001.jpg,valid/0 hr Mutton/0_hr_Mutton_0001.jpg,516373,829adc6f8af904f48e34ec9031ca05e8
valid,0 hr Mutton,0_hr_Mutton_0002.jpg,valid/0 hr Mutton/0_hr_Mutton_0002.jpg,537574,5406a490327ad78fa69cd22f5450af5c
valid,0 hr Mutton,0_hr_Mutton_0003.jpg,valid/0 hr Mutton/0_hr_Mutton_0003.jpg,625604,22840b09ae8a9894a03760ebb586cf6f
valid,0 hr Mutton,0_hr_Mutton_0004.jpg,valid/0 hr Mutton/0_hr_Mutton_0004.jpg,614638,90991e2b60ca08ff53915caf895b91ef
valid,0 hr Mutton,0_hr_Mutton_0005.jpg,valid/0 hr Mutton/0_hr_Mutton_0005.jpg,477589,ea69d2ac2b305e6f9b8294575a213d5d
valid,0 hr Mutton,0_hr_Mutton_0006.jpg,valid/0 hr Mutton/0_hr_Mutton_0006.jpg,632764,4c391d9dc2023af114c3e1e152545cdc
valid,0 hr Mutton,0_hr_Mutton_0007.jpg,valid/0 hr Mutton/0_hr_Mutton_0007.jpg,548991,c6a3acc2a988b54e511634f244623165
valid,0 hr Mutton,0_hr_Mutton_0008.jpg,valid/0 hr Mutton/0_hr_Mutton_0008.jpg,477038,a230db4a796eb32361047b18334a7c08
valid,0 hr Mutton,0_hr_Mutton_0009.jpg,valid/0 hr Mutton/0_hr_Mutton_0009.jpg,501896,d13effa3cb4e50b7fe1d9da5ae4af122
valid,0 hr Mutton,0_hr_Mutton_0010.jpg,valid/0 hr Mutton/0_hr_Mutton_0010.jpg,486021,d4beb96b47eed0a60d25a44098d12654
valid,0 hr Mutton,0_hr_Mutton_0011.jpg,valid/0 hr Mutton/0_hr_Mutton_0011.jpg,531765,62b4dd64bcdfd678e1d397510337dfc0
valid,0 hr Mutton,0_hr_Mutton_0012.jpg,valid/0 hr Mutton/0_hr_Mutton_0012.jpg,479007,47d19444dfb5e864b4680807b820e87d
valid,0 hr Mutton,0_hr_Mutton_0013.jpg,valid/0 hr Mutton/0_hr_Mutton_0013.jpg,636282,4d397f65f8d3b88688c21306fa9ef311
valid,0 hr Mutton,0_hr_Mutton_0014.jpg,valid/0 hr Mutton/0_hr_Mutton_0014.jpg,501759,e832f7e20ad7a88fd64cc48ac9d99886
valid,0 hr Mutton,0_hr_Mutton_0015.jpg,valid/0 hr Mutton/0_hr_Mutton_0015.jpg,528972,2de575a529855529e68ed83d15e9b332
valid,0 hr Mutton,0_hr_Mutton_0016.jpg,valid/0 hr Mutton/0_hr_Mutton_0016.jpg,520730,b0e6de0903b3f3699d06305be4ba96e3
valid,0 hr Mutton,0_hr_Mutton_0017.jpg,valid/0 hr Mutton/0_hr_Mutton_0017.jpg,586635,161111168f3b4f91228e8222506c716a
valid,0 hr Mutton,0_hr_Mutton_0018.jpg,valid/0 hr Mutton/0_hr_Mutton_0018.jpg,574553,6579f6a032df3d45084730627f9398dc
valid,0 hr Mutton,0_hr_Mutton_0019.jpg,valid/0 hr Mutton/0_hr_Mutton_0019.jpg,556142,30cd4923daa0fa4f8cbaab07a78ebd98
valid,0 hr Mutton,0_hr_Mutton_0020.jpg,valid/0 hr Mutton/0_hr_Mutton_0020.jpg,626582,3dcf38a2a5b25d6a435550e09f4a558d
valid,0 hr Mutton,0_hr_Mutton_0021.jpg,valid/0 hr Mutton/0_hr_Mutton_0021.jpg,475078,e93a26bae4aac57c19c785af3e7febc3
valid,0 hr Mutton,0_hr_Mutton_0022.jpg,valid/0 hr Mutton/0_hr_Mutton_0022.jpg,602625,bb65a8a07b8a59264cdca925ba5cf92b
valid,0 hr Mutton,0_hr_Mutton_0023.jpg,valid/0 hr Mutton/0_hr_Mutton_0023.jpg,549565,558acd5f051310262c67db41d1137779
valid,0 hr Mutton,0_hr_Mutton_0024.jpg,valid/0 hr Mutton/0_hr_Mutton_0024.jpg,502362,41a4930ebde2b84e5c89d94ef1b1d34b
valid,0 hr Mutton,0_hr_Mutton_0025.jpg,valid/0 hr Mutton/0_hr_Mutton_0025.jpg,518511,b2574fe40f47295eea04a391fdd3d778
valid,0 hr Mutton,0_hr_Mutton_0026.jpg,valid/0 hr Mutton/0_hr_Mutton_0026.jpg,554838,9000c6a14062f827bf84a0ac0991d122
valid,0 hr Mutton,0_hr_Mutton_0027.jpg,valid/0 hr Mutton/0_hr_Mutton_0027.jpg,498950,1837a31b279b5a3ffc5de2ec7d9d62f7
valid,0 hr Mutton,0_hr_Mutton_0028.jpg,valid/0 hr Mutton/0_hr_Mutton_0028.jpg,556741,062db8fa95541ce1306b3f2d58853619
valid,0 hr Mutton,0_hr_Mutton_0029.jpg,valid/0 hr Mutton/0_hr_Mutton_0029.jpg,539019,8249ecb84e04f5f39be8467845a98e06
valid,0 hr Mutton,0_hr_Mutton_0030.jpg,valid/0 hr Mutton/0_hr_Mutton_0030.jpg,527329,fc7883adc877995ffae658353789ba1f
valid,12 hr Beef,12_hr_Beef_0000.jpg,valid/12 hr Beef/12_hr_Beef_0000.jpg,456499,d7f61e86ca88fa292ca4d765c47aa427
valid,12 hr Beef,12_hr_Beef_0001.jpg,valid/12 hr Beef/12_hr_Beef_0001.jpg,461181,3c423b667e3d09f287a98d3ee1c5e1b6
valid,12 hr Beef,12_hr_Beef_0002.jpg,valid/12 hr Beef/12_hr_Beef_0002.jpg,473553,349b3e7c2bda7525baf52673be04ae0a
valid,12 hr Beef,12_hr_Beef_0003.jpg,valid/12 hr Beef/12_hr_Beef_0003.jpg,545972,3b3e9e37ffcf980f679cb56caaa52cda
valid,12 hr Beef,12_hr_Beef_0004.jpg,valid/12 hr Beef/12_hr_Beef_0004.jpg,458940,9ad967eaa2f2eb01ff00863fcf17402a
valid,12 hr Beef,12_hr_Beef_0005.jpg,valid/12 hr Beef/12_hr_Beef_0005.jpg,461578,5a30cff3ec7ab81b05ab04ff1ebaa575
valid,12 hr Beef,12_hr_Beef_0006.jpg,valid/12 hr Beef/12_hr_Beef_0006.jpg,473671,7b0f8cda2729101b1dadf8f57b3802d0
valid,12 hr Beef,12_hr_Beef_0007.jpg,valid/12 hr Beef/12_hr_Beef_0007.jpg,437092,3250d4723b25f06f3062f36415bf1535
valid,12 hr Beef,12_hr_Beef_0008.jpg,valid/12 hr Beef/12_hr_Beef_0008.jpg,462365,4fcb38ee0d7f293f629c2f58f9cafadc
valid,12 hr Beef,12_hr_Beef_0009.jpg,valid/12 hr Beef/12_hr_Beef_0009.jpg,547570,d4d5b7ae64613047d38fe8d005c84223
valid,12 hr Beef,12_hr_Beef_0010.jpg,valid/12 hr Beef/12_hr_Beef_0010.jpg,448241,2ac1a30256dc7f1a3ef50f6df77729ee
valid,12 hr Beef,12_hr_Beef_0011.jpg,valid/12 hr Beef/12_hr_Beef_0011.jpg,459009,70e7c679a657c51d1b2b122d4de8be27
valid,12 hr Beef,12_hr_Beef_0012.jpg,valid/12 hr Beef/12_hr_Beef_0012.jpg,492167,130e4259435d601aab8118ef3154dcc5
valid,12 hr Beef,12_hr_Beef_0013.jpg,valid/12 hr Beef/12_hr_Beef_0013.jpg,445808,eb8d2dd7923cc8b42caa923e9aa3f823
valid,12 hr Beef,12_hr_Beef_0014.jpg,valid/12 hr Beef/12_hr_Beef_0014.jpg,492917,830f0f9295d50a2225857d1df0d3e733
valid,12 hr Beef,12_hr_Beef_0015.jpg,valid/12 hr Beef/12_hr_Beef_0015.jpg,423083,268ebfa7c8e2b2a682b69b8e9f9a88f2
valid,12 hr Beef,12_hr_Beef_0016.jpg,valid/12 hr Beef/12_hr_Beef_0016.jpg,457977,369792883729d842b92269aaf6af1ead
valid,12 hr Beef,12_hr_Beef_0017.jpg,valid/12 hr Beef/12_hr_Beef_0017.jpg,455601,61d4b40ec9ae167e6dc31384c9d0bee3
valid,12 hr Beef,12_hr_Beef_0018.jpg,valid/12 hr Beef/12_hr_Beef_0018.jpg,459409,c734156dc17ea7572927eaf949458b10
valid,12 hr Beef,12_hr_Beef_0019.jpg,valid/12 hr Beef/12_hr_Beef_0019.jpg,481035,14da0794bf38d1bac2672daaba53ceff
valid,12 hr Beef,12_hr_Beef_0020.jpg,valid/12 hr Beef/12_hr_Beef_0020.jpg,482900,b0735a3565677a0e687c50ae9d4d2249
valid,12 hr Beef,12_hr_Beef_0021.jpg,valid/12 hr Beef/12_hr_Beef_0021.jpg,458349,22149d8f0344ba2e02ef4d03a1427b35
valid,12 hr Beef,12_hr_Beef_0022.jpg,valid/12 hr Beef/12_hr_Beef_0022.jpg,448382,7b73234f47fe56b53722274e4bc5e20e
valid,12 hr Beef,12_hr_Beef_0023.jpg,valid/12 hr Beef/12_hr_Beef_0023.jpg,437169,76d0bd76fe2863a6fc166158c50a5b07
valid,12 hr Beef,12_hr_Beef_0024.jpg,valid/12 hr Beef/12_hr_Beef_0024.jpg,475089,ca352d90dbe4237bb70e02faa7ae5607
valid,12 hr Beef,12_hr_Beef_0025.jpg,valid/12 hr Beef/12_hr_Beef_0025.jpg,486154,f4a8a26b2b1a2b8db31dda9dcabf5bd4
valid,12 hr Beef,12_hr_Beef_0026.jpg,valid/12 hr Beef/12_hr_Beef_0026.jpg,508642,de296b6ce76365ed6338653a6bab9b35
valid,12 hr Beef,12_hr_Beef_0027.jpg,valid/12 hr Beef/12_hr_Beef_0027.jpg,489316,610fd89ce7cfa2aac51fe7112d765bee
valid,12 hr Beef,12_hr_Beef_0028.jpg,valid/12 hr Beef/12_hr_Beef_0028.jpg,420154,d0a2958cb4d23da372ece7fd85be9485
valid,12 hr Beef,12_hr_Beef_0029.jpg,valid/12 hr Beef/12_hr_Beef_0029.jpg,473778,7aaa143d8cb0de11e386367b6135bdec
valid,12 hr Beef,12_hr_Beef_0030.jpg,valid/12 hr Beef/12_hr_Beef_0030.jpg,429272,20f020545a0e83dca89053a268dddb94
valid,12 hr Mutton,12_hr_Mutton_0000.jpg,valid/12 hr Mutton/12_hr_Mutton_0000.jpg,440704,a8d7b562758677c654be08a0db003fbb
valid,12 hr Mutton,12_hr_Mutton_0001.jpg,valid/12 hr Mutton/12_hr_Mutton_0001.jpg,472094,59b7e5ceeafe93b1de1ae11ca772030c
valid,12 hr Mutton,12_hr_Mutton_0002.jpg,valid/12 hr Mutton/12_hr_Mutton_0002.jpg,556265,e069dee97b94d38e45f34bb4511433d3
valid,12 hr Mutton,12_hr_Mutton_0003.jpg,valid/12 hr Mutton/12_hr_Mutton_0003.jpg,457007,efaf02362e8d5e7c55ee6f79c5621c14
valid,12 hr Mutton,12_hr_Mutton_0004.jpg,valid/12 hr Mutton/12_hr_Mutton_0004.jpg,554895,1bd7409bf06bd4c5cdfdd059d42134ac
valid,12 hr Mutton,12_hr_Mutton_0005.jpg,valid/12 hr Mutton/12_hr_Mutton_0005.jpg,410653,6659c7d363fa78bab0ba194d4e30d757
valid,12 hr Mutton,12_hr_Mutton_0006.jpg,valid/12 hr Mutton/12_hr_Mutton_0006.jpg,463014,b22a30cd76002ee7152d5e4f6a83a3d1
valid,12 hr Mutton,12_hr_Mutton_0007.jpg,valid/12 hr Mutton/12_hr_Mutton_0007.jpg,464746,acd9daecdce6089b3eebb8d9edae2b80
valid,12 hr Mutton,12_hr_Mutton_0008.jpg,valid/12 hr Mutton/12_hr_Mutton_0008.jpg,562787,7e29365c918ca604989de6200d042396
valid,12 hr Mutton,12_hr_Mutton_0009.jpg,valid/12 hr Mutton/12_hr_Mutton_0009.jpg,485686,e4b44c5b667daa5557fc64d24230d8a5
valid,12 hr Mutton,12_hr_Mutton_0010.jpg,valid/12 hr Mutton/12_hr_Mutton_0010.jpg,521663,c94dd43a9ee491ed109bee8aeeea328f
valid,12 hr Mutton,12_hr_Mutton_0011.jpg,valid/12 hr Mutton/12_hr_Mutton_0011.jpg,512355,30fcbe7d2ad1b4a5746f289de937af3f
valid,12 hr Mutton,12_hr_Mutton_0012.jpg,valid/12 hr Mutton/12_hr_Mutton_0012.jpg,560353,ff414d42867794db4183e7ccc2cf1137
valid,12 hr Mutton,12_hr_Mutton_0013.jpg,valid/12 hr Mutton/12_hr_Mutton_0013.jpg,492194,46600bed809779c7fb19b067cc1041b8
valid,12 hr Mutton,12_hr_Mutton_0014.jpg,valid/12 hr Mutton/12_hr_Mutton_0014.jpg,503774,26d634218d0a3e9299dff140f92a4eef
valid,12 hr Mutton,12_hr_Mutton_0015.jpg,valid/12 hr Mutton/12_hr_Mutton_0015.jpg,479004,92bf123145b21480c0fa8a92c800f6a6
valid,12 hr Mutton,12_hr_Mutton_0016.jpg,valid/12 hr Mutton/12_hr_Mutton_0016.jpg,465126,fc05f6176fc6c2398a728e93f823a468
valid,12 hr Mutton,12_hr_Mutton_0017.jpg,valid/12 hr Mutton/12_hr_Mutton_0017.jpg,500394,3342c5be44fb962692dd47480f6a3345
valid,12 hr Mutton,12_hr_Mutton_0018.jpg,valid/12 hr Mutton/12_hr_Mutton_0018.jpg,446957,fbee70006794596f91fbcfd8c56f3f65
valid,12 hr Mutton,12_hr_Mutton_0019.jpg,valid/12 hr Mutton/12_hr_Mutton_0019.jpg,505533,3de94e413992ca652fc45a6bdf4cfe37
valid,12 hr Mutton,12_hr_Mutton_0020.jpg,valid/12 hr Mutton/12_hr_Mutton_0020.jpg,531039,4b4cd31b315e3283c82ff6636170023b
valid,12 hr Mutton,12_hr_Mutton_0021.jpg,valid/12 hr Mutton/12_hr_Mutton_0021.jpg,454394,8ae727ced005664052b3051939893d27
valid,12 hr Mutton,12_hr_Mutton_0022.jpg,valid/12 hr Mutton/12_hr_Mutton_0022.jpg,427226,80ebea6ff69ea45f6a58582732e54163
valid,12 hr Mutton,12_hr_Mutton_0023.jpg,valid/12 hr Mutton/12_hr_Mutton_0023.jpg,436668,366ceb5d78a693a994f6c4bae83751ef
valid,12 hr Mutton,12_hr_Mutton_0024.jpg,valid/12 hr Mutton/12_hr_Mutton_0024.jpg,475956,ed789372b13cf49ab9eb54a1e618766d
valid,12 hr Mutton,12_hr_Mutton_0025.jpg,valid/12 hr Mutton/12_hr_Mutton_0025.jpg,527932,021633f86ca5fc204e53ae47ce6138bc
valid,12 hr Mutton,12_hr_Mutton_0026.jpg,valid/12 hr Mutton/12_hr_Mutton_0026.jpg,475047,9b2d7c0720c034d11f5dfb3048ca4198
valid,12 hr Mutton,12_hr_Mutton_0027.jpg,valid/12 hr Mutton/12_hr_Mutton_0027.jpg,524614,63a65f512bb41d0d309395313c12ab77
valid,12 hr Mutton,12_hr_Mutton_0028.jpg,valid/12 hr Mutton/12_hr_Mutton_0028.jpg,482948,554f331c59d54d83e25589e9d60224cf
valid,12 hr Mutton,12_hr_Mutton_0029.jpg,valid/12 hr Mutton/12_hr_Mutton_0029.jpg,437204,5ca564afd17c180dba051daa5db3ad4a
valid,12 hr Mutton,12_hr_Mutton_0030.jpg,valid/12 hr Mutton/12_hr_Mutton_0030.jpg,541816,8c7787a1cfbeba47483b01b3d2bab6f2
valid,24 hr Beef,24_hr_Beef_0000.jpg,valid/24 hr Beef/24_hr_Beef_0000.jpg,549928,d2ac3f41af51c43b0eace04c94712144
valid,24 hr Beef,24_hr_Beef_0001.jpg,valid/24 hr Beef/24_hr_Beef_0001.jpg,436736,1c701c7090addd15c7e32b0f7b643914
valid,24 hr Beef,24_hr_Beef_0002.jpg,valid/24 hr Beef/24_hr_Beef_0002.jpg,471388,a8c978486f64b2442a372fae43d503ba
valid,24 hr Beef,24_hr_Beef_0003.jpg,valid/24 hr Beef/24_hr_Beef_0003.jpg,472159,d8970b7adcb72ef073d49fc206859c0f
valid,24 hr Beef,24_hr_Beef_0004.jpg,valid/24 hr Beef/24_hr_Beef_0004.jpg,443909,efb80d34aa9715b439adc691aedfaaad
valid,24 hr Beef,24_hr_Beef_0005.jpg,valid/24 hr Beef/24_hr_Beef_0005.jpg,536373,9f4d5f80590eb7b154c6bb456d7b0ae5
valid,24 hr Beef,24_hr_Beef_0006.jpg,valid/24 hr Beef/24_hr_Beef_0006.jpg,482223,2ad654882843b99e614f7696aa817acd
valid,24 hr Beef,24_hr_Beef_0007.jpg,valid/24 hr Beef/24_hr_Beef_0007.jpg,510120,d736b57b7db48c187ddac8d660855b94
valid,24 hr Beef,24_hr_Beef_0008.jpg,valid/24 hr Beef/24_hr_Beef_0008.jpg,457166,b8de6cd3bb83593072c3c04468b10c39
valid,24 hr Beef,24_hr_Beef_0009.jpg,valid/24 hr Beef/24_hr_Beef_0009.jpg,450586,ab91e2011c628beaa8ea6f17d433d3dd
valid,24 hr Beef,24_hr_Beef_0010.jpg,valid/24 hr Beef/24_hr_Beef_0010.jpg,529167,13fd18e8d5bb55039aa5446787b1ea35
valid,24 hr Beef,24_hr_Beef_0011.jpg,valid/24 hr Beef/24_hr_Beef_0011.jpg,498033,2ac1c6389a21592b4179402327b46fa8
valid,24 hr Beef,24_hr_Beef_0012.jpg,valid/24 hr Beef/24_hr_Beef_0012.jpg,481561,1892dc7b98a564a87b9394b860ab5197
valid,24 hr Beef,24_hr_Beef_0013.jpg,valid/24 hr Beef/24_hr_Beef_0013.jpg,455284,7e9c962eba9c0465bb8da065a5938a83
valid,24 hr Beef,24_hr_Beef_0014.jpg,valid/24 hr Beef/24_hr_Beef_0014.jpg,482383,7d2c15980bf3c8654c33a0a43764f061
valid,24 hr Beef,24_hr_Beef_0015.jpg,valid/24 hr Beef/24_hr_Beef_0015.jpg,547494,2cd3a397946aee27910c2504a0d53014
valid,24 hr Beef,24_hr_Beef_0016.jpg,valid/24 hr Beef/24_hr_Beef_0016.jpg,439222,70371f09584d856c07260f6577160270
valid,24 hr Beef,24_hr_Beef_0017.jpg,valid/24 hr Beef/24_hr_Beef_0017.jpg,432617,e1ca0006156d8e733c97ca0f487a46c2
valid,24 hr Beef,24_hr_Beef_0018.jpg,valid/24 hr Beef/24_hr_Beef_0018.jpg,486554,4ac74789ea4cae7637190b7466ea6da0
valid,24 hr Beef,24_hr_Beef_0019.jpg,valid/24 hr Beef/24_hr_Beef_0019.jpg,539807,32656f49a4c648d6c81124c8543865a5
valid,24 hr Beef,24_hr_Beef_0020.jpg,valid/24 hr Beef/24_hr_Beef_0020.jpg,546750,ff9c35aa474ef93c0dc6b2b1b256e541
valid,24 hr Beef,24_hr_Beef_0021.jpg,valid/24 hr Beef/24_hr_Beef_0021.jpg,526314,8567e522455e9d99b9f02511aab298f9
valid,24 hr Beef,24_hr_Beef_0022.jpg,valid/24 hr Beef/24_hr_Beef_0022.jpg,574011,2bba5f644524725bdd3d152f47fee9b9
valid,24 hr Beef,24_hr_Beef_0023.jpg,valid/24 hr Beef/24_hr_Beef_0023.jpg,547227,17bf84bd18451e78fee248768c1e542f
valid,24 hr Beef,24_hr_Beef_0024.jpg,valid/24 hr Beef/24_hr_Beef_0024.jpg,444174,3d42c788d8798049b3d856cb13da1389
valid,24 hr Beef,24_hr_Beef_0025.jpg,valid/24 hr Beef/24_hr_Beef_0025.jpg,538886,f5abb697ddc6a60eadd36e6594386379
valid,24 hr Beef,24_hr_Beef_0026.jpg,valid/24 hr Beef/24_hr_Beef_0026.jpg,512238,d43e69000b4c340c1e6be12be070826d
valid,24 hr Beef,24_hr_Beef_0027.jpg,valid/24 hr Beef/24_hr_Beef_0027.jpg,568604,6cfc13be398c697782dc95003b0843c0
valid,24 hr Beef,24_hr_Beef_0028.jpg,valid/24 hr Beef/24_hr_Beef_0028.jpg,398351,54fe76f33988453424e11c31f397f01c
valid,24 hr Beef,24_hr_Beef_0029.jpg,valid/24 hr Beef/24_hr_Beef_0029.jpg,480641,b8a95d3ca81e314a315f52ed61f48229
valid,24 hr Beef,24_hr_Beef_0030.jpg,valid/24 hr Beef/24_hr_Beef_0030.jpg,410799,56e07f55584ce6273e4e487c2517d6fd
valid,24 hr Beef,24_hr_Beef_0031.jpg,valid/24 hr Beef/24_hr_Beef_0031.jpg,556400,b1487c6111580228e9fc8d23c7023463
valid,24 hr Beef,24_hr_Beef_0032.jpg,valid/24 hr Beef/24_hr_Beef_0032.jpg,421865,f4bf90aa1f3b135037dba04d4f5277dc
valid,24 hr Beef,24_hr_Beef_0033.jpg,valid/24 hr Beef/24_hr_Beef_0033.jpg,478346,2f4c04d148d477db753367bfa5020dd7
valid,24 hr Mutton,24_hr_Mutton_0000.jpg,valid/24 hr Mutton/24_hr_Mutton_0000.jpg,450480,2ec8ca39a4dcd1b4bfc1f75ca66ecbee
valid,24 hr Mutton,24_hr_Mutton_0001.jpg,valid/24 hr Mutton/24_hr_Mutton_0001.jpg,483841,6e3a705b61aec9a9e719375ec1fbb13d
valid,24 hr Mutton,24_hr_Mutton_0002.jpg,valid/24 hr Mutton/24_hr_Mutton_0002.jpg,450914,7418c08e0fee728566b6f348d0bf6380
valid,24 hr Mutton,24_hr_Mutton_0003.jpg,valid/24 hr Mutton/24_hr_Mutton_0003.jpg,449698,bdab424a511d5ef9e59995cae7713314
valid,24 hr Mutton,24_hr_Mutton_0004.jpg,valid/24 hr Mutton/24_hr_Mutton_0004.jpg,525282,0942743b18fde530e616383cc2934b2b
valid,24 hr Mutton,24_hr_Mutton_0005.jpg,valid/24 hr Mutton/24_hr_Mutton_0005.jpg,415017,af5002c4558086eb8721ff80e976704a
valid,24 hr Mutton,24_hr_Mutton_0006.jpg,valid/24 hr Mutton/24_hr_Mutton_0006.jpg,459798,76b102fb2a9d3c0bb0e24ff8f7d95483
valid,24 hr Mutton,24_hr_Mutton_0007.jpg,valid/24 hr Mutton/24_hr_Mutton_0007.jpg,526866,ba519d3c17b2c1370c6dfc1c83c23857
valid,24 hr Mutton,24_hr_Mutton_0008.jpg,valid/24 hr Mutton/24_hr_Mutton_0008.jpg,499695,416c31f762a565603eb08542196ae23c
valid,24 hr Mutton,24_hr_Mutton_0009.jpg,valid/24 hr Mutton/24_hr_Mutton_0009.jpg,438940,65b2100fa29b2d12719b7e190f5b4954
valid,24 hr Mutton,24_hr_Mutton_0010.jpg,valid/24 hr Mutton/24_hr_Mutton_0010.jpg,557125,6dc0f0b492fa7e05f052fbf7785e1bf2
valid,24 hr Mutton,24_hr_Mutton_0011.jpg,valid/24 hr Mutton/24_hr_Mutton_0011.jpg,400528,2128b714127c317b4d0ed78804fd9f5f
valid,24 hr Mutton,24_hr_Mutton_0012.jpg,valid/24 hr Mutton/24_hr_Mutton_0012.jpg,478526,7d572ef8e786991100505a06f8a0ab00
valid,24 hr Mutton,24_hr_Mutton_0013.jpg,valid/24 hr Mutton/24_hr_Mutton_0013.jpg,490263,96d1955e1f440e945415843444e0b269
valid,24 hr Mutton,24_hr_Mutton_0014.jpg,valid/24 hr Mutton/24_hr_Mutton_0014.jpg,465037,334b7dbf9934b035ff5fe00b1711ee9d
valid,24 hr Mutton,24_hr_Mutton_0015.jpg,valid/24 hr Mutton/24_hr_Mutton_0015.jpg,417492,df539ab0c8ed533050168dd79b86fe6d
valid,24 hr Mutton,24_hr_Mutton_0016.jpg,valid/24 hr Mutton/24_hr_Mutton_0016.jpg,416461,9b57401f3e1887e0ca56287db1e75a42
valid,24 hr Mutton,24_hr_Mutton_0017.jpg,valid/24 hr Mutton/24_hr_Mutton_0017.jpg,432881,0e4810a000ac4b5ead823143c426e47b
valid,24 hr Mutton,24_hr_Mutton_0018.jpg,valid/24 hr Mutton/24_hr_Mutton_0018.jpg,489800,4f2491c73306942f497134c7ef0f0abf
valid,24 hr Mutton,24_hr_Mutton_0019.jpg,valid/24 hr Mutton/24_hr_Mutton_0019.jpg,481371,b4f404356c9ff0cedc198ec4fce6a375
valid,24 hr Mutton,24_hr_Mutton_0020.jpg,valid/24 hr Mutton/24_hr_Mutton_0020.jpg,488509,ec0af89e6da9f7a998a3eaabc01e2ecc
valid,24 hr Mutton,24_hr_Mutton_0021.jpg,valid/24 hr Mutton/24_hr_Mutton_0021.jpg,483678,3ebedc374a6ecbf83658f22f1bb910a4
valid,24 hr Mutton,24_hr_Mutton_0022.jpg,valid/24 hr Mutton/24_hr_Mutton_0022.jpg,483891,0dc30a7566d2d5d1c652cd6ddea9967e
valid,24 hr Mutton,24_hr_Mutton_0023.jpg,valid/24 hr Mutton/24_hr_Mutton_0023.jpg,411193,5dd149181f9c3d8c9e996bc997f76195
valid,24 hr Mutton,24_hr_Mutton_0024.jpg,valid/24 hr Mutton/24_hr_Mutton_0024.jpg,472407,fe315fb49dfe68c2c9cdff50d84d0d2a
valid,24 hr Mutton,24_hr_Mutton_0025.jpg,valid/24 hr Mutton/24_hr_Mutton_0025.jpg,480549,fe310b8967d1422d513a918b478c5139
valid,24 hr Mutton,24_hr_Mutton_0026.jpg,valid/24 hr Mutton/24_hr_Mutton_0026.jpg,506884,6c12eae4e9f651ef04ad3192c8356ede
valid,24 hr Mutton,24_hr_Mutton_0027.jpg,valid/24 hr Mutton/24_hr_Mutton_0027.jpg,528696,34d746d25192186534ee41978000a9c4
valid,24 hr Mutton,24_hr_Mutton_0028.jpg,valid/24 hr Mutton/24_hr_Mutton_0028.jpg,476151,7512115db8318b1f66cea10ac9027641
valid,24 hr Mutton,24_hr_Mutton_0029.jpg,valid/24 hr Mutton/24_hr_Mutton_0029.jpg,478957,795b2d5e38e5a4c852f61cc2f79dd145
valid,24 hr Mutton,24_hr_Mutton_0030.jpg,valid/24 hr Mutton/24_hr_Mutton_0030.jpg,403072,7edad0b57aab454bbc5eefd25576c51e
valid,24 hr Mutton,24_hr_Mutton_0031.jpg,valid/24 hr Mutton/24_hr_Mutton_0031.jpg,498594,7523a1dc3e43d27d01036b5a2a1c26aa
valid,36 hr Mutton,36_hr_Mutton_0000.jpg,valid/36 hr Mutton/36_hr_Mutton_0000.jpg,504632,cf6649313de87894439d43b9117efed9
valid,36 hr Mutton,36_hr_Mutton_0001.jpg,valid/36 hr Mutton/36_hr_Mutton_0001.jpg,475962,39b92b8d3ed29f553bd3a502f7ea18b1
valid,36 hr Mutton,36_hr_Mutton_0002.jpg,valid/36 hr Mutton/36_hr_Mutton_0002.jpg,542656,265c914fb54089dbd9214dc4be205888
valid,36 hr Mutton,36_hr_Mutton_0003.jpg,valid/36 hr Mutton/36_hr_Mutton_0003.jpg,609998,7dbb448b1b8f299bbe000306a8685f31
valid,36 hr Mutton,36_hr_Mutton_0004.jpg,valid/36 hr Mutton/36_hr_Mutton_0004.jpg,467810,7b000f416950a83e09afb2401ae43fa4
valid,36 hr Mutton,36_hr_Mutton_0005.jpg,valid/36 hr Mutton/36_hr_Mutton_0005.jpg,466249,b6d2620b1119c1296d48b3c78e77adec
valid,36 hr Mutton,36_hr_Mutton_0006.jpg,valid/36 hr Mutton/36_hr_Mutton_0006.jpg,585054,0c49201b818683500f895dd92043e27c
valid,36 hr Mutton,36_hr_Mutton_0007.jpg,valid/36 hr Mutton/36_hr_Mutton_0007.jpg,474880,5a2f56e9c42178a6e334a816b26eadad
valid,36 hr Mutton,36_hr_Mutton_0008.jpg,valid/36 hr Mutton/36_hr_Mutton_0008.jpg,498115,77661fb9dd4e499f166844704ff0936c
valid,36 hr Mutton,36_hr_Mutton_0009.jpg,valid/36 hr Mutton/36_hr_Mutton_0009.jpg,473912,b0bf6808ea34833ab8d9040ae783acbf
valid,36 hr Mutton,36_hr_Mutton_0010.jpg,valid/36 hr Mutton/36_hr_Mutton_0010.jpg,511131,bca7ae688c5fa29f857ecbce88a4fb2b
valid,36 hr Mutton,36_hr_Mutton_0011.jpg,valid/36 hr Mutton/36_hr_Mutton_0011.jpg,573813,005033f05cdb6a510a768f95eb7d5bff
valid,36 hr Mutton,36_hr_Mutton_0012.jpg,valid/36 hr Mutton/36_hr_Mutton_0012.jpg,607951,9461a0599317594a83fbc4588a98c9c4
valid,36 hr Mutton,36_hr_Mutton_0013.jpg,valid/36 hr Mutton/36_hr_Mutton_0013.jpg,554825,944bc53e40eff423e59870d7d7db74ec
valid,36 hr Mutton,36_hr_Mutton_0014.jpg,valid/36 hr Mutton/36_hr_Mutton_0014.jpg,503035,3ab8fb0bb3052977edcad82b22bf467b
valid,36 hr Mutton,36_hr_Mutton_0015.jpg,valid/36 hr Mutton/36_hr_Mutton_0015.jpg,529560,bedd25921fb32e99d74815b4d5dd932d
valid,36 hr Mutton,36_hr_Mutton_0016.jpg,valid/36 hr Mutton/36_hr_Mutton_0016.jpg,576830,74282f7838d6a935068d46ae7f1ee4c2
valid,36 hr Mutton,36_hr_Mutton_0017.jpg,valid/36 hr Mutton/36_hr_Mutton_0017.jpg,509864,b8da51c3a635b8e4509397ba61fc962e
valid,36 hr Mutton,36_hr_Mutton_0018.jpg,valid/36 hr Mutton/36_hr_Mutton_0018.jpg,532681,f4d421ece019dad138842a7f6328ab6c
valid,36 hr Mutton,36_hr_Mutton_0019.jpg,valid/36 hr Mutton/36_hr_Mutton_0019.jpg,534730,c28e7fb16eda7d80b9b008a6fbe0e351
valid,36 hr Mutton,36_hr_Mutton_0020.jpg,valid/36 hr Mutton/36_hr_Mutton_0020.jpg,453468,323b81e00ef84b89875cb8e96f259581
valid,36 hr Mutton,36_hr_Mutton_0021.jpg,valid/36 hr Mutton/36_hr_Mutton_0021.jpg,614673,2e00e09b599516ab204374579d71cfa7
valid,36+ hr Beef,36+_hr_Beef_0000.jpg,valid/36+ hr Beef/36+_hr_Beef_0000.jpg,544379,651e3f1f981d5f3506b5cd5a24cf479d
valid,36+ hr Beef,36+_hr_Beef_0001.jpg,valid/36+ hr Beef/36+_hr_Beef_0001.jpg,516184,b61a46a3b7f26aab8203663cfd329f2f
valid,36+ hr Beef,36+_hr_Beef_0002.jpg,valid/36+ hr Beef/36+_hr_Beef_0002.jpg,515907,d39b432a84d739e913717485a3b3282e
valid,36+ hr Beef,36+_hr_Beef_0003.jpg,valid/36+ hr Beef/36+_hr_Beef_0003.jpg,549967,b98f6cfd1afdc9ae81dd56a2d58058d0
valid,36+ hr Beef,36+_hr_Beef_0004.jpg,valid/36+ hr Beef/36+_hr_Beef_0004.jpg,570938,a5051f2410fa096e329ed815b781bf9b
valid,36+ hr Beef,36+_hr_Beef_0005.jpg,valid/36+ hr Beef/36+_hr_Beef_0005.jpg,563268,d730a4dc6d94e6a7ee08b93337db0e5e
valid,36+ hr Beef,36+_hr_Beef_0006.jpg,valid/36+ hr Beef/36+_hr_Beef_0006.jpg,486982,ef928ede7c328f6de3267fff7559cc9d
valid,36+ hr Beef,36+_hr_Beef_0007.jpg,valid/36+ hr Beef/36+_hr_Beef_0007.jpg,566803,d6bbfda7ac5d64ebad1c8407d9dc520a
valid,36+ hr Beef,36+_hr_Beef_0008.jpg,valid/36+ hr Beef/36+_hr_Beef_0008.jpg,498144,64b8424755ca0d284879ff77df62b587
valid,36+ hr Beef,36+_hr_Beef_0009.jpg,valid/36+ hr Beef/36+_hr_Beef_0009.jpg,548928,2a704f0951694578f7e7987a5ca90c8b
valid,36+ hr Beef,36+_hr_Beef_0010.jpg,valid/36+ hr Beef/36+_hr_Beef_0010.jpg,549441,2a5851631559e993b0e07eef6ab5002e
valid,36+ hr Beef,36+_hr_Beef_0011.jpg,valid/36+ hr Beef/36+_hr_Beef_0011.jpg,565939,2bd582439c6b4689734d17b6a8c0db8a
valid,36+ hr Beef,36+_hr_Beef_0012.jpg,valid/36+ hr Beef/36+_hr_Beef_0012.jpg,558016,f272f7feec8c99a0f481405316b64498
valid,36+ hr Beef,36+_hr_Beef_0013.jpg,valid/36+ hr Beef/36+_hr_Beef_0013.jpg,573333,6abbf8452c2b767e90f02bf8473f6330
valid,36+ hr Beef,36+_hr_Beef_0014.jpg,valid/36+ hr Beef/36+_hr_Beef_0014.jpg,574271,20281a2b11f34a279ac866c987439e0e
valid,36+ hr Beef,36+_hr_Beef_0015.jpg,valid/36+ hr Beef/36+_hr_Beef_0015.jpg,541999,be0561b65559ce7281632969cb012515
valid,36+ hr Beef,36+_hr_Beef_0016.jpg,valid/36+ hr Beef/36+_hr_Beef_0016.jpg,635901,144cc5b733e5d1e76993a69859d35cd5
valid,36+ hr Beef,36+_hr_Beef_0017.jpg,valid/36+ hr Beef/36+_hr_Beef_0017.jpg,569021,92e517afa8823e0d41ac6ac17b258c20
valid,36+ hr Beef,36+_hr_Beef_0018.jpg,valid/36+ hr Beef/36+_hr_Beef_0018.jpg,555663,d88875df2df73c62e7dce4acce0b615d
valid,36+ hr Beef,36+_hr_Beef_0019.jpg,valid/36+ hr Beef/36+_hr_Beef_0019.jpg,486732,93a83a75939a2cafcd18cbe13ff1a51e
valid,36+ hr Beef,36+_hr_Beef_0020.jpg,valid/36+ hr Beef/36+_hr_Beef_0020.jpg,593497,3c5e492b6ca7a5e179cb1fa38a385969
valid,36+ hr Beef,36+_hr_Beef_0021.jpg,valid/36+ hr Beef/36+_hr_Beef_0021.jpg,524095,0631a502f85eb80cc825f3110978162d
valid,36+ hr Beef,36+_hr_Beef_0022.jpg,valid/36+ hr Beef/36+_hr_Beef_0022.jpg,555103,b201970205ee28247fcb67c10d5c44db
valid,36+ hr Beef,36+_hr_Beef_0023.jpg,valid/36+ hr Beef/36+_hr_Beef_0023.jpg,509264,1de6b6e39b2fae4cc59514dde604a691
valid,36+ hr Beef,36+_hr_Beef_0024.jpg,valid/36+ hr Beef/36+_hr_Beef_0024.jpg,591189,90d65fc3db08f1249c48e3806d3d99b5
valid,36+ hr Beef,36+_hr_Beef_0025.jpg,valid/36+ hr Beef/36+_hr_Beef_0025.jpg,514767,ae5e270c9fce2e222541c82a4f529f84
valid,36+ hr Beef,36+_hr_Beef_0026.jpg,valid/36+ hr Beef/36+_hr_Beef_0026.jpg,474074,975e55e87003df91149db3159eaac509
valid,36+ hr Beef,36+_hr_Beef_0027.jpg,valid/36+ hr Beef/36+_hr_Beef_0027.jpg,560465,fb78ef2aacbe53a0ec82de9e8006aa16
valid,36+ hr Beef,36+_hr_Beef_0028.jpg,valid/36+ hr Beef/36+_hr_Beef_0028.jpg,554736,fa33bb40644e5f7e35bc71950a517562
valid,36+ hr Beef,36+_hr_Beef_0029.jpg,valid/36+ hr Beef/36+_hr_Beef_0029.jpg,557360,0488304d212417970896d040a1ce5823
valid,36+ hr Beef,36+_hr_Beef_0030.jpg,valid/36+ hr Beef/36+_hr_Beef_0030.jpg,499167,f5312174d80810a481eca1b15bf1cef9
valid,36+ hr Beef,36+_hr_Beef_0031.jpg,valid/36+ hr Beef/36+_hr_Beef_0031.jpg,561039,279d84e7687329670eace96b5f8dad0e
valid,36+ hr Beef,36+_hr_Beef_0032.jpg,valid/36+ hr Beef/36+_hr_Beef_0032.jpg,559429,a3e42a6744f44f1d8c57f5cf7454d582
valid,36+ hr Beef,36+_hr_Beef_0033.jpg,valid/36+ hr Beef/36+_hr_Beef_0033.jpg,536323,23b679dfd5a7aa7ea1560cf2c3951b93
valid,48 hr Mutton,48_hr_Mutton_0000.jpg,valid/48 hr Mutton/48_hr_Mutton_0000.jpg,470690,3ad07b4c30ba6f11957364bc116ac4b9
valid,48 hr Mutton,48_hr_Mutton_0001.jpg,valid/48 hr Mutton/48_hr_Mutton_0001.jpg,483132,a192ae79a239076a7b9454f4a9e88f49
valid,48 hr Mutton,48_hr_Mutton_0002.jpg,valid/48 hr Mutton/48_hr_Mutton_0002.jpg,364898,7342e694e88671a43a4885b42f618784
valid,48 hr Mutton,48_hr_Mutton_0003.jpg,valid/48 hr Mutton/48_hr_Mutton_0003.jpg,468684,31e33ef4f47b91f5bd63880cea91450b
valid,48 hr Mutton,48_hr_Mutton_0004.jpg,valid/48 hr Mutton/48_hr_Mutton_0004.jpg,460371,914a9f730ed9b72a1d35cdeb6621b760
valid,48 hr Mutton,48_hr_Mutton_0005.jpg,valid/48 hr Mutton/48_hr_Mutton_0005.jpg,418799,c522a1d234cb17d212281c8c1a267ee6
valid,48 hr Mutton,48_hr_Mutton_0006.jpg,valid/48 hr Mutton/48_hr_Mutton_0006.jpg,470322,1fe7b70b0918cc5c8bfd8405d139f0da
valid,48 hr Mutton,48_hr_Mutton_0007.jpg,valid/48 hr Mutton/48_hr_Mutton_0007.jpg,488523,d18845cc65f5874ded3d8c02e908d59b
valid,48 hr Mutton,48_hr_Mutton_0008.jpg,valid/48 hr Mutton/48_hr_Mutton_0008.jpg,442444,e91324f6d134f99706b9ce25ef24d170
valid,48 hr Mutton,48_hr_Mutton_0009.jpg,valid/48 hr Mutton/48_hr_Mutton_0009.jpg,499902,d6c133435218f620018d0baf88178a91
valid,48 hr Mutton,48_hr_Mutton_0010.jpg,valid/48 hr Mutton/48_hr_Mutton_0010.jpg,467364,64c805bbe7b833657dad0f7df988892b
valid,48 hr Mutton,48_hr_Mutton_0011.jpg,valid/48 hr Mutton/48_hr_Mutton_0011.jpg,536162,764357dd58836119915f8b64909409bc
valid,48 hr Mutton,48_hr_Mutton_0012.jpg,valid/48 hr Mutton/48_hr_Mutton_0012.jpg,490862,204819cb54bac2ada3c22ede6af80d84
valid,48 hr Mutton,48_hr_Mutton_0013.jpg,valid/48 hr Mutton/48_hr_Mutton_0013.jpg,438981,65c04aa86a8fecc0383e2c2800dddd24
valid,48 hr Mutton,48_hr_Mutton_0014.jpg,valid/48 hr Mutton/48_hr_Mutton_0014.jpg,541642,2dca76e8951e808fde2e42ab6a2db7b0
valid,48 hr Mutton,48_hr_Mutton_0015.jpg,valid/48 hr Mutton/48_hr_Mutton_0015.jpg,451255,ad7ce1ddc748f80ec24c0ebb5dc38e11
valid,48 hr Mutton,48_hr_Mutton_0016.jpg,valid/48 hr Mutton/48_hr_Mutton_0016.jpg,501021,656523a7263932d53be4ae8e25e933cc
valid,48 hr Mutton,48_hr_Mutton_0017.jpg,valid/48 hr Mutton/48_hr_Mutton_0017.jpg,415563,ccc7d382f15631ae20c0112ec4246448
valid,48 hr Mutton,48_hr_Mutton_0018.jpg,valid/48 hr Mutton/48_hr_Mutton_0018.jpg,547855,80f7f40b6d24e6861639a7e2c51077da
valid,48 hr Mutton,48_hr_Mutton_0019.jpg,valid/48 hr Mutton/48_hr_Mutton_0019.jpg,598567,80afdb971ca266bacd012ace77878a54
valid,48 hr Mutton,48_hr_Mutton_0020.jpg,valid/48 hr Mutton/48_hr_Mutton_0020.jpg,519765,941892749f4d2c0f0da5b9c0fa627264
valid,48 hr Mutton,48_hr_Mutton_0021.jpg,valid/48 hr Mutton/48_hr_Mutton_0021.jpg,444895,12bf8f1688fb7b7b72e0420786448973
valid,48 hr Mutton,48_hr_Mutton_0022.jpg,valid/48 hr Mutton/48_hr_Mutton_0022.jpg,601885,e2b7a89999c3140301d837f6f5fb1ee7
valid,48 hr Mutton,48_hr_Mutton_0023.jpg,valid/48 hr Mutton/48_hr_Mutton_0023.jpg,532746,5ff4878b8a1b5fc35072c5fd401aa5d2
valid,48 hr Mutton,48_hr_Mutton_0024.jpg,valid/48 hr Mutton/48_hr_Mutton_0024.jpg,507101,3bd7f97b1423dbefea0345f6c7635dd0
valid,48 hr Mutton,48_hr_Mutton_0025.jpg,valid/48 hr Mutton/48_hr_Mutton_0025.jpg,420715,918e5ed715cac91f274d225771b07454
valid,48 hr Mutton,48_hr_Mutton_0026.jpg,valid/48 hr Mutton/48_hr_Mutton_0026.jpg,501295,4850c8a0ab28548e1def8c6336a99059
valid,48 hr Mutton,48_hr_Mutton_0027.jpg,valid/48 hr Mutton/48_hr_Mutton_0027.jpg,484808,c8ecc8882e93e06f795f00c48a35779d
valid,48 hr Mutton,48_hr_Mutton_0028.jpg,valid/48 hr Mutton/48_hr_Mutton_0028.jpg,421518,f30767176577ac2f3b453505f1034f95
valid,48 hr Mutton,48_hr_Mutton_0029.jpg,valid/48 hr Mutton/48_hr_Mutton_0029.jpg,488375,0f1e364f7d61a6725dbbedafb8d660b7
valid,48 hr Mutton,48_hr_Mutton_0030.jpg,valid/48 hr Mutton/48_hr_Mutton_0030.jpg,450609,4dd4a14f1be3e07ab7dca1be5ffd5168
valid,48 hr Mutton,48_hr_Mutton_0031.jpg,valid/48 hr Mutton/48_hr_Mutton_0031.jpg,606398,47eedf6439a9c2faf2d853b6e7d11107
